barcode,cell_type
AAACATACAACCAC-1,CD4 T cell
AAACATTGAGCTAC-1,B cell
AAACATTGATCAGC-1,CD4 T cell
AAACCGTGCTTCCG-1,FCGR3A+ monocyte
AAACCGTGTATGCG-1,NK cell
AAACGCACTGGTAC-1,CD4 T cell
AAACGCTGACCAGT-1,CD8 T cell
AAACGCTGGTTCTT-1,CD8 T cell
AAACGCTGTAGCCA-1,CD8 T cell
AAACGCTGTTTCTG-1,FCGR3A+ monocyte
AAACTTGAAAAACG-1,B cell
AAACTTGATCCAGA-1,Naive CD4 T cell
AAAGAGACGAGATA-1,CD4 T cell
AAAGAGACGCGAGA-1,CD14 monocyte
AAAGAGACGGACTT-1,CD8 T cell
AAAGAGACGGCATT-1,Naive CD4 T cell
AAAGATCTGGGCAA-1,CD14 monocyte
AAAGCAGAAGCCAT-1,CD8 T cell
AAAGCAGATATCGG-1,CD14 monocyte
AAAGCCTGTATGCG-1,CD4 T cell
AAAGGCCTGTCTAG-1,B cell
AAAGTTTGATCACG-1,B cell
AAAGTTTGGGGTGA-1,B cell
AAAGTTTGTAGAGA-1,Naive CD4 T cell
AAAGTTTGTAGCGT-1,CD14 monocyte
AAATCAACAATGCC-1,B cell
AAATCAACACCAGT-1,Naive CD4 T cell
AAATCAACCAGGAG-1,CD4 T cell
AAATCAACCCTATT-1,FCGR3A+ monocyte
AAATCAACGGAAGC-1,Naive CD4 T cell
AAATCAACTCGCAA-1,CD4 T cell
AAATCATGACCACA-1,FCGR3A+ monocyte
AAATCCCTCCACAA-1,CD8 T cell
AAATCCCTGCTATG-1,B cell
AAATGTTGAACGAA-1,CD14 monocyte
AAATGTTGCCACAA-1,CD4 T cell
AAATGTTGTGGCAT-1,CD14 monocyte
AAATTCGAAGGTTC-1,CD8 T cell
AAATTCGAATCACG-1,CD14 monocyte
AAATTCGAGCTGAT-1,FCGR3A+ monocyte
AAATTCGAGGAGTG-1,Naive CD4 T cell
AAATTCGATTCTCA-1,CD8 T cell
AAATTGACACGACT-1,CD8 T cell
AAATTGACTCGCTC-1,CD4 T cell
AACAAACTCATTTC-1,CD4 T cell
AACAAACTTTCGTT-1,CD4 T cell
AACAATACGACGAG-1,CD4 T cell
AACACGTGCAGAGG-1,CD4 T cell
AACACGTGGAAAGT-1,Naive CD4 T cell
AACACGTGGAACCT-1,CD14 monocyte
AACACGTGGCTACA-1,Naive CD4 T cell
AACACGTGTACGAC-1,FCGR3A+ monocyte
AACAGCACAAGAGT-1,CD14 monocyte
AACATTGATGGGAG-1,FCGR3A+ monocyte
AACCAGTGATACCG-1,FCGR3A+ monocyte
AACCCAGATCGCTC-1,CD4 T cell
AACCGATGCTCCCA-1,CD4 T cell
AACCGATGGTCATG-1,B cell
AACCGATGTTCTAC-1,CD14 monocyte
AACCGCCTAGCGTT-1,CD4 T cell
AACCGCCTCTACGA-1,CD14 monocyte
AACCTACTGTGAGG-1,CD14 monocyte
AACCTACTGTGTTG-1,CD4 T cell
AACCTTACGAGACG-1,Naive CD4 T cell
AACCTTACGCGAGA-1,NK cell
AACCTTACTAACGC-1,FCGR3A+ monocyte
AACCTTTGGACGGA-1,CD4 T cell
AACCTTTGTACGCA-1,FCGR3A+ monocyte
AACGCAACAAGTAG-1,CD4 T cell
AACGCATGACCCAA-1,Naive CD4 T cell
AACGCATGCCTTCG-1,CD4 T cell
AACGCATGTACTTC-1,CD4 T cell
AACGCCCTCGGGAA-1,CD4 T cell
AACGCCCTCGTACA-1,NK cell
AACGCCCTGCTTAG-1,B cell
AACGCCCTGGCATT-1,CD4 T cell
AACGTCGAGTATCG-1,NK cell
AACGTGTGAAAGCA-1,CD4 T cell
AACGTGTGGCGGAA-1,B cell
AACGTGTGTCCAAG-1,CD4 T cell
AACGTGTGTGCTTT-1,CD4 T cell
AACTACCTTAGAGA-1,CD4 T cell
AACTCACTCAAGCT-1,CD14 monocyte
AACTCACTTGGAGG-1,CD14 monocyte
AACTCGGAAAGTGA-1,CD8 T cell
AACTCGGAAGGTCT-1,CD14 monocyte
AACTCTTGCAGGAG-1,CD4 T cell
AACTGTCTCCCTTG-1,CD14 monocyte
AACTTGCTACGCTA-1,B cell
AACTTGCTGGGACA-1,CD4 T cell
AAGAACGAGTGTTG-1,Naive CD4 T cell
AAGAAGACGTAGGG-1,B cell
AAGACAGAAGTCTG-1,B cell
AAGACAGAGGATCT-1,CD4 T cell
AAGACAGATTACCT-1,CD14 monocyte
AAGAGATGGGTAGG-1,B cell
AAGATGGAAAACAG-1,B cell
AAGATGGAGAACTC-1,CD14 monocyte
AAGATGGAGATAAG-1,CD14 monocyte
AAGATTACAACCTG-1,Naive CD4 T cell
AAGATTACAGATCC-1,CD14 monocyte
AAGATTACCCGTTC-1,CD14 monocyte
AAGATTACCGCCTT-1,Dendritic cell
AAGATTACCTCAAG-1,NK cell
AAGATTACTCCTCG-1,CD14 monocyte
AAGCAAGAGCGAGA-1,CD4 T cell
AAGCAAGAGCTTAG-1,NK cell
AAGCAAGAGGTGTT-1,NK cell
AAGCACTGAGCAAA-1,B cell
AAGCACTGCATACG-1,CD8 T cell
AAGCACTGGTTCTT-1,B cell
AAGCCAACGTGTTG-1,Naive CD4 T cell
AAGCCATGAACTGC-1,Dendritic cell
AAGCCATGACACGT-1,CD14 monocyte
AAGCCATGCGTGAT-1,CD4 T cell
AAGCCATGTCTCGC-1,CD4 T cell
AAGCCTGACATGCA-1,CD4 T cell
AAGCCTGACCGAAT-1,CD14 monocyte
AAGCGACTCCTCAC-1,FCGR3A+ monocyte
AAGCGACTGTGTCA-1,Naive CD4 T cell
AAGCGACTTACAGC-1,B cell
AAGCGACTTTGACG-1,FCGR3A+ monocyte
AAGCGTACGTCTTT-1,Naive CD4 T cell
AAGGCTTGCGAACT-1,CD8 T cell
AAGGTCACGGTTAC-1,CD14 monocyte
AAGGTCACTGTTTC-1,B cell
AAGGTCACTTCCCG-1,CD8 T cell
AAGGTCTGACAGTC-1,CD4 T cell
AAGGTCTGCAGATC-1,Naive CD4 T cell
AAGGTCTGGTATGC-1,CD14 monocyte
AAGTAACTCTGAAC-1,CD14 monocyte
AAGTAACTGAGATA-1,B cell
AAGTAGGATACAGC-1,NK cell
AAGTATACCGAACT-1,CD4 T cell
AAGTCCGACTTGTT-1,Naive CD4 T cell
AAGTCCGATAGAAG-1,CD4 T cell
AAGTCTCTAGTCGT-1,Naive CD4 T cell
AAGTCTCTCGGAGA-1,CD8 T cell
AAGTGGCTTGGAGG-1,B cell
AAGTTCCTCATTCT-1,FCGR3A+ monocyte
AAGTTCCTTCTTAC-1,CD4 T cell
AATAAGCTCGAATC-1,CD4 T cell
AATAAGCTCGTTGA-1,Naive CD4 T cell
AATACCCTGGACGA-1,B cell
AATACCCTGGCATT-1,CD4 T cell
AATACTGAAAGGGC-1,CD8 T cell
AATACTGAATTGGC-1,NK cell
AATAGGGAACCCTC-1,B cell
AATAGGGAGAATGA-1,CD8 T cell
AATCAAACTATCGG-1,CD8 T cell
AATCCGGAATGCTG-1,B cell
AATCCTACCGGTAT-1,CD4 T cell
AATCCTTGACGGGA-1,CD14 monocyte
AATCCTTGGTGAGG-1,NK cell
AATCGGTGGAACTC-1,CD8 T cell
AATCGGTGTGCTTT-1,CD4 T cell
AATCTAGAAAAGTG-1,CD4 T cell
AATCTAGAATCGGT-1,CD4 T cell
AATCTCACAGCCTA-1,CD14 monocyte
AATCTCACTCTAGG-1,CD4 T cell
AATCTCTGAACAGA-1,Naive CD4 T cell
AATCTCTGCTTTAC-1,NK cell
AATGATACACCAAC-1,NK cell
AATGATACGGTCAT-1,CD14 monocyte
AATGCGTGACACCA-1,B cell
AATGCGTGGACGGA-1,Dendritic cell
AATGCGTGGCTATG-1,B cell
AATGGAGAATCGTG-1,CD14 monocyte
AATGGAGATCCTTA-1,CD8 T cell
AATGGCTGACACCA-1,B cell
AATGGCTGCGTGAT-1,CD4 T cell
AATGGCTGTAAAGG-1,CD8 T cell
AATGGCTGTACTCT-1,CD8 T cell
AATGGCTGTGAAGA-1,CD4 T cell
AATGTAACGGTGGA-1,CD4 T cell
AATGTAACGTTTGG-1,CD8 T cell
AATGTCCTCTTCTA-1,CD4 T cell
AATGTTGACAGTCA-1,CD4 T cell
AATGTTGAGTTGAC-1,CD14 monocyte
AATGTTGATCTACT-1,CD4 T cell
AATTACGAATTCCT-1,Dendritic cell
AATTACGACTTCTA-1,CD4 T cell
AATTACGAGTAGCT-1,CD8 T cell
AATTACGAGTGAGG-1,CD4 T cell
AATTACGATTGGCA-1,B cell
AATTCCTGCTCAGA-1,B cell
AATTGATGTCGCAA-1,FCGR3A+ monocyte
AATTGTGACTTGGA-1,B cell
ACAAAGGAGGGTGA-1,Naive CD4 T cell
ACAAATTGATTCTC-1,FCGR3A+ monocyte
ACAAATTGCTCAGA-1,CD14 monocyte
ACAAATTGTTGCGA-1,NK cell
ACAACCGAGGGATG-1,CD8 T cell
ACAACCGAGTTACG-1,CD4 T cell
ACAAGAGAAGTCGT-1,CD14 monocyte
ACAAGAGACTTATC-1,Naive CD4 T cell
ACAAGAGAGTTGAC-1,B cell
ACAATCCTAACCGT-1,CD4 T cell
ACAATCCTTAGCGT-1,B cell
ACAATTGACTGACA-1,CD8 T cell
ACAATTGATGACTG-1,NK cell
ACACAGACACCTGA-1,CD14 monocyte
ACACAGACCATACG-1,CD8 T cell
ACACCAGAGGGCAA-1,CD8 T cell
ACACCCTGGTGTTG-1,NK cell
ACACGAACAGTTCG-1,CD4 T cell
ACACGATGACGCAT-1,CD8 T cell
ACACGATGATGTGC-1,CD14 monocyte
ACACGATGTCGTAG-1,CD8 T cell
ACACGATGTGGTCA-1,CD8 T cell
ACAGACACGGCATT-1,CD8 T cell
ACAGACACGTTGTG-1,CD4 T cell
ACAGCAACACCTAG-1,CD14 monocyte
ACAGCAACCTCAAG-1,FCGR3A+ monocyte
ACAGGTACCCCACT-1,CD4 T cell
ACAGGTACGCTGTA-1,CD8 T cell
ACAGGTACTGGTGT-1,NK cell
ACAGTCGACCCAAA-1,CD8 T cell
ACAGTCGACCGATA-1,CD8 T cell
ACAGTGACTCACCC-1,CD8 T cell
ACAGTGACTCTATC-1,CD8 T cell
ACAGTGTGGTCACA-1,Naive CD4 T cell
ACAGTGTGTTGCGA-1,CD14 monocyte
ACATCACTCTACTT-1,CD14 monocyte
ACATGGTGAAGCCT-1,CD4 T cell
ACATGGTGCAACCA-1,B cell
ACATGGTGCGAGTT-1,CD4 T cell
ACATGGTGCGTTGA-1,CD8 T cell
ACATTCTGGCATAC-1,CD4 T cell
ACATTCTGGGAACG-1,CD14 monocyte
ACCAACGACATGCA-1,Naive CD4 T cell
ACCACAGAAAGTAG-1,Naive CD4 T cell
ACCACAGAGTTGGT-1,CD4 T cell
ACCACCTGTGTGCA-1,Naive CD4 T cell
ACCACGCTACAGCT-1,CD4 T cell
ACCACGCTACCCAA-1,CD8 T cell
ACCACGCTGCGAGA-1,CD4 T cell
ACCACGCTGCTGTA-1,CD4 T cell
ACCAGCCTGACAGG-1,CD4 T cell
ACCAGTGAACGGTT-1,B cell
ACCAGTGAATACCG-1,FCGR3A+ monocyte
ACCAGTGAGGGATG-1,Naive CD4 T cell
ACCAGTGATGACTG-1,CD14 monocyte
ACCATTACCTTCTA-1,CD4 T cell
ACCATTACGAGATA-1,CD4 T cell
ACCATTTGTCATTC-1,CD4 T cell
ACCCAAGAACTGTG-1,NK cell
ACCCAAGAATTCCT-1,FCGR3A+ monocyte
ACCCAAGAGGACAG-1,CD4 T cell
ACCCAAGATTCACT-1,B cell
ACCCACTGCGCCTT-1,CD14 monocyte
ACCCACTGGACAGG-1,Naive CD4 T cell
ACCCACTGGTTCAG-1,FCGR3A+ monocyte
ACCCACTGTCGTAG-1,CD14 monocyte
ACCCAGCTCAGAAA-1,CD4 T cell
ACCCAGCTGTTAGC-1,CD14 monocyte
ACCCAGCTTGCTTT-1,CD4 T cell
ACCCGTTGATGACC-1,B cell
ACCCGTTGCTGCAA-1,CD4 T cell
ACCCGTTGCTTCTA-1,Dendritic cell
ACCCTCGACCTATT-1,CD4 T cell
ACCCTCGACGGTAT-1,B cell
ACCCTCGATAAGGA-1,CD14 monocyte
ACCCTCGATCAAGC-1,CD14 monocyte
ACCGTGCTACCAGT-1,CD4 T cell
ACCGTGCTGGAACG-1,B cell
ACCTATTGCTGAGT-1,B cell
ACCTATTGTGCCCT-1,FCGR3A+ monocyte
ACCTCCGAGTCCTC-1,CD4 T cell
ACCTCCGATATGCG-1,CD4 T cell
ACCTCCGATGCTGA-1,CD4 T cell
ACCTCGTGAACCAC-1,CD8 T cell
ACCTGAGATATCGG-1,FCGR3A+ monocyte
ACCTGGCTAAGTAG-1,NK cell
ACCTGGCTGTCTTT-1,CD14 monocyte
ACCTTTGACTCCCA-1,CD14 monocyte
ACCTTTGAGGAACG-1,CD14 monocyte
ACCTTTGAGGAAGC-1,FCGR3A+ monocyte
ACGAACACCTTGTT-1,CD8 T cell
ACGAACTGGCTATG-1,FCGR3A+ monocyte
ACGAAGCTCTCCAC-1,Naive CD4 T cell
ACGAAGCTCTGAGT-1,B cell
ACGACCCTATCTCT-1,FCGR3A+ monocyte
ACGACCCTGATGAA-1,CD8 T cell
ACGACCCTTGACAC-1,B cell
ACGACCCTTGACCA-1,Naive CD4 T cell
ACGAGGGACAGGAG-1,Dendritic cell
ACGAGGGACGAACT-1,CD4 T cell
ACGAGGGATGTAGC-1,CD4 T cell
ACGAGTACCCTAAG-1,B cell
ACGAGTACGAATCC-1,B cell
ACGATCGAGGACTT-1,CD8 T cell
ACGATCGAGTCACA-1,CD14 monocyte
ACGATGACAATGCC-1,CD4 T cell
ACGATGACTGGTCA-1,CD4 T cell
ACGATTCTACGGGA-1,CD8 T cell
ACGCAATGGTTCAG-1,NK cell
ACGCACCTGTTAGC-1,B cell
ACGCCACTGAACTC-1,CD14 monocyte
ACGCCGGAAACCAC-1,CD14 monocyte
ACGCCGGAAAGCCT-1,Naive CD4 T cell
ACGCCGGAAATGCC-1,CD4 T cell
ACGCCTTGCTCCCA-1,FCGR3A+ monocyte
ACGCGGTGGCGAGA-1,CD4 T cell
ACGCGGTGTGTGGT-1,B cell
ACGCGGTGTTTGCT-1,NK cell
ACGCTCACAGTACC-1,Naive CD4 T cell
ACGCTCACCCTTGC-1,CD4 T cell
ACGCTGCTGTTCTT-1,NK cell
ACGGAACTCAGATC-1,NK cell
ACGGAACTGTCGTA-1,FCGR3A+ monocyte
ACGGAGGACTCTTA-1,CD14 monocyte
ACGGATTGGGAGGT-1,B cell
ACGGATTGGTTAGC-1,CD4 T cell
ACGGCTCTGAGCAG-1,CD4 T cell
ACGGCTCTTGCACA-1,Naive CD4 T cell
ACGGTAACCGCTAA-1,CD4 T cell
ACGGTAACCTTCGC-1,CD8 T cell
ACGGTAACGGTGGA-1,Naive CD4 T cell
ACGGTAACTCGCAA-1,CD8 T cell
ACGGTATGAGTCGT-1,CD14 monocyte
ACGGTATGGGTATC-1,B cell
ACGGTATGGTTGTG-1,B cell
ACGGTCCTAACGGG-1,CD4 T cell
ACGGTCCTCGGGAA-1,CD4 T cell
ACGTAGACAACCAC-1,CD4 T cell
ACGTAGACTACAGC-1,B cell
ACGTCAGAAACGAA-1,CD4 T cell
ACGTCAGAGAGCTT-1,CD14 monocyte
ACGTCAGAGGGATG-1,CD4 T cell
ACGTCCTGATAAGG-1,CD14 monocyte
ACGTCCTGTGAACC-1,FCGR3A+ monocyte
ACGTCGCTCCTGAA-1,NK cell
ACGTCGCTCTATTC-1,CD14 monocyte
ACGTCGCTTCTCAT-1,B cell
ACGTGATGCCATGA-1,Dendritic cell
ACGTGATGGGTCTA-1,CD4 T cell
ACGTGATGTAACCG-1,FCGR3A+ monocyte
ACGTGATGTGACAC-1,NK cell
ACGTGCCTCCGTAA-1,CD4 T cell
ACGTGCCTTCTATC-1,CD8 T cell
ACGTTACTTTCCAT-1,CD4 T cell
ACGTTGGAAAAGCA-1,Naive CD4 T cell
ACGTTGGAAACCTG-1,CD8 T cell
ACGTTGGACCGTAA-1,CD14 monocyte
ACGTTGGAGCCAAT-1,NK cell
ACGTTGGATATGGC-1,B cell
ACGTTGGATCAGGT-1,CD14 monocyte
ACGTTTACATCAGC-1,CD4 T cell
ACTAAAACCCACAA-1,CD8 T cell
ACTAAAACTCGACA-1,CD14 monocyte
ACTACGGAATTTCC-1,CD4 T cell
ACTACGGACCTATT-1,Naive CD4 T cell
ACTACGGATCGCTC-1,CD4 T cell
ACTACTACTAAGGA-1,Naive CD4 T cell
ACTAGGTGGAACCT-1,CD8 T cell
ACTAGGTGGAACTC-1,CD4 T cell
ACTATCACCTTGGA-1,CD8 T cell
ACTATCACTGCCAA-1,Naive CD4 T cell
ACTCAGGACTGAAC-1,CD4 T cell
ACTCAGGATCTATC-1,B cell
ACTCAGGATTCGTT-1,CD14 monocyte
ACTCCTCTCAACTG-1,CD4 T cell
ACTCGCACGAAAGT-1,CD14 monocyte
ACTCGCACTACGAC-1,CD14 monocyte
ACTCTCCTGACACT-1,Naive CD4 T cell
ACTCTCCTGCATAC-1,CD4 T cell
ACTCTCCTGTTTGG-1,CD4 T cell
ACTGAGACAACCAC-1,CD8 T cell
ACTGAGACCCATAG-1,FCGR3A+ monocyte
ACTGAGACGTTGGT-1,B cell
ACTGCCACACACGT-1,CD8 T cell
ACTGCCACTCCGTC-1,NK cell
ACTGGCCTTCAGTG-1,NK cell
ACTGTGGACGTGTA-1,CD8 T cell
ACTGTGGATCTAGG-1,B cell
ACTGTTACCCACAA-1,CD14 monocyte
ACTGTTACTGCAGT-1,Naive CD4 T cell
ACTTAAGAACCACA-1,Naive CD4 T cell
ACTTAAGACCACAA-1,Naive CD4 T cell
ACTTAAGATTACTC-1,Dendritic cell
ACTTAGCTGCGTAT-1,FCGR3A+ monocyte
ACTTAGCTGGGAGT-1,CD4 T cell
ACTTCAACAAGCAA-1,CD8 T cell
ACTTCAACGTAGGG-1,NK cell
ACTTCCCTTTCCGC-1,CD4 T cell
ACTTCTGACATGCA-1,B cell
ACTTGACTCCACAA-1,B cell
ACTTGGGAGAAAGT-1,CD14 monocyte
ACTTGGGAGGTTTG-1,CD4 T cell
ACTTGGGATGTGAC-1,FCGR3A+ monocyte
ACTTGGGATTGACG-1,CD14 monocyte
ACTTGTACCCGAAT-1,CD4 T cell
ACTTGTACCTGTCC-1,Naive CD4 T cell
ACTTTGTGCGATAC-1,CD8 T cell
ACTTTGTGGAAAGT-1,CD4 T cell
ACTTTGTGGATAGA-1,CD14 monocyte
AGAAACGAAAGTAG-1,B cell
AGAAAGTGCGCAAT-1,CD4 T cell
AGAAAGTGGGGATG-1,CD14 monocyte
AGAACAGAAATGCC-1,NK cell
AGAACAGACGACTA-1,B cell
AGAACAGAGACAAA-1,CD4 T cell
AGAACGCTTTGCTT-1,CD4 T cell
AGAAGATGTGACTG-1,CD4 T cell
AGAATGGAAGAAGT-1,CD8 T cell
AGAATTTGTAACCG-1,CD4 T cell
AGAATTTGTAGAGA-1,Naive CD4 T cell
AGACACACTGTAGC-1,Naive CD4 T cell
AGACACTGTCAAGC-1,CD14 monocyte
AGACCTGAAGTAGA-1,CD14 monocyte
AGACCTGACCAACA-1,CD4 T cell
AGACCTGAGGAAGC-1,CD8 T cell
AGACGTACAGAGGC-1,CD4 T cell
AGACGTACCCCTAC-1,B cell
AGACGTACCTCTTA-1,CD14 monocyte
AGACGTACTCGTGA-1,FCGR3A+ monocyte
AGACTGACCATCAG-1,CD8 T cell
AGACTGACCCTTTA-1,CD4 T cell
AGACTTCTCATGCA-1,B cell
AGAGATGACAGTCA-1,B cell
AGAGATGACTGAAC-1,CD4 T cell
AGAGATGAGGTTTG-1,CD14 monocyte
AGAGATGATCTCGC-1,B cell
AGAGATGATTGTGG-1,CD4 T cell
AGAGCGGAGGCAAG-1,CD14 monocyte
AGAGGTCTACAGCT-1,NK cell
AGAGTCTGGTCGTA-1,FCGR3A+ monocyte
AGAGTGCTCAGCTA-1,CD4 T cell
AGAGTGCTCGAATC-1,CD4 T cell
AGAGTGCTGTCATG-1,CD4 T cell
AGAGTGCTGTCCTC-1,CD8 T cell
AGAGTGCTGTGTTG-1,B cell
AGATATACCCGTAA-1,NK cell
AGATATACGATGAA-1,CD4 T cell
AGATATACTGTTCT-1,B cell
AGATATTGCCTACC-1,CD8 T cell
AGATATTGGCCAAT-1,CD14 monocyte
AGATCGTGTCTGGA-1,CD14 monocyte
AGATCGTGTTTGTC-1,B cell
AGATCTCTATCACG-1,B cell
AGATTAACGTTCTT-1,FCGR3A+ monocyte
AGATTCCTATCGTG-1,CD4 T cell
AGATTCCTCACTTT-1,CD14 monocyte
AGATTCCTGACGAG-1,CD14 monocyte
AGATTCCTGTTCAG-1,NK cell
AGCAAAGATATGCG-1,Naive CD4 T cell
AGCACAACAGTCTG-1,Naive CD4 T cell
AGCACTGAGGGAGT-1,CD4 T cell
AGCACTGATATGCG-1,CD4 T cell
AGCACTGATGCTTT-1,Dendritic cell
AGCACTGATTGCGA-1,Naive CD4 T cell
AGCATCGAAGATCC-1,CD4 T cell
AGCATCGAAGGGTG-1,B cell
AGCATCGAGCTTCC-1,CD14 monocyte
AGCATCGAGTGAGG-1,CD4 T cell
AGCATCGATAACCG-1,CD14 monocyte
AGCATGACGATGAA-1,CD8 T cell
AGCCAATGGGGAGT-1,FCGR3A+ monocyte
AGCCAATGTATCTC-1,CD4 T cell
AGCCACCTGGATCT-1,CD8 T cell
AGCCGGTGCCAATG-1,CD4 T cell
AGCCGGTGTGTTTC-1,Naive CD4 T cell
AGCCGTCTCAATCG-1,Naive CD4 T cell
AGCCGTCTGAGAGC-1,CD4 T cell
AGCCTCACGTTCGA-1,CD4 T cell
AGCCTCACTGTCAG-1,FCGR3A+ monocyte
AGCCTCTGCAGTTG-1,B cell
AGCCTCTGCCAATG-1,NK cell
AGCGAACTGGATCT-1,CD4 T cell
AGCGAACTTACTGG-1,CD4 T cell
AGCGATACGGAGCA-1,Naive CD4 T cell
AGCGATTGAGATCC-1,NK cell
AGCGCCGAATCTCT-1,CD4 T cell
AGCGCCGACAGAGG-1,CD4 T cell
AGCGCTCTACCTTT-1,Naive CD4 T cell
AGCGGCACCGGGAA-1,Naive CD4 T cell
AGCGGCTGATGTGC-1,CD4 T cell
AGCGGGCTTGCCAA-1,CD4 T cell
AGCGTAACATGCTG-1,CD4 T cell
AGCGTAACTGAGAA-1,CD14 monocyte
AGCTCGCTACTGGT-1,Naive CD4 T cell
AGCTCGCTCTGCTC-1,CD4 T cell
AGCTGAACCATACG-1,FCGR3A+ monocyte
AGCTGAACCTCTCG-1,Naive CD4 T cell
AGCTGCCTTGGGAG-1,CD14 monocyte
AGCTGCCTTTCATC-1,CD4 T cell
AGCTGCCTTTCTGT-1,CD4 T cell
AGCTGTGATCCAAG-1,Naive CD4 T cell
AGCTTTACAAGTAG-1,Naive CD4 T cell
AGCTTTACACCAAC-1,CD8 T cell
AGCTTTACTCTCAT-1,B cell
AGGAAATGAGGAGC-1,CD8 T cell
AGGAACCTCTTAGG-1,FCGR3A+ monocyte
AGGAACCTTGCCTC-1,CD8 T cell
AGGAATGATAACGC-1,CD4 T cell
AGGAATGATTTGTC-1,CD4 T cell
AGGAGTCTGGTTTG-1,CD4 T cell
AGGAGTCTTGTCAG-1,Naive CD4 T cell
AGGATAGACATTTC-1,CD4 T cell
AGGATAGAGGATTC-1,NK cell
AGGATGCTACTAGC-1,B cell
AGGATGCTTTAGGC-1,NK cell
AGGCAACTGAAGGC-1,CD4 T cell
AGGCAGGAGTACCA-1,CD8 T cell
AGGCCTCTAGTCGT-1,CD4 T cell
AGGCCTCTCGGAGA-1,CD4 T cell
AGGCCTCTCGTAAC-1,Naive CD4 T cell
AGGGACGACGTTGA-1,Naive CD4 T cell
AGGGACGAGTCAAC-1,NK cell
AGGGACGAGTTGTG-1,CD4 T cell
AGGGACGATAGAGA-1,CD8 T cell
AGGGACGATGCATG-1,CD8 T cell
AGGGAGTGAGCCTA-1,CD4 T cell
AGGGCCACCATACG-1,CD4 T cell
AGGGCGCTAACCAC-1,CD14 monocyte
AGGGCGCTATGGTC-1,CD4 T cell
AGGGTGGACAGTCA-1,B cell
AGGGTGGACTCAAG-1,CD14 monocyte
AGGGTGGAGTTGCA-1,CD8 T cell
AGGGTTTGTTCATC-1,CD14 monocyte
AGGTCATGAGTGTC-1,B cell
AGGTCATGCTTATC-1,CD8 T cell
AGGTCTGATTCTCA-1,FCGR3A+ monocyte
AGGTGGGAAGAATG-1,CD4 T cell
AGGTGGGAAGTTCG-1,Naive CD4 T cell
AGGTGTTGGTTACG-1,B cell
AGGTTCGAACCTCC-1,CD14 monocyte
AGGTTCGAACGTAC-1,CD14 monocyte
AGGTTCGAGGGTGA-1,Naive CD4 T cell
AGTAAGGAGTTTGG-1,CD4 T cell
AGTAAGGATTCTTG-1,CD4 T cell
AGTAATACATCACG-1,CD8 T cell
AGTAATACCGAACT-1,B cell
AGTAATTGTCCCAC-1,CD4 T cell
AGTACGTGAGGGTG-1,Naive CD4 T cell
AGTACGTGCTGCAA-1,CD4 T cell
AGTACGTGCTTGGA-1,CD4 T cell
AGTACTCTACGTGT-1,B cell
AGTACTCTCAACCA-1,CD8 T cell
AGTACTCTCGGTAT-1,CD4 T cell
AGTAGGCTTGCCTC-1,FCGR3A+ monocyte
AGTATAACTTGTCT-1,FCGR3A+ monocyte
AGTATCCTAGAACA-1,CD4 T cell
AGTCACGATGAGCT-1,NK cell
AGTCAGACGAATAG-1,CD4 T cell
AGTCAGACGCTTAG-1,CD4 T cell
AGTCAGACTAGAGA-1,CD8 T cell
AGTCAGACTGCACA-1,CD4 T cell
AGTCCAGATATCTC-1,Naive CD4 T cell
AGTCCAGATTTCAC-1,CD4 T cell
AGTCGAACCAACCA-1,Naive CD4 T cell
AGTCGCCTCCGTAA-1,CD4 T cell
AGTCTACTAGGGTG-1,CD14 monocyte
AGTCTACTTGCATG-1,FCGR3A+ monocyte
AGTCTTACACCACA-1,Naive CD4 T cell
AGTCTTACTTCGCC-1,CD8 T cell
AGTCTTACTTCGGA-1,FCGR3A+ monocyte
AGTGACTGCAACTG-1,FCGR3A+ monocyte
AGTGTTCTAACCTG-1,CD4 T cell
AGTGTTCTATAAGG-1,CD4 T cell
AGTGTTCTCACTTT-1,CD14 monocyte
AGTTAAACCACTTT-1,CD4 T cell
AGTTATGAACAGTC-1,CD14 monocyte
AGTTATGACTGAGT-1,CD4 T cell
AGTTATGAGTTCAG-1,CD4 T cell
AGTTCTACCAGCTA-1,CD14 monocyte
AGTTCTTGAAGCCT-1,CD8 T cell
AGTTGTCTACTACG-1,Naive CD4 T cell
AGTTTAGATGGTCA-1,Naive CD4 T cell
AGTTTCACGGTCTA-1,CD8 T cell
AGTTTGCTACAGTC-1,CD4 T cell
AGTTTGCTACTGGT-1,CD8 T cell
AGTTTGCTCCAAGT-1,Naive CD4 T cell
ATAAACACAGTGCT-1,B cell
ATAAACACCACCAA-1,CD4 T cell
ATAACAACATGCTG-1,CD14 monocyte
ATAACAACGTCTAG-1,CD4 T cell
ATAACAACTTTGTC-1,Naive CD4 T cell
ATAACATGTACTCT-1,CD4 T cell
ATAACCCTGTTGGT-1,Naive CD4 T cell
ATAACCCTTGGTAC-1,CD4 T cell
ATAAGTACGAATGA-1,B cell
ATAAGTTGGTACGT-1,FCGR3A+ monocyte
ATAAGTTGTCTAGG-1,CD4 T cell
ATAATCGAGCTGAT-1,B cell
ATAATCGATGGTTG-1,Naive CD4 T cell
ATAATGACCTACTT-1,CD4 T cell
ATAATGACTCGTGA-1,CD14 monocyte
ATACAATGTTAGGC-1,CD4 T cell
ATACCACTCGTACA-1,CD14 monocyte
ATACCACTCTAAGC-1,Dendritic cell
ATACCACTGCCAAT-1,CD8 T cell
ATACCGGAATGCTG-1,Dendritic cell
ATACCGGACATTTC-1,CD14 monocyte
ATACCGGACTTCGC-1,CD4 T cell
ATACCGGAGGTGTT-1,CD14 monocyte
ATACCGGATCTCGC-1,Naive CD4 T cell
ATACCTACGCATCA-1,CD4 T cell
ATACCTTGGGGCAA-1,Naive CD4 T cell
ATACGGACAGACTC-1,CD14 monocyte
ATACGGACCTACTT-1,CD14 monocyte
ATACGGACGAGGTG-1,B cell
ATACGGACTATGCG-1,B cell
ATACGGACTCTGGA-1,CD14 monocyte
ATACGTCTTAACGC-1,CD14 monocyte
ATACTCTGCTTCGC-1,CD14 monocyte
ATACTCTGGTATGC-1,NK cell
ATAGATACCATGGT-1,CD4 T cell
ATAGATACGACGAG-1,Naive CD4 T cell
ATAGATTGGTGTAC-1,B cell
ATAGCCGAACGGAG-1,CD4 T cell
ATAGCGTGCAGATC-1,CD4 T cell
ATAGCGTGCCCTTG-1,CD14 monocyte
ATAGCGTGGTATCG-1,CD14 monocyte
ATAGCGTGTCTCTA-1,CD4 T cell
ATAGCTCTCTGATG-1,Naive CD4 T cell
ATAGCTCTGAGGTG-1,Naive CD4 T cell
ATAGGAGAAACAGA-1,FCGR3A+ monocyte
ATAGGCTGTCAGAC-1,CD4 T cell
ATAGTCCTAGTGTC-1,CD14 monocyte
ATAGTCCTTGCATG-1,CD8 T cell
ATAGTCCTTGTCGA-1,Naive CD4 T cell
ATAGTTGACAACTG-1,CD4 T cell
ATAGTTGACCCTCA-1,FCGR3A+ monocyte
ATAGTTGAGACGTT-1,Naive CD4 T cell
ATAGTTGATAAGCC-1,Naive CD4 T cell
ATATACGAAGCCAT-1,CD4 T cell
ATATACGAATTGGC-1,CD4 T cell
ATATAGTGGAATGA-1,CD14 monocyte
ATATGCCTAGATCC-1,CD14 monocyte
ATATGCCTGGACAG-1,CD4 T cell
ATATGCCTTCTCTA-1,Naive CD4 T cell
ATATGCCTTGGTAC-1,CD4 T cell
ATCAAATGAGCCTA-1,CD14 monocyte
ATCAAATGGGTAAA-1,FCGR3A+ monocyte
ATCAACCTAAACGA-1,CD4 T cell
ATCAACCTGAGGAC-1,Naive CD4 T cell
ATCAACCTTCTCTA-1,CD8 T cell
ATCAACCTTTGTCT-1,CD8 T cell
ATCACACTTTGTCT-1,CD4 T cell
ATCACGGATTGCTT-1,CD14 monocyte
ATCACGGATTTCGT-1,B cell
ATCATCTGACACCA-1,FCGR3A+ monocyte
ATCATGCTAGAGTA-1,CD8 T cell
ATCATGCTGAACCT-1,B cell
ATCCAGGACGCTAA-1,FCGR3A+ monocyte
ATCCAGGATGGAAA-1,CD4 T cell
ATCCATACTCCTTA-1,CD14 monocyte
ATCCATACTTCATC-1,FCGR3A+ monocyte
ATCCCGTGCAGTCA-1,NK cell
ATCCCGTGCATGCA-1,B cell
ATCCCGTGGCTGAT-1,B cell
ATCCGCACGCATCA-1,B cell
ATCCTAACGACGGA-1,B cell
ATCCTAACGCTACA-1,CD8 T cell
ATCGACGAAACTGC-1,CD14 monocyte
ATCGACGAATGACC-1,CD4 T cell
ATCGAGTGGACGTT-1,NK cell
ATCGCAGAATCTCT-1,FCGR3A+ monocyte
ATCGCAGAGTGTCA-1,B cell
ATCGCCACTGAGGG-1,CD8 T cell
ATCGCCTGGGTCAT-1,CD4 T cell
ATCGCCTGTGGCAT-1,B cell
ATCGCGCTCAGAGG-1,CD14 monocyte
ATCGCGCTGGGATG-1,CD4 T cell
ATCGCGCTTTTCGT-1,B cell
ATCGGAACCAGTCA-1,Naive CD4 T cell
ATCGGTGAGTCAAC-1,Naive CD4 T cell
ATCGGTGATTGCAG-1,CD4 T cell
ATCGTTTGCCTACC-1,CD14 monocyte
ATCGTTTGGGTACT-1,CD14 monocyte
ATCGTTTGTGCCAA-1,CD14 monocyte
ATCTACACCCGCTT-1,CD14 monocyte
ATCTACACCGGGAA-1,CD4 T cell
ATCTCAACAGGAGC-1,B cell
ATCTCAACCTCGAA-1,CD4 T cell
ATCTCAACCTTGTT-1,CD14 monocyte
ATCTGGGAAACCAC-1,CD14 monocyte
ATCTGGGAAGTGTC-1,CD14 monocyte
ATCTGGGATTCCGC-1,CD8 T cell
ATCTGTTGAACGGG-1,CD4 T cell
ATCTGTTGACCTCC-1,CD4 T cell
ATCTGTTGCCTTCG-1,FCGR3A+ monocyte
ATCTGTTGGTTGCA-1,CD4 T cell
ATCTTGACACCAAC-1,CD4 T cell
ATCTTGACCTCCCA-1,CD14 monocyte
ATCTTTCTGCATCA-1,CD8 T cell
ATCTTTCTGTTTCT-1,CD8 T cell
ATCTTTCTTGTCCC-1,NK cell
ATGAAACTCTGTGA-1,CD8 T cell
ATGAAACTGAGGCA-1,Naive CD4 T cell
ATGAAGGAACAGCT-1,CD8 T cell
ATGAAGGACCTGTC-1,B cell
ATGAAGGACCTTAT-1,B cell
ATGAAGGACTAGTG-1,B cell
ATGAAGGACTTGCC-1,NK cell
ATGACGTGACGACT-1,B cell
ATGACGTGATCGGT-1,FCGR3A+ monocyte
ATGAGAGAAAGTGA-1,CD4 T cell
ATGAGAGAACGCAT-1,Naive CD4 T cell
ATGAGAGAAGTAGA-1,B cell
ATGAGCACACAGCT-1,CD4 T cell
ATGAGCACATCTTC-1,CD4 T cell
ATGATAACTTCACT-1,NK cell
ATGATATGAAACAG-1,CD4 T cell
ATGATATGACTGGT-1,Naive CD4 T cell
ATGATATGAGCACT-1,Naive CD4 T cell
ATGATATGGTCATG-1,Naive CD4 T cell
ATGATATGGTGCTA-1,NK cell
ATGATATGTTGTCT-1,CD14 monocyte
ATGCACGAATGTCG-1,B cell
ATGCACGACTGTAG-1,CD4 T cell
ATGCACGAGAACCT-1,B cell
ATGCACGAGTTCGA-1,CD4 T cell
ATGCACGATTGGTG-1,CD14 monocyte
ATGCAGTGTTACCT-1,B cell
ATGCAGTGTTCTAC-1,CD4 T cell
ATGCCAGAACGACT-1,CD4 T cell
ATGCCAGACAGTCA-1,CD14 monocyte
ATGCCGCTTGAACC-1,CD14 monocyte
ATGCGATGCTATGG-1,CD14 monocyte
ATGCGATGCTGAGT-1,CD4 T cell
ATGCGATGGTTACG-1,B cell
ATGCGCCTTCATTC-1,Naive CD4 T cell
ATGCTTTGCGAATC-1,CD4 T cell
ATGCTTTGGGCGAA-1,CD8 T cell
ATGCTTTGTAGTCG-1,B cell
ATGGACACATCGGT-1,CD4 T cell
ATGGACACGCATCA-1,NK cell
ATGGGTACAACCTG-1,B cell
ATGGGTACATCGGT-1,NK cell
ATGGGTACTATTCC-1,CD4 T cell
ATGGGTACTGGGAG-1,CD4 T cell
ATGTAAACACCTCC-1,CD4 T cell
ATGTAAACCCGCTT-1,CD4 T cell
ATGTAAACGGGATG-1,Dendritic cell
ATGTAAACTCTCCG-1,CD8 T cell
ATGTAAACTTCACT-1,CD14 monocyte
ATGTACCTCAGTCA-1,CD4 T cell
ATGTACCTTAGTCG-1,CD4 T cell
ATGTACCTTTATCC-1,CD14 monocyte
ATGTACCTTTCACT-1,NK cell
ATGTCACTAATGCC-1,CD14 monocyte
ATGTCACTCTGCTC-1,Naive CD4 T cell
ATGTCGGAGGTGAG-1,CD4 T cell
ATGTTCACAGTCTG-1,CD14 monocyte
ATGTTCACCGTAGT-1,CD4 T cell
ATGTTGCTTTCAGG-1,CD4 T cell
ATTAACGATGAGAA-1,NK cell
ATTAACGATGCAAC-1,NK cell
ATTAAGACTGCAGT-1,CD4 T cell
ATTACCTGCCTTAT-1,CD14 monocyte
ATTACCTGGAGGAC-1,FCGR3A+ monocyte
ATTACCTGGGCATT-1,B cell
ATTAGATGTTTCAC-1,Naive CD4 T cell
ATTATGGAATCTCT-1,CD4 T cell
ATTCAAGAACGGGA-1,Naive CD4 T cell
ATTCAAGACCTTTA-1,CD4 T cell
ATTCAGCTCATTGG-1,FCGR3A+ monocyte
ATTCCAACCATTGG-1,CD14 monocyte
ATTCCAACTTAGGC-1,NK cell
ATTCGACTCACTAG-1,CD8 T cell
ATTCGACTGAATAG-1,CD14 monocyte
ATTCGACTTTTGTC-1,FCGR3A+ monocyte
ATTCGGGAAAGGCG-1,CD14 monocyte
ATTCGGGATTAGGC-1,CD4 T cell
ATTCTTCTGATACC-1,CD4 T cell
ATTGAATGGACGGA-1,CD4 T cell
ATTGATGAAGGTTC-1,Naive CD4 T cell
ATTGATGACTGAGT-1,CD4 T cell
ATTGATGAGCGAAG-1,CD4 T cell
ATTGATGATCTATC-1,CD4 T cell
ATTGCACTGACGGA-1,Naive CD4 T cell
ATTGCACTGAGAGC-1,FCGR3A+ monocyte
ATTGCACTGGAGCA-1,CD14 monocyte
ATTGCACTTAGCCA-1,CD4 T cell
ATTGCACTTGCTTT-1,FCGR3A+ monocyte
ATTGCTTGTTACTC-1,B cell
ATTGGTCTGACTAC-1,B cell
ATTGGTCTTGTCTT-1,B cell
ATTGTAGATTCCCG-1,Dendritic cell
ATTGTAGATTGCAG-1,CD4 T cell
ATTGTCTGCGTACA-1,CD4 T cell
ATTTAGGAACCATG-1,FCGR3A+ monocyte
ATTTAGGACAGAGG-1,CD4 T cell
ATTTCCGAGATGAA-1,CD4 T cell
ATTTCCGAGTGCTA-1,CD4 T cell
ATTTCGTGTATGGC-1,CD8 T cell
ATTTCTCTACTTTC-1,FCGR3A+ monocyte
ATTTCTCTAGCAAA-1,CD4 T cell
ATTTCTCTCACTTT-1,FCGR3A+ monocyte
ATTTCTCTTCCCAC-1,Naive CD4 T cell
ATTTGCACAAGATG-1,CD14 monocyte
CAAAGCACAGCTCA-1,Naive CD4 T cell
CAAAGCACCGTAAC-1,B cell
CAAAGCACGGTAAA-1,NK cell
CAAAGCTGAAAGTG-1,CD4 T cell
CAAAGCTGTTGCTT-1,CD14 monocyte
CAAATATGTGACAC-1,CD4 T cell
CAAATTGAGGGCAA-1,CD4 T cell
CAAATTGATGGAGG-1,CD14 monocyte
CAACCAGAAAAGTG-1,Naive CD4 T cell
CAACCAGAAGTGCT-1,CD4 T cell
CAACCAGAGTTCAG-1,CD14 monocyte
CAACCAGATAGAAG-1,CD14 monocyte
CAACCGCTGTTCAG-1,Naive CD4 T cell
CAACCGCTTTGAGC-1,CD4 T cell
CAACGATGCGCAAT-1,FCGR3A+ monocyte
CAACGTGACTCCAC-1,CD14 monocyte
CAACGTGAGCCATA-1,NK cell
CAACGTGATCAAGC-1,CD14 monocyte
CAAGAAGACCACAA-1,CD8 T cell
CAAGAAGACGTCTC-1,CD14 monocyte
CAAGAAGATTCTAC-1,Naive CD4 T cell
CAAGACTGACCTGA-1,B cell
CAAGACTGAGTAGA-1,B cell
CAAGCTGACCATAG-1,FCGR3A+ monocyte
CAAGCTGATCTATC-1,NK cell
CAAGGACTGTTCAG-1,CD4 T cell
CAAGGACTTCTTTG-1,CD8 T cell
CAAGGTTGCTCCAC-1,CD4 T cell
CAAGGTTGTCATTC-1,B cell
CAAGGTTGTCTGGA-1,NK cell
CAAGTCGAAACAGA-1,B cell
CAAGTCGATAGCGT-1,CD14 monocyte
CAATAAACGCCATA-1,CD14 monocyte
CAATAATGAACTGC-1,CD14 monocyte
CAATATGACATGGT-1,CD4 T cell
CAATATGACCTTCG-1,NK cell
CAATATGACGTTAG-1,CD4 T cell
CAATATGAGGAGCA-1,CD4 T cell
CAATCGGAGAAACA-1,CD4 T cell
CAATCTACTGACTG-1,NK cell
CAATTCACCCAACA-1,NK cell
CAATTCACGATAGA-1,CD4 T cell
CAATTCACTTGTGG-1,Naive CD4 T cell
CAATTCTGCTTGTT-1,CD14 monocyte
CAATTCTGGCGTAT-1,CD14 monocyte
CACAACGATACGAC-1,Naive CD4 T cell
CACAATCTTGTTCT-1,CD8 T cell
CACAATCTTTCCAT-1,CD8 T cell
CACACCTGCTTGAG-1,CD4 T cell
CACACCTGTATGGC-1,Naive CD4 T cell
CACAGAACCCTTGC-1,B cell
CACAGAACCTGATG-1,CD4 T cell
CACAGATGGGATTC-1,CD4 T cell
CACAGATGGTTTCT-1,CD14 monocyte
CACAGCCTGATACC-1,CD4 T cell
CACAGCCTTGCCAA-1,FCGR3A+ monocyte
CACAGCCTTGTAGC-1,CD4 T cell
CACAGTGATGAAGA-1,CD14 monocyte
CACATACTACAGCT-1,CD8 T cell
CACATGGAACACGT-1,CD4 T cell
CACATGGAAGTCGT-1,Naive CD4 T cell
CACCACTGCCAACA-1,CD4 T cell
CACCACTGGCGAAG-1,CD8 T cell
CACCCATGTTCTGT-1,CD8 T cell
CACCGGGAATCGAC-1,CD4 T cell
CACCGGGACGAGAG-1,CD8 T cell
CACCGGGACGTGTA-1,CD4 T cell
CACCGGGACTTCTA-1,CD4 T cell
CACCGGGACTTGCC-1,CD8 T cell
CACCGGGATTCGGA-1,CD8 T cell
CACCGTACTAAGGA-1,B cell
CACCGTACTAGCGT-1,CD4 T cell
CACCTGACACCCAA-1,CD8 T cell
CACCTGACCAGAAA-1,CD4 T cell
CACCTGACCTCAAG-1,CD8 T cell
CACCTGACGAAAGT-1,B cell
CACCTGACTCGTAG-1,Naive CD4 T cell
CACGAAACTTCCGC-1,B cell
CACGACCTCGATAC-1,B cell
CACGCTACAGAAGT-1,Naive CD4 T cell
CACGCTACTGTTCT-1,B cell
CACGCTACTTGACG-1,CD14 monocyte
CACGGGACAGAGTA-1,CD4 T cell
CACGGGACATAAGG-1,CD4 T cell
CACGGGACGTAGGG-1,CD4 T cell
CACGGGTGCTTCGC-1,NK cell
CACGGGTGGAGGAC-1,CD8 T cell
CACGGGTGTGTTTC-1,Naive CD4 T cell
CACTAACTCCTAAG-1,B cell
CACTAACTGAAAGT-1,CD4 T cell
CACTAGGATGATGC-1,B cell
CACTATACCCCGTT-1,B cell
CACTATACGTTTGG-1,CD8 T cell
CACTGAGACAGTCA-1,CD14 monocyte
CACTGCACTTCATC-1,CD4 T cell
CACTGCTGAGACTC-1,FCGR3A+ monocyte
CACTGCTGGAAAGT-1,CD4 T cell
CACTTAACCGAATC-1,CD4 T cell
CACTTAACCGTACA-1,B cell
CACTTTGACTCTAT-1,CD8 T cell
CACTTTGAGCTGTA-1,CD8 T cell
CAGAAGCTCTCAAG-1,Naive CD4 T cell
CAGACATGAACGGG-1,CD4 T cell
CAGACATGTCGACA-1,CD4 T cell
CAGACCCTAAGGTA-1,FCGR3A+ monocyte
CAGACCCTAATGCC-1,CD4 T cell
CAGACCCTAGGAGC-1,CD4 T cell
CAGACTGAGTATGC-1,CD4 T cell
CAGATCGAATGTCG-1,B cell
CAGATCGACCTGAA-1,CD8 T cell
CAGATCGATATGGC-1,CD4 T cell
CAGATGACATTCTC-1,NK cell
CAGCAATGCCTTCG-1,CD4 T cell
CAGCAATGGAGGGT-1,NK cell
CAGCAATGGTGCTA-1,CD4 T cell
CAGCAATGTCTACT-1,CD14 monocyte
CAGCAATGTGACCA-1,CD4 T cell
CAGCAATGTGAGGG-1,CD14 monocyte
CAGCACCTAAGCCT-1,CD4 T cell
CAGCACCTAGGCGA-1,CD4 T cell
CAGCACCTGTAGGG-1,CD14 monocyte
CAGCATGACAACCA-1,CD14 monocyte
CAGCATGAGACGTT-1,CD8 T cell
CAGCCTACCCAACA-1,CD4 T cell
CAGCCTTGCTACCC-1,CD14 monocyte
CAGCCTTGGGGACA-1,CD4 T cell
CAGCGGACACCCTC-1,CD4 T cell
CAGCGGACCTTTAC-1,NK cell
CAGCGTCTAAAGCA-1,CD4 T cell
CAGCGTCTTATCGG-1,CD4 T cell
CAGCTAGATGTGAC-1,CD14 monocyte
CAGCTCTGAGGCGA-1,CD4 T cell
CAGCTCTGCAAGCT-1,CD8 T cell
CAGCTCTGTCGTAG-1,CD14 monocyte
CAGCTCTGTGTGGT-1,NK cell
CAGGAACTAACTGC-1,CD8 T cell
CAGGAACTCTCAGA-1,CD14 monocyte
CAGGCCGAACACCA-1,CD4 T cell
CAGGCCGAACACGT-1,CD4 T cell
CAGGCCGAACGACT-1,CD4 T cell
CAGGCCGAATCTCT-1,FCGR3A+ monocyte
CAGGCCGACTAGCA-1,B cell
CAGGGCACCATACG-1,B cell
CAGGGCACCCAACA-1,Naive CD4 T cell
CAGGGCACTCCCGT-1,CD4 T cell
CAGGTAACAGACTC-1,CD14 monocyte
CAGGTATGAGTCGT-1,CD4 T cell
CAGGTATGTGCTTT-1,CD4 T cell
CAGGTTGAGGATCT-1,B cell
CAGTGATGGACGGA-1,B cell
CAGTGATGGCTAAC-1,NK cell
CAGTGATGGGACAG-1,CD4 T cell
CAGTGATGTAAGGA-1,B cell
CAGTGATGTACGCA-1,B cell
CAGTGTGAACACGT-1,CD8 T cell
CAGTGTGATGTCAG-1,Naive CD4 T cell
CAGTTACTAAGGTA-1,B cell
CAGTTACTGATAGA-1,CD4 T cell
CAGTTGGAAAGAGT-1,CD14 monocyte
CAGTTGGACATACG-1,CD4 T cell
CAGTTTACACACGT-1,NK cell
CAGTTTACCCCAAA-1,Naive CD4 T cell
CATAAAACGGAGCA-1,CD14 monocyte
CATAAATGAACTGC-1,Naive CD4 T cell
CATAACCTTCTCCG-1,CD4 T cell
CATACTACCTCGAA-1,Naive CD4 T cell
CATACTACCTGAAC-1,Naive CD4 T cell
CATACTACGTACCA-1,CD14 monocyte
CATACTTGGGTTAC-1,FCGR3A+ monocyte
CATAGTCTAATCGC-1,Naive CD4 T cell
CATAGTCTCACTTT-1,CD4 T cell
CATATAGACTAAGC-1,Dendritic cell
CATATAGATCAGGT-1,B cell
CATCAACTAGAAGT-1,CD4 T cell
CATCAACTCCCTCA-1,CD4 T cell
CATCAGGACTTCCG-1,NK cell
CATCAGGATAGCCA-1,NK cell
CATCAGGATCCTAT-1,FCGR3A+ monocyte
CATCAGGATGCACA-1,CD14 monocyte
CATCAGGATTTCGT-1,CD14 monocyte
CATCATACCGCATA-1,FCGR3A+ monocyte
CATCATACGGAGCA-1,B cell
CATCATACTCAAGC-1,CD4 T cell
CATCGCTGGGATCT-1,CD4 T cell
CATCGCTGTGGCAT-1,B cell
CATCGGCTATGCTG-1,CD4 T cell
CATCGGCTTTGGCA-1,CD4 T cell
CATCTCCTATGTGC-1,B cell
CATCTCCTCGAACT-1,FCGR3A+ monocyte
CATGAGACACGGGA-1,B cell
CATGAGACGTTGAC-1,NK cell
CATGAGACTCGCCT-1,CD4 T cell
CATGCCACGGGTGA-1,Naive CD4 T cell
CATGCCACTGCCAA-1,CD4 T cell
CATGCGCTAGTCAC-1,FCGR3A+ monocyte
CATGCGCTCAGATC-1,CD14 monocyte
CATGCGCTTTGCAG-1,FCGR3A+ monocyte
CATGGCCTAGGGTG-1,CD14 monocyte
CATGGCCTGTGCAT-1,CD4 T cell
CATGTACTATCGTG-1,NK cell
CATGTTACAGTCGT-1,CD8 T cell
CATGTTACCTGAGT-1,Naive CD4 T cell
CATGTTTGGGGATG-1,CD14 monocyte
CATTACACACGGAG-1,B cell
CATTACACCAACTG-1,NK cell
CATTACACGGAGTG-1,CD4 T cell
CATTACACTACTCT-1,CD4 T cell
CATTAGCTCCACAA-1,CD14 monocyte
CATTGACTAGCGGA-1,CD14 monocyte
CATTGGGACTCGAA-1,CD4 T cell
CATTGTACAGCGTT-1,Naive CD4 T cell
CATTGTACTCGATG-1,B cell
CATTGTACTTATCC-1,Naive CD4 T cell
CATTGTACTTTGCT-1,FCGR3A+ monocyte
CATTGTTGCTAGTG-1,CD4 T cell
CATTTCGACTCTAT-1,CD8 T cell
CATTTCGAGATACC-1,NK cell
CATTTGACCACACA-1,CD8 T cell
CATTTGACCCTGAA-1,CD8 T cell
CATTTGTGACGACT-1,B cell
CATTTGTGCATTGG-1,Naive CD4 T cell
CATTTGTGCGGAGA-1,CD4 T cell
CATTTGTGGGATCT-1,B cell
CCAAAGTGCTACGA-1,CD14 monocyte
CCAAAGTGTGAGAA-1,CD14 monocyte
CCAACCTGAAGTAG-1,NK cell
CCAACCTGACGTAC-1,CD14 monocyte
CCAACCTGTTCGCC-1,CD14 monocyte
CCAAGAACCCAATG-1,CD4 T cell
CCAAGAACGTAGCT-1,CD4 T cell
CCAAGAACGTGTCA-1,CD4 T cell
CCAAGAACTACTGG-1,NK cell
CCAAGAACTCCTAT-1,B cell
CCAAGATGTCATTC-1,CD4 T cell
CCAAGATGTTTCAC-1,CD4 T cell
CCAAGTGAGGAACG-1,Naive CD4 T cell
CCAAGTGATCAAGC-1,CD4 T cell
CCAATGGAACAGCT-1,CD14 monocyte
CCAATTTGAACGTC-1,CD14 monocyte
CCACCATGAACGTC-1,Naive CD4 T cell
CCACCATGATCGGT-1,Naive CD4 T cell
CCACCATGGACGAG-1,FCGR3A+ monocyte
CCACCATGGGGAGT-1,Naive CD4 T cell
CCACCATGTCCTGC-1,CD8 T cell
CCACTGACCCGCTT-1,CD14 monocyte
CCACTGTGGGAAGC-1,CD14 monocyte
CCACTGTGTGTAGC-1,Naive CD4 T cell
CCACTTCTCGGGAA-1,CD14 monocyte
CCAGAAACCCTGTC-1,B cell
CCAGAAACGAACTC-1,CD4 T cell
CCAGAAACGGTCTA-1,CD4 T cell
CCAGACCTCTGAGT-1,CD14 monocyte
CCAGACCTTGTGGT-1,CD4 T cell
CCAGCACTGCGATT-1,FCGR3A+ monocyte
CCAGCGGAAAGGCG-1,CD14 monocyte
CCAGCGGACGACTA-1,CD14 monocyte
CCAGCGGATGGGAG-1,CD4 T cell
CCAGCTACACAGTC-1,Naive CD4 T cell
CCAGCTACCAGCTA-1,B cell
CCAGGTCTACACCA-1,B cell
CCAGGTCTAGCATC-1,CD14 monocyte
CCAGGTCTATGGTC-1,CD4 T cell
CCAGTCACACTGGT-1,CD14 monocyte
CCAGTCACACTGTG-1,B cell
CCAGTCACGTTGTG-1,Naive CD4 T cell
CCAGTCTGCGGAGA-1,Dendritic cell
CCAGTGCTAACCAC-1,CD4 T cell
CCAGTGCTCGTAGT-1,CD4 T cell
CCATCCGAAAGCAA-1,CD4 T cell
CCATCCGAACGACT-1,CD8 T cell
CCATCCGAAGGTTC-1,B cell
CCATCCGATTCGCC-1,CD14 monocyte
CCATCGTGAACGGG-1,CD4 T cell
CCATCGTGCTAGAC-1,FCGR3A+ monocyte
CCCAACACCTCGCT-1,B cell
CCCAACACGCATCA-1,CD4 T cell
CCCAACACTTTGTC-1,CD14 monocyte
CCCAACTGCAATCG-1,CD14 monocyte
CCCAGACTGCCTTC-1,CD14 monocyte
CCCAGACTGGTTTG-1,B cell
CCCAGACTTTCGCC-1,FCGR3A+ monocyte
CCCAGTTGCAGTTG-1,CD14 monocyte
CCCAGTTGGGTACT-1,CD8 T cell
CCCAGTTGTCTATC-1,B cell
CCCGATTGTGTTTC-1,CD4 T cell
CCCGGAGAAGGGTG-1,CD14 monocyte
CCCTACGAATTGGC-1,CD14 monocyte
CCCTAGTGCAAAGA-1,CD4 T cell
CCCTCAGACACTTT-1,B cell
CCCTCAGACGAGAG-1,CD4 T cell
CCCTCAGAGGTCAT-1,Naive CD4 T cell
CCCTGAACTAAAGG-1,B cell
CCCTGATGCAACCA-1,CD4 T cell
CCCTGATGCAAGCT-1,B cell
CCCTTACTAACCAC-1,CD14 monocyte
CCCTTACTGCAGTT-1,CD8 T cell
CCGAAAACCTTGTT-1,FCGR3A+ monocyte
CCGACACTGGTTTG-1,CD4 T cell
CCGACTACCCAGTA-1,CD14 monocyte
CCGACTACCGTGTA-1,Naive CD4 T cell
CCGACTACTGAGGG-1,CD4 T cell
CCGATAGACCTAAG-1,Naive CD4 T cell
CCGATAGAGTTGGT-1,FCGR3A+ monocyte
CCGCGAGACACACA-1,CD14 monocyte
CCGCGAGAGGTTCA-1,CD8 T cell
CCGCTATGGGACGA-1,B cell
CCGCTATGTGCAAC-1,CD14 monocyte
CCGCTATGTGCACA-1,CD14 monocyte
CCGGTACTGTCCTC-1,CD4 T cell
CCGTACACAAGCAA-1,CD4 T cell
CCGTACACAGCGTT-1,B cell
CCGTACACGTCATG-1,CD8 T cell
CCGTACACGTTGGT-1,CD14 monocyte
CCGTACACTAACGC-1,CD8 T cell
CCTAAACTTTCGTT-1,Naive CD4 T cell
CCTAAGGACCCAAA-1,Naive CD4 T cell
CCTAAGGACTAGCA-1,CD14 monocyte
CCTAAGGAGGGCAA-1,CD8 T cell
CCTAAGGATGATGC-1,CD4 T cell
CCTAAGGATGTCAG-1,Naive CD4 T cell
CCTACCGACTCTTA-1,Naive CD4 T cell
CCTACCGAGGGATG-1,B cell
CCTAGAGAGGTGAG-1,B cell
CCTATAACCAAAGA-1,CD4 T cell
CCTATAACGAGACG-1,FCGR3A+ monocyte
CCTATAACTCAGAC-1,CD4 T cell
CCTATAACTGCATG-1,FCGR3A+ monocyte
CCTCGAACACTTTC-1,NK cell
CCTCGAACCCGTAA-1,CD14 monocyte
CCTCGAACGTATCG-1,CD4 T cell
CCTCGAACTTACTC-1,CD4 T cell
CCTCTACTCTTCGC-1,CD14 monocyte
CCTCTACTGGCATT-1,Naive CD4 T cell
CCTGACTGAAGTAG-1,CD8 T cell
CCTGACTGGGGAGT-1,Naive CD4 T cell
CCTGACTGTGTCTT-1,B cell
CCTGCAACACGTTG-1,CD14 monocyte
CCTGGACTCGTGAT-1,CD4 T cell
CCTTAATGCCCAAA-1,B cell
CCTTAATGTTCTAC-1,FCGR3A+ monocyte
CCTTCACTACGACT-1,Naive CD4 T cell
CCTTCACTCAGTCA-1,B cell
CCTTCACTGGAGTG-1,CD14 monocyte
CCTTTAGATTCATC-1,CD14 monocyte
CGAACATGCCCTAC-1,CD14 monocyte
CGAACATGTCAGAC-1,CD4 T cell
CGAAGACTGGAACG-1,CD8 T cell
CGAAGACTGTTACG-1,CD4 T cell
CGAAGGGAAACCTG-1,CD8 T cell
CGAAGGGATCCGAA-1,B cell
CGAAGTACCAACTG-1,B cell
CGAATCGAGGAGCA-1,CD14 monocyte
CGAATCGAGGAGGT-1,CD4 T cell
CGACAAACCCATAG-1,CD4 T cell
CGACAAACCGACAT-1,B cell
CGACCACTAAAGTG-1,NK cell
CGACCACTGCCAAT-1,NK cell
CGACCGGAAGGTCT-1,Naive CD4 T cell
CGACCGGATGGAAA-1,CD4 T cell
CGACCTTGCTAGTG-1,CD4 T cell
CGACCTTGGCAAGG-1,CD4 T cell
CGACGTCTATCGTG-1,CD8 T cell
CGACGTCTCGTGTA-1,CD4 T cell
CGACGTCTGAGGCA-1,Naive CD4 T cell
CGACTCACGTCGTA-1,CD4 T cell
CGACTCACGTTGCA-1,Naive CD4 T cell
CGACTCTGTGTGAC-1,CD4 T cell
CGACTGCTTCCTCG-1,CD14 monocyte
CGAGAACTAAGGCG-1,CD8 T cell
CGAGAACTACGTTG-1,Naive CD4 T cell
CGAGAACTTGTTCT-1,CD14 monocyte
CGAGATTGGACACT-1,NK cell
CGAGATTGGCCATA-1,CD8 T cell
CGAGCCGAACACCA-1,CD4 T cell
CGAGCCGACGACAT-1,CD8 T cell
CGAGCCGAGGCGAA-1,CD8 T cell
CGAGCGTGCTCCAC-1,CD4 T cell
CGAGCGTGGATACC-1,CD4 T cell
CGAGCGTGTATGCG-1,CD14 monocyte
CGAGGAGACCTCCA-1,B cell
CGAGGAGATGTCGA-1,Naive CD4 T cell
CGAGGCACCTATGG-1,NK cell
CGAGGCACTATGCG-1,CD14 monocyte
CGAGGCACTCTTCA-1,CD8 T cell
CGAGGCTGACGCTA-1,NK cell
CGAGGCTGGCAGTT-1,CD14 monocyte
CGAGGGCTACGACT-1,B cell
CGAGGGCTCGAATC-1,Naive CD4 T cell
CGAGTATGTCACCC-1,FCGR3A+ monocyte
CGATACGAACAGTC-1,CD14 monocyte
CGATACGACAGGAG-1,CD4 T cell
CGATACGATTCACT-1,B cell
CGATAGACCCGTAA-1,CD14 monocyte
CGATAGACCGTACA-1,CD4 T cell
CGATAGACGTAGGG-1,CD14 monocyte
CGATAGACTGTTCT-1,CD4 T cell
CGATCAGAAGAACA-1,CD8 T cell
CGATCAGAGAGGGT-1,CD4 T cell
CGATCAGAGGTACT-1,CD4 T cell
CGATCAGATGTGAC-1,Dendritic cell
CGATCCACCGGGAA-1,CD8 T cell
CGATCCACTTCCAT-1,B cell
CGCAAATGCTCGAA-1,Naive CD4 T cell
CGCAACCTCCTTGC-1,CD4 T cell
CGCAACCTGGACGA-1,CD4 T cell
CGCACGGAGGACGA-1,B cell
CGCACGGATCTTTG-1,Naive CD4 T cell
CGCACTACAGAATG-1,CD4 T cell
CGCACTACAGCCAT-1,CD4 T cell
CGCACTACATTGGC-1,CD4 T cell
CGCACTACTCGCCT-1,B cell
CGCACTACTCGTGA-1,CD8 T cell
CGCACTTGTCACGA-1,CD14 monocyte
CGCAGGACAGATCC-1,CD8 T cell
CGCAGGACCTACTT-1,Naive CD4 T cell
CGCAGGACTTGTCT-1,FCGR3A+ monocyte
CGCAGGTGCACTGA-1,CD4 T cell
CGCAGGTGCCATAG-1,FCGR3A+ monocyte
CGCAGGTGGGAACG-1,CD4 T cell
CGCATAGATCACGA-1,CD14 monocyte
CGCCATACTGCAAC-1,CD4 T cell
CGCCATTGAGAGGC-1,CD4 T cell
CGCCATTGCTATGG-1,CD4 T cell
CGCCATTGGAGACG-1,CD4 T cell
CGCCATTGGAGCAG-1,B cell
CGCCATTGTACTGG-1,B cell
CGCCGAGAGCTTAG-1,NK cell
CGCCTAACGAATGA-1,CD14 monocyte
CGCCTAACTGCTCC-1,CD4 T cell
CGCGAGACACAGCT-1,CD8 T cell
CGCGAGACAGGTCT-1,B cell
CGCGAGACGCTACA-1,CD8 T cell
CGCGATCTCAGTCA-1,CD14 monocyte
CGCGATCTGTTGAC-1,CD14 monocyte
CGCGATCTTTCTTG-1,B cell
CGCGGATGGCCAAT-1,CD4 T cell
CGCTAAGAATGTCG-1,CD4 T cell
CGCTAAGACAACTG-1,Naive CD4 T cell
CGCTAAGACCCTTG-1,CD4 T cell
CGCTACTGAACAGA-1,CD14 monocyte
CGCTACTGAGAACA-1,CD4 T cell
CGCTACTGTGAGCT-1,CD4 T cell
CGCTACTGTTCCCG-1,CD8 T cell
CGCTCATGCATTTC-1,CD14 monocyte
CGGAATTGCACTAG-1,Naive CD4 T cell
CGGAATTGGTTTGG-1,CD8 T cell
CGGAATTGTGGAGG-1,CD4 T cell
CGGACCGATGCGTA-1,CD8 T cell
CGGACCGATGGGAG-1,Naive CD4 T cell
CGGACTCTAAACAG-1,B cell
CGGACTCTCCAATG-1,CD4 T cell
CGGACTCTCCTCGT-1,NK cell
CGGAGGCTATTCCT-1,Naive CD4 T cell
CGGAGGCTTGGATC-1,Naive CD4 T cell
CGGATAACAACGAA-1,CD14 monocyte
CGGATAACAGCTCA-1,CD4 T cell
CGGATAACTCAGTG-1,CD14 monocyte
CGGCACGAACTCAG-1,CD8 T cell
CGGCACGAAGGGTG-1,CD4 T cell
CGGCACGACTACGA-1,FCGR3A+ monocyte
CGGCATCTTAGAAG-1,CD8 T cell
CGGCATCTTCGTAG-1,CD14 monocyte
CGGCCAGAAAGGTA-1,CD4 T cell
CGGCCAGAGAGGCA-1,CD8 T cell
CGGCGAACCAGTCA-1,FCGR3A+ monocyte
CGGCGAACGACAAA-1,NK cell
CGGCGAACGGTCTA-1,CD4 T cell
CGGCGAACTACTTC-1,NK cell
CGGGACTGCGTGTA-1,CD4 T cell
CGGGACTGGAATAG-1,NK cell
CGGGCATGACCCAA-1,CD8 T cell
CGGGCATGTCTCTA-1,CD8 T cell
CGGGCATGTTGTGG-1,CD4 T cell
CGGTAAACTCGCAA-1,CD4 T cell
CGGTCACTGTTTGG-1,CD4 T cell
CGGTCACTTACTTC-1,CD4 T cell
CGTAACGAATCAGC-1,Naive CD4 T cell
CGTAACGATCGCCT-1,CD4 T cell
CGTACCACACACAC-1,Naive CD4 T cell
CGTACCACACGTTG-1,CD4 T cell
CGTACCACCTCATT-1,CD4 T cell
CGTACCACGCTACA-1,CD8 T cell
CGTACCACGGAGCA-1,Naive CD4 T cell
CGTACCTGGACGAG-1,FCGR3A+ monocyte
CGTACCTGGCATCA-1,NK cell
CGTAGCCTCTCTCG-1,CD14 monocyte
CGTAGCCTGCGAAG-1,CD4 T cell
CGTAGCCTGTATGC-1,FCGR3A+ monocyte
CGTCAAGAAAGGTA-1,CD14 monocyte
CGTCAAGAACGTGT-1,CD4 T cell
CGTCAAGACAGAGG-1,CD4 T cell
CGTCAAGACAGGAG-1,CD8 T cell
CGTCCATGCTCTTA-1,CD4 T cell
CGTCGACTTTCCGC-1,CD8 T cell
CGTGATGACGCTAA-1,Naive CD4 T cell
CGTGATGAGGTTCA-1,CD8 T cell
CGTGCACTTATGGC-1,CD14 monocyte
CGTGTAGAAAAACG-1,CD4 T cell
CGTGTAGACGATAC-1,CD8 T cell
CGTGTAGAGTTACG-1,NK cell
CGTGTAGAGTTCAG-1,CD14 monocyte
CGTGTAGATTCGGA-1,NK cell
CGTTAGGAAACCAC-1,CD4 T cell
CGTTAGGATCATTC-1,CD14 monocyte
CGTTATACCCTGAA-1,NK cell
CGTTTAACTGGTCA-1,CD4 T cell
CTAAACCTCTGACA-1,NK cell
CTAAACCTGTGCAT-1,B cell
CTAACACTAACGTC-1,CD4 T cell
CTAACACTAGTGCT-1,CD14 monocyte
CTAACGGAACCGAT-1,NK cell
CTAACGGATTTCTG-1,Naive CD4 T cell
CTAACTACGGCAAG-1,CD8 T cell
CTAAGGACACCATG-1,Naive CD4 T cell
CTAAGGACCGTTAG-1,CD4 T cell
CTAAGGACGCCATA-1,CD14 monocyte
CTAAGGTGCCTAAG-1,B cell
CTAAGGTGTTGCAG-1,CD8 T cell
CTAAGGTGTTTCTG-1,Naive CD4 T cell
CTAATAGAGCTATG-1,CD4 T cell
CTAATGCTTGTGGT-1,CD14 monocyte
CTACAACTCCCGTT-1,NK cell
CTACCTCTCAACCA-1,CD8 T cell
CTACGCACACCTAG-1,FCGR3A+ monocyte
CTACGCACTCTCCG-1,CD4 T cell
CTACGCACTGGTCA-1,NK cell
CTACGGCTTTCTTG-1,CD14 monocyte
CTACTATGAACCAC-1,CD14 monocyte
CTACTATGATGTGC-1,CD14 monocyte
CTACTATGCTAAGC-1,CD8 T cell
CTACTATGTAAAGG-1,B cell
CTACTCCTATGTCG-1,NK cell
CTACTCCTGCCATA-1,CD14 monocyte
CTAGAGACACTTTC-1,CD4 T cell
CTAGAGACAGCATC-1,CD8 T cell
CTAGAGACTTTGGG-1,FCGR3A+ monocyte
CTAGATCTCTCTAT-1,CD4 T cell
CTAGATCTTCGACA-1,CD4 T cell
CTAGGATGAGCCTA-1,B cell
CTAGGATGATCGTG-1,B cell
CTAGGCCTCTCAGA-1,CD4 T cell
CTAGGTGATGGTTG-1,FCGR3A+ monocyte
CTAGTTACCAGAGG-1,CD4 T cell
CTAGTTACCGCATA-1,CD4 T cell
CTAGTTACGAAACA-1,NK cell
CTAGTTTGAGTACC-1,CD8 T cell
CTATAAGATCGTTT-1,B cell
CTATACTGAGGTTC-1,CD14 monocyte
CTATACTGCCAGTA-1,Naive CD4 T cell
CTATACTGCGCTAA-1,CD14 monocyte
CTATACTGCTACGA-1,NK cell
CTATACTGTCTCAT-1,NK cell
CTATACTGTTCGTT-1,CD4 T cell
CTATAGCTGTCACA-1,Naive CD4 T cell
CTATAGCTTCGCTC-1,CD14 monocyte
CTATAGCTTGCCTC-1,CD14 monocyte
CTATCAACGAACTC-1,CD4 T cell
CTATCAACGCAGAG-1,CD4 T cell
CTATCAACTTTGGG-1,Naive CD4 T cell
CTATCCCTCCACCT-1,CD14 monocyte
CTATGTACGAGAGC-1,CD4 T cell
CTATGTACGCTTAG-1,Naive CD4 T cell
CTATGTACTGTTTC-1,B cell
CTATGTTGAAAGCA-1,CD4 T cell
CTATGTTGTCCTCG-1,CD4 T cell
CTATGTTGTCTCGC-1,CD4 T cell
CTATTGACAAACGA-1,CD14 monocyte
CTATTGACACTGGT-1,FCGR3A+ monocyte
CTATTGACGGTGAG-1,FCGR3A+ monocyte
CTATTGTGGCAAGG-1,CD8 T cell
CTCAATTGGTTCAG-1,CD4 T cell
CTCAATTGGTTGCA-1,CD14 monocyte
CTCAGAGATAGAAG-1,CD4 T cell
CTCAGCACTCTAGG-1,CD4 T cell
CTCAGCACTGAACC-1,CD14 monocyte
CTCAGCACTTGCAG-1,CD4 T cell
CTCAGCTGAACCTG-1,CD14 monocyte
CTCAGCTGCAGTTG-1,Naive CD4 T cell
CTCAGCTGTTTCTG-1,CD8 T cell
CTCAGGCTCGTTGA-1,FCGR3A+ monocyte
CTCAGGCTGCTAAC-1,Naive CD4 T cell
CTCATTGACCTTAT-1,CD4 T cell
CTCATTGATGCTTT-1,CD14 monocyte
CTCATTGATTGCTT-1,CD14 monocyte
CTCCACGAGAGATA-1,Dendritic cell
CTCCATCTCTTAGG-1,CD4 T cell
CTCCATCTGACGAG-1,Naive CD4 T cell
CTCCGAACAAGTGA-1,FCGR3A+ monocyte
CTCCTACTGCCTTC-1,CD14 monocyte
CTCGAAGATGTGGT-1,CD4 T cell
CTCGAAGATTAGGC-1,CD14 monocyte
CTCGACTGCTCTAT-1,Naive CD4 T cell
CTCGACTGGGTGAG-1,Naive CD4 T cell
CTCGACTGGTTGAC-1,NK cell
CTCGAGCTCTGGAT-1,NK cell
CTCGCATGACTTTC-1,CD4 T cell
CTCGCATGCTTAGG-1,CD4 T cell
CTCTAAACCTCGAA-1,CD4 T cell
CTCTAAACGGCGAA-1,CD4 T cell
CTCTAATGTCCAAG-1,CD14 monocyte
CTGAACGACAGTCA-1,CD4 T cell
CTGAACGATGAGGG-1,CD4 T cell
CTGAAGACCCAACA-1,CD4 T cell
CTGAAGACGTGCAT-1,B cell
CTGAAGTGAAGCCT-1,FCGR3A+ monocyte
CTGAAGTGCAGCTA-1,B cell
CTGAAGTGGCTATG-1,CD4 T cell
CTGAAGTGTCCAGA-1,CD4 T cell
CTGAATCTGAATAG-1,CD4 T cell
CTGACAGAATCGTG-1,NK cell
CTGACCACAGCAAA-1,CD4 T cell
CTGAGAACCGGGAA-1,CD4 T cell
CTGAGAACGTAAAG-1,NK cell
CTGATACTAGTAGA-1,Naive CD4 T cell
CTGATTTGGTGTTG-1,CD14 monocyte
CTGCAGCTAACCGT-1,Naive CD4 T cell
CTGCAGCTGACACT-1,CD4 T cell
CTGCAGCTGGATTC-1,FCGR3A+ monocyte
CTGCAGCTTGGCAT-1,CD8 T cell
CTGCCAACAGGAGC-1,CD8 T cell
CTGCCAACCAGCTA-1,CD4 T cell
CTGCCAACTAACCG-1,CD14 monocyte
CTGCCAACTGCTCC-1,CD8 T cell
CTGCCAACTTGCAG-1,Naive CD4 T cell
CTGCCAACTTGCTT-1,CD8 T cell
CTGCGACTCCACCT-1,CD8 T cell
CTGGAAACAAACGA-1,CD8 T cell
CTGGAAACATCGAC-1,CD4 T cell
CTGGATGACTGGAT-1,CD8 T cell
CTGGATGACTTGTT-1,CD4 T cell
CTGGATGATGTGAC-1,B cell
CTGGCACTCAAGCT-1,CD14 monocyte
CTGGCACTGGACAG-1,CD8 T cell
CTGTAACTAACCAC-1,CD4 T cell
CTGTAACTAGCGTT-1,Naive CD4 T cell
CTGTATACGTAAAG-1,CD4 T cell
CTGTATACGTACGT-1,CD14 monocyte
CTGTATACGTTGGT-1,CD4 T cell
CTGTGAGACAACCA-1,FCGR3A+ monocyte
CTGTGAGACCTTGC-1,CD8 T cell
CTGTGAGACGAACT-1,CD14 monocyte
CTGTGAGACTGTAG-1,CD14 monocyte
CTTAAAGAACCTGA-1,Naive CD4 T cell
CTTAACACCTGTAG-1,CD4 T cell
CTTAACACGAGCTT-1,CD4 T cell
CTTAACACTATCGG-1,B cell
CTTAAGCTACCTAG-1,CD4 T cell
CTTAAGCTAGTACC-1,Naive CD4 T cell
CTTAAGCTCATCAG-1,CD4 T cell
CTTAAGCTCCGCTT-1,B cell
CTTAAGCTTCCTCG-1,CD8 T cell
CTTACAACTAACGC-1,CD4 T cell
CTTACAACTCCCGT-1,CD14 monocyte
CTTACTGACGTACA-1,Naive CD4 T cell
CTTAGACTAAACGA-1,CD4 T cell
CTTAGGGACTTGCC-1,CD4 T cell
CTTAGGGAGAATCC-1,Naive CD4 T cell
CTTATCGACTCATT-1,CD4 T cell
CTTCACCTACCTGA-1,FCGR3A+ monocyte
CTTCATGAAGCATC-1,B cell
CTTCATGAAGTACC-1,CD4 T cell
CTTCATGACCGAAT-1,CD8 T cell
CTTGAACTACGCAT-1,CD4 T cell
CTTGATTGAGGTTC-1,NK cell
CTTGATTGATCTTC-1,FCGR3A+ monocyte
CTTGATTGCATTCT-1,CD4 T cell
CTTGATTGTTTCGT-1,CD4 T cell
CTTGTATGACACCA-1,B cell
CTTGTATGCGCAAT-1,B cell
CTTTACGAGCGAAG-1,Naive CD4 T cell
CTTTAGACCGTGAT-1,Naive CD4 T cell
CTTTAGACGAGACG-1,CD4 T cell
CTTTAGACGATACC-1,CD4 T cell
CTTTAGACGTTGGT-1,CD8 T cell
CTTTAGACTCATTC-1,CD8 T cell
CTTTAGTGACGGGA-1,NK cell
CTTTAGTGGGTGGA-1,Naive CD4 T cell
CTTTCAGAGAAACA-1,CD4 T cell
CTTTGATGAGCACT-1,CD4 T cell
CTTTGATGTCTAGG-1,CD4 T cell
CTTTGATGTGTCCC-1,CD4 T cell
CTTTGATGTGTGGT-1,Naive CD4 T cell
GAAACAGAACTACG-1,CD4 T cell
GAAACAGAATCACG-1,CD4 T cell
GAAACAGACATTCT-1,CD4 T cell
GAAACCTGATCGTG-1,CD4 T cell
GAAACCTGATGCCA-1,CD4 T cell
GAAACCTGCTTATC-1,CD4 T cell
GAAACCTGGACTAC-1,FCGR3A+ monocyte
GAAACCTGTGCTAG-1,CD4 T cell
GAAAGATGATTTCC-1,CD4 T cell
GAAAGATGCTGATG-1,FCGR3A+ monocyte
GAAAGATGCTTCGC-1,CD14 monocyte
GAAAGATGTAAGGA-1,CD4 T cell
GAAAGATGTTTGCT-1,CD8 T cell
GAAAGCCTACGTTG-1,B cell
GAAAGTGAAAGTGA-1,Dendritic cell
GAAAGTGACCACAA-1,CD14 monocyte
GAAAGTGACTCAAG-1,CD4 T cell
GAAATACTACCAAC-1,CD14 monocyte
GAAATACTCTTAGG-1,B cell
GAAATACTTCCTCG-1,CD4 T cell
GAACACACGTGCAT-1,CD14 monocyte
GAACACACTGCCTC-1,Naive CD4 T cell
GAACAGCTAACTGC-1,FCGR3A+ monocyte
GAACAGCTCTCAGA-1,FCGR3A+ monocyte
GAACCAACCACAAC-1,Naive CD4 T cell
GAACCAACTTCCGC-1,NK cell
GAACCTGAACGTGT-1,CD4 T cell
GAACCTGAGAGACG-1,CD4 T cell
GAACCTGATGAACC-1,CD4 T cell
GAACGGGATACTTC-1,Naive CD4 T cell
GAACGTTGACGGAG-1,CD8 T cell
GAACTGTGACCTGA-1,FCGR3A+ monocyte
GAACTGTGCCAGTA-1,CD14 monocyte
GAAGAATGCAATCG-1,Naive CD4 T cell
GAAGCGGACCTATT-1,CD14 monocyte
GAAGCTACGAATGA-1,CD14 monocyte
GAAGCTACGGTTTG-1,CD4 T cell
GAAGGGTGAAAGTG-1,CD4 T cell
GAAGGGTGCTTAGG-1,CD14 monocyte
GAAGGTCTGAAAGT-1,CD4 T cell
GAAGGTCTGTTGCA-1,CD4 T cell
GAAGGTCTTAAAGG-1,Dendritic cell
GAAGTAGACTCCCA-1,CD8 T cell
GAAGTAGATCCAAG-1,FCGR3A+ monocyte
GAAGTCACCCTCGT-1,CD14 monocyte
GAAGTCACCCTGTC-1,B cell
GAAGTCTGTCGCAA-1,B cell
GAAGTCTGTTCTGT-1,Naive CD4 T cell
GAAGTGCTAAACGA-1,NK cell
GAAGTGCTCCGCTT-1,CD14 monocyte
GAAGTGCTTAACCG-1,CD4 T cell
GAATGCACCCTAAG-1,CD4 T cell
GAATGCACCTTCGC-1,NK cell
GAATGCTGCGGTAT-1,Naive CD4 T cell
GAATGGCTAAGATG-1,Naive CD4 T cell
GAATTAACGATAAG-1,CD4 T cell
GAATTAACGGTCAT-1,Naive CD4 T cell
GAATTAACGTCGTA-1,NK cell
GAATTAACTGAAGA-1,B cell
GACAACACAGGCGA-1,Naive CD4 T cell
GACAACACATCGTG-1,CD4 T cell
GACAACACTCGCCT-1,Naive CD4 T cell
GACAACTGAGGTTC-1,CD4 T cell
GACAGGGAAGAGTA-1,B cell
GACAGGGAATGCCA-1,CD4 T cell
GACAGTACGAGCTT-1,FCGR3A+ monocyte
GACAGTACTTCGGA-1,FCGR3A+ monocyte
GACAGTTGAGTAGA-1,B cell
GACATTCTCCACCT-1,Dendritic cell
GACCAAACGACTAC-1,CD14 monocyte
GACCAAACGTATCG-1,CD14 monocyte
GACCATGACTCTCG-1,CD14 monocyte
GACCCTACTAAAGG-1,B cell
GACCTAGACCTCAC-1,Naive CD4 T cell
GACCTAGACGAGAG-1,CD4 T cell
GACCTCACAAGGTA-1,Naive CD4 T cell
GACCTCACGTACGT-1,CD14 monocyte
GACCTCTGCATCAG-1,CD4 T cell
GACGAACTCCCACT-1,Naive CD4 T cell
GACGATTGCCAATG-1,B cell
GACGCCGACCTTCG-1,CD4 T cell
GACGCTCTCTCTCG-1,FCGR3A+ monocyte
GACGGCACACGGGA-1,NK cell
GACGGCACGAGATA-1,CD14 monocyte
GACGTAACCTATGG-1,CD4 T cell
GACGTAACCTGTGA-1,CD4 T cell
GACGTAACTATGGC-1,CD4 T cell
GACGTATGTTGACG-1,CD4 T cell
GACGTATGTTTGCT-1,CD4 T cell
GACGTCCTACGGAG-1,CD4 T cell
GACGTCCTCTCAAG-1,CD14 monocyte
GACGTCCTGATAAG-1,B cell
GACTACGATGGTCA-1,B cell
GACTCCTGCTCGCT-1,CD4 T cell
GACTCCTGGGTTAC-1,CD4 T cell
GACTCCTGTTATCC-1,CD4 T cell
GACTCCTGTTGGTG-1,CD14 monocyte
GACTGAACAACCGT-1,B cell
GACTGAACCAATCG-1,CD14 monocyte
GACTGATGTGATGC-1,CD4 T cell
GACTTTACATGCCA-1,Naive CD4 T cell
GACTTTACGACAGG-1,B cell
GAGAAATGTTCTCA-1,B cell
GAGATAGAAAAAGC-1,CD14 monocyte
GAGATCACGACAAA-1,FCGR3A+ monocyte
GAGATGCTCTGGAT-1,CD8 T cell
GAGATGCTGAATGA-1,CD4 T cell
GAGCAGGATTCCCG-1,CD8 T cell
GAGCATACTTTGCT-1,FCGR3A+ monocyte
GAGCGCACGCGTAT-1,CD14 monocyte
GAGCGCACGGTGAG-1,CD8 T cell
GAGCGCTGAAGATG-1,NK cell
GAGCGCTGTCTTAC-1,CD14 monocyte
GAGCGGCTGGGAGT-1,B cell
GAGGACGACTCAGA-1,CD8 T cell
GAGGATCTGAAAGT-1,B cell
GAGGCAGACTTGCC-1,NK cell
GAGGGAACACCAGT-1,CD4 T cell
GAGGGAACGAGGGT-1,CD4 T cell
GAGGGATGGGAAAT-1,CD4 T cell
GAGGGCCTTCACCC-1,CD4 T cell
GAGGGTGAAGAGTA-1,CD4 T cell
GAGGTACTACGGTT-1,CD4 T cell
GAGGTACTACTCAG-1,CD14 monocyte
GAGGTACTGACACT-1,NK cell
GAGGTACTGGGAGT-1,Naive CD4 T cell
GAGGTACTTAGCGT-1,CD14 monocyte
GAGGTGGAGTACGT-1,Naive CD4 T cell
GAGGTGGATCCTCG-1,NK cell
GAGGTTACTCGTTT-1,CD14 monocyte
GAGGTTTGTAAGCC-1,CD14 monocyte
GAGTCAACCATTCT-1,CD4 T cell
GAGTCAACGGGAGT-1,Naive CD4 T cell
GAGTCTGATCGTGA-1,CD4 T cell
GAGTCTGATTTGGG-1,B cell
GAGTGACTCAGCTA-1,CD4 T cell
GAGTGACTCGGTAT-1,CD8 T cell
GAGTGACTCTTGCC-1,B cell
GAGTGACTGACTAC-1,B cell
GAGTGACTGTCTAG-1,CD4 T cell
GAGTGGGAGTCTTT-1,B cell
GAGTGGGATGCCCT-1,Naive CD4 T cell
GAGTGGGATGCTGA-1,B cell
GAGTGTTGCTGTAG-1,CD4 T cell
GAGTGTTGTGGTCA-1,Naive CD4 T cell
GAGTTGTGCATGGT-1,CD14 monocyte
GAGTTGTGCTGAGT-1,CD8 T cell
GAGTTGTGGCGAGA-1,CD14 monocyte
GAGTTGTGGTAGCT-1,FCGR3A+ monocyte
GAGTTGTGTATGCG-1,FCGR3A+ monocyte
GATAAGGAGAAACA-1,CD14 monocyte
GATAAGGATTCACT-1,CD14 monocyte
GATACTCTATCGGT-1,CD4 T cell
GATACTCTTACTTC-1,CD4 T cell
GATACTCTTGACTG-1,CD14 monocyte
GATAGAGAAGGGTG-1,NK cell
GATAGAGACTGTGA-1,CD4 T cell
GATAGAGATCACGA-1,Dendritic cell
GATAGCACCCATAG-1,CD4 T cell
GATAGCACGAAGGC-1,CD14 monocyte
GATAGCACTTGTCT-1,CD4 T cell
GATATAACAAGGTA-1,CD4 T cell
GATATAACACGCAT-1,Naive CD4 T cell
GATATATGCTGGAT-1,Naive CD4 T cell
GATATATGTCCGTC-1,NK cell
GATATATGTGGAGG-1,CD14 monocyte
GATATCCTAGAAGT-1,CD4 T cell
GATATCCTCCCGTT-1,CD14 monocyte
GATATTGACAGGAG-1,CD4 T cell
GATATTGACGAGTT-1,FCGR3A+ monocyte
GATATTGAGCCAAT-1,Naive CD4 T cell
GATCCCTGACCTTT-1,NK cell
GATCCCTGTGTAGC-1,CD8 T cell
GATCCGCTGGTCAT-1,CD14 monocyte
GATCGAACCGAGAG-1,CD4 T cell
GATCGATGACTAGC-1,B cell
GATCGATGGTAAAG-1,B cell
GATCGATGTAAGGA-1,CD14 monocyte
GATCGTGACACTAG-1,CD4 T cell
GATCGTGATTCACT-1,CD4 T cell
GATCTACTGGTGAG-1,CD4 T cell
GATCTACTTTGCAG-1,B cell
GATCTTACACCCAA-1,FCGR3A+ monocyte
GATCTTACCCTACC-1,CD4 T cell
GATCTTACGAATAG-1,CD14 monocyte
GATCTTACGAGATA-1,CD14 monocyte
GATGCAACTCCAGA-1,CD4 T cell
GATGCCCTACGTAC-1,CD4 T cell
GATGCCCTCTCATT-1,CD4 T cell
GATGCCCTGGCAAG-1,CD14 monocyte
GATGCCCTTTTGCT-1,Naive CD4 T cell
GATTACCTTGTTCT-1,Naive CD4 T cell
GATTCGGAACGACT-1,Naive CD4 T cell
GATTCGGACAGGAG-1,CD14 monocyte
GATTCGGAGAAGGC-1,FCGR3A+ monocyte
GATTCTTGATTCGG-1,CD14 monocyte
GATTCTTGCCGATA-1,CD4 T cell
GATTCTTGCGAGTT-1,B cell
GATTGGACCCGTTC-1,B cell
GATTGGACGGTGTT-1,B cell
GATTGGACTTTCGT-1,B cell
GATTGGTGTGTCAG-1,CD4 T cell
GATTTAGACACTCC-1,FCGR3A+ monocyte
GATTTAGACTAAGC-1,B cell
GATTTAGATTCGTT-1,CD14 monocyte
GATTTGCTAACGAA-1,CD4 T cell
GATTTGCTAACGGG-1,CD14 monocyte
GCAACCCTCCTCGT-1,CD14 monocyte
GCAACTGATTGCGA-1,Naive CD4 T cell
GCAAGACTACTGGT-1,CD4 T cell
GCAAGACTAGGTCT-1,CD4 T cell
GCAAGACTCCCTTG-1,CD4 T cell
GCAATCGACTGCAA-1,CD8 T cell
GCAATCGAGACGTT-1,FCGR3A+ monocyte
GCAATCGATCCTTA-1,CD14 monocyte
GCAATTCTCGTGTA-1,CD4 T cell
GCAATTCTTCTCCG-1,CD4 T cell
GCACAAACAATGCC-1,CD8 T cell
GCACAAACGGTACT-1,CD4 T cell
GCACAATGGTGCAT-1,Dendritic cell
GCACACCTGTGCTA-1,NK cell
GCACCACTCATGAC-1,CD14 monocyte
GCACCACTGTTTGG-1,CD14 monocyte
GCACCACTTCCTTA-1,NK cell
GCACCACTTTCGGA-1,CD14 monocyte
GCACCTACGCGATT-1,CD4 T cell
GCACCTTGGCTGTA-1,Naive CD4 T cell
GCACCTTGGGGAGT-1,CD14 monocyte
GCACGGACCAGCTA-1,CD4 T cell
GCACGGTGACCTCC-1,CD4 T cell
GCACGGTGCTATGG-1,CD14 monocyte
GCACTAGAACGGGA-1,CD4 T cell
GCACTAGAAGATGA-1,B cell
GCACTAGACCTTTA-1,FCGR3A+ monocyte
GCACTAGACGTAAC-1,B cell
GCACTAGAGTCGTA-1,CD8 T cell
GCACTAGATGCAAC-1,CD4 T cell
GCACTGCTGAGGCA-1,CD4 T cell
GCAGATACAGCGTT-1,CD8 T cell
GCAGATACGACGGA-1,CD4 T cell
GCAGATACGCAGAG-1,CD4 T cell
GCAGCCGACAGTCA-1,CD4 T cell
GCAGCGTGCACTCC-1,CD4 T cell
GCAGCTCTCAATCG-1,CD4 T cell
GCAGCTCTGTTTCT-1,CD4 T cell
GCAGGGCTAAGAAC-1,Naive CD4 T cell
GCAGGGCTAAGGGC-1,CD4 T cell
GCAGGGCTATCGAC-1,NK cell
GCAGGGCTTGGGAG-1,CD8 T cell
GCAGTCCTAACTGC-1,CD4 T cell
GCAGTCCTCTCTTA-1,Naive CD4 T cell
GCATCAGATGCGTA-1,CD8 T cell
GCATGTGACAAGCT-1,CD4 T cell
GCATTGGAGAAGGC-1,CD4 T cell
GCCAAAACGAGGCA-1,CD8 T cell
GCCAAATGATCGAC-1,CD4 T cell
GCCAACCTACGGTT-1,CD4 T cell
GCCAACCTCGCCTT-1,Naive CD4 T cell
GCCACGGAGGCGAA-1,CD14 monocyte
GCCACGGATACTGG-1,CD4 T cell
GCCACTACCTACTT-1,B cell
GCCACTACGTCTTT-1,CD4 T cell
GCCCAACTACCGAT-1,CD4 T cell
GCCCAACTATGGTC-1,NK cell
GCCCATACAGCGTT-1,CD4 T cell
GCCGACGAACTCTT-1,CD14 monocyte
GCCGAGTGCGTTGA-1,CD4 T cell
GCCGGAACGAACTC-1,CD8 T cell
GCCGGAACGTTCTT-1,NK cell
GCCGGAACTGCACA-1,NK cell
GCCGGAACTTACTC-1,CD4 T cell
GCCGTACTACCTGA-1,Naive CD4 T cell
GCCGTACTGGCAAG-1,CD14 monocyte
GCCTACACAGTTCG-1,NK cell
GCCTACACCACTGA-1,FCGR3A+ monocyte
GCCTACACCTTGAG-1,CD4 T cell
GCCTAGCTACGGAG-1,B cell
GCCTAGCTCTATTC-1,CD4 T cell
GCCTAGCTTCTCAT-1,CD4 T cell
GCCTAGCTTCTCTA-1,FCGR3A+ monocyte
GCCTCAACCATGGT-1,CD4 T cell
GCCTCAACTCTTTG-1,CD4 T cell
GCCTCATGTCTTAC-1,CD8 T cell
GCCTGACTCTCAAG-1,CD14 monocyte
GCGAAGGAACTCTT-1,CD8 T cell
GCGAAGGAGAGCTT-1,CD4 T cell
GCGAAGGATGCCAA-1,CD4 T cell
GCGAGAGAGGGACA-1,CD4 T cell
GCGAGCACTGTCGA-1,B cell
GCGAGCACTTGACG-1,CD4 T cell
GCGAGCACTTGCTT-1,CD14 monocyte
GCGATATGGTACGT-1,CD4 T cell
GCGATATGGTGTTG-1,Naive CD4 T cell
GCGCACGAAGTCGT-1,Naive CD4 T cell
GCGCACGACTTTAC-1,CD14 monocyte
GCGCATCTAGGTCT-1,Naive CD4 T cell
GCGCATCTGGTTAC-1,FCGR3A+ monocyte
GCGCATCTTCGATG-1,CD4 T cell
GCGCATCTTGCTCC-1,NK cell
GCGCATCTTTCTAC-1,CD4 T cell
GCGCGAACGTTCTT-1,B cell
GCGCGATGAACGGG-1,CD4 T cell
GCGCGATGGTGCAT-1,NK cell
GCGGAGCTCCTGAA-1,CD4 T cell
GCGGCAACCCGATA-1,CD4 T cell
GCGGCAACGGAGGT-1,B cell
GCGGCAACTGTCGA-1,CD14 monocyte
GCGTAAACACGGTT-1,Dendritic cell
GCGTAATGCACCAA-1,FCGR3A+ monocyte
GCGTATGAACACCA-1,CD4 T cell
GCGTATGATGAGAA-1,CD14 monocyte
GCTACAGAAAGGTA-1,CD4 T cell
GCTACAGAATCTTC-1,B cell
GCTACAGATCTTAC-1,CD4 T cell
GCTACCTGAGAAGT-1,CD14 monocyte
GCTACCTGATCACG-1,CD4 T cell
GCTACGCTAGAATG-1,CD4 T cell
GCTACGCTAGCTAC-1,Naive CD4 T cell
GCTACGCTCCCTAC-1,CD4 T cell
GCTAGAACAGAGGC-1,B cell
GCTAGAACGGATCT-1,CD4 T cell
GCTAGAACTCCCGT-1,Naive CD4 T cell
GCTAGATGAGCTCA-1,CD14 monocyte
GCTAGATGGCGATT-1,CD8 T cell
GCTATACTAAGGCG-1,CD4 T cell
GCTATACTAGCGTT-1,CD8 T cell
GCTATACTCTCTTA-1,Naive CD4 T cell
GCTATACTGGACGA-1,CD4 T cell
GCTCAAGAACCATG-1,FCGR3A+ monocyte
GCTCAAGAAGTCAC-1,CD14 monocyte
GCTCAGCTGTCTAG-1,Naive CD4 T cell
GCTCCATGAGAAGT-1,NK cell
GCTCCATGCCGAAT-1,CD4 T cell
GCTCGACTCTAGTG-1,CD14 monocyte
GCTGATGAGGTATC-1,CD14 monocyte
GCTTAACTACAGTC-1,CD14 monocyte
GCTTAACTACTGGT-1,NK cell
GCTTAACTGCTGAT-1,CD4 T cell
GCTTAACTTAGACC-1,CD14 monocyte
GCTTAACTTCAGTG-1,CD4 T cell
GGAACACTCACTTT-1,CD14 monocyte
GGAACACTTCAGAC-1,FCGR3A+ monocyte
GGAACTACTACTTC-1,CD4 T cell
GGAACTTGAAGGTA-1,CD14 monocyte
GGAACTTGAGAATG-1,CD4 T cell
GGAACTTGCTCCAC-1,CD14 monocyte
GGAACTTGGGTAGG-1,B cell
GGAAGGACATCGGT-1,CD14 monocyte
GGAAGGACCACTAG-1,CD4 T cell
GGAAGGACGAGGGT-1,CD4 T cell
GGAAGGACGCGAAG-1,CD4 T cell
GGAAGGTGGCGAGA-1,NK cell
GGAATCTGAAGGGC-1,CD4 T cell
GGAATCTGAGGAGC-1,CD4 T cell
GGAATCTGCTTAGG-1,B cell
GGAATCTGCTTGTT-1,CD14 monocyte
GGAATCTGGGAGGT-1,CD4 T cell
GGAATGCTTTCTAC-1,Naive CD4 T cell
GGACAGGAAAGGGC-1,CD8 T cell
GGACAGGAGTGCTA-1,B cell
GGACAGGATCTCGC-1,CD4 T cell
GGACCCGAAGCTAC-1,CD14 monocyte
GGACCGTGCTTACT-1,CD14 monocyte
GGACCGTGGGAACG-1,Dendritic cell
GGACCGTGTAACGC-1,CD4 T cell
GGACCTCTGTAAGA-1,CD14 monocyte
GGACCTCTTTTCTG-1,CD8 T cell
GGACGAGAGTGTCA-1,CD14 monocyte
GGACGCTGACGCAT-1,CD8 T cell
GGACGCTGCTAGCA-1,Naive CD4 T cell
GGACGCTGTCCTCG-1,NK cell
GGAGAGACGTGAGG-1,B cell
GGAGCAGATTCAGG-1,B cell
GGAGCCACCTTCTA-1,B cell
GGAGCGCTACGCAT-1,CD14 monocyte
GGAGCGCTCCGAAT-1,CD4 T cell
GGAGGATGCCACCT-1,Naive CD4 T cell
GGAGGATGGTTGAC-1,CD14 monocyte
GGAGGATGTCAGTG-1,CD14 monocyte
GGAGGCCTCGTTGA-1,NK cell
GGAGGCCTTTCTTG-1,CD4 T cell
GGAGGTGATACGCA-1,CD4 T cell
GGAGGTGATCGCTC-1,Naive CD4 T cell
GGATACTGCAGCTA-1,CD4 T cell
GGATACTGTCTAGG-1,CD4 T cell
GGATAGCTCGTCTC-1,CD4 T cell
GGATAGCTCTGAAC-1,CD8 T cell
GGATGTACCAAAGA-1,B cell
GGATGTACGCGAAG-1,CD4 T cell
GGATGTACGTCTTT-1,CD14 monocyte
GGATGTACGTGTCA-1,CD8 T cell
GGATTTCTAGGTTC-1,CD4 T cell
GGATTTCTTTGTCT-1,FCGR3A+ monocyte
GGCAAGGAAAAAGC-1,NK cell
GGCAAGGAAGAAGT-1,CD4 T cell
GGCAAGGACTTGGA-1,CD14 monocyte
GGCAAGGAGGACTT-1,CD4 T cell
GGCAATACGCTAAC-1,B cell
GGCAATACGGCATT-1,CD8 T cell
GGCAATACGTTTCT-1,B cell
GGCACGTGGCTTAG-1,FCGR3A+ monocyte
GGCACGTGTGAGAA-1,B cell
GGCACTCTTTTGTC-1,CD4 T cell
GGCATATGCTTATC-1,NK cell
GGCATATGGGGAGT-1,FCGR3A+ monocyte
GGCATATGTGTGAC-1,CD4 T cell
GGCCACGACAGAGG-1,Naive CD4 T cell
GGCCAGACTGGTTG-1,CD4 T cell
GGCCCAGAAAGTAG-1,CD14 monocyte
GGCCGAACAACGAA-1,Naive CD4 T cell
GGCCGAACGCAGAG-1,CD4 T cell
GGCCGAACGTAGGG-1,CD4 T cell
GGCCGAACTCTAGG-1,NK cell
GGCCGATGCAGGAG-1,CD4 T cell
GGCCGATGCCGAAT-1,CD4 T cell
GGCCGATGTACTCT-1,CD8 T cell
GGCGACACTGCCCT-1,CD8 T cell
GGCGACTGCGTAAC-1,CD4 T cell
GGCGCATGCCTAAG-1,FCGR3A+ monocyte
GGCGCATGCTCCAC-1,CD4 T cell
GGCGCATGTGGAAA-1,CD4 T cell
GGCGGACTAGAGGC-1,CD4 T cell
GGCGGACTAGGAGC-1,CD8 T cell
GGCGGACTCTGACA-1,Naive CD4 T cell
GGCGGACTCTTGGA-1,CD8 T cell
GGCGGACTTACTGG-1,Naive CD4 T cell
GGCGGACTTGAACC-1,Naive CD4 T cell
GGCTAAACACCTGA-1,CD8 T cell
GGCTAAACTCTTAC-1,Naive CD4 T cell
GGCTAATGAGCACT-1,CD8 T cell
GGCTAATGGTCTAG-1,Naive CD4 T cell
GGCTCACTACTCAG-1,CD14 monocyte
GGGAACGAAGCTCA-1,FCGR3A+ monocyte
GGGAACGACACAAC-1,B cell
GGGAACGAGTGTCA-1,CD14 monocyte
GGGAAGTGTTGAGC-1,CD14 monocyte
GGGACCACACGTTG-1,NK cell
GGGACCACAGAACA-1,CD4 T cell
GGGACCACGAATAG-1,CD4 T cell
GGGACCACGTCATG-1,CD4 T cell
GGGACCACTCAAGC-1,Naive CD4 T cell
GGGACCACTCGTGA-1,Naive CD4 T cell
GGGACCACTGCATG-1,Naive CD4 T cell
GGGACCTGACCCTC-1,CD14 monocyte
GGGACCTGCTTGCC-1,CD4 T cell
GGGACCTGTGGAGG-1,B cell
GGGATGGACGACAT-1,B cell
GGGATGGATACTTC-1,CD4 T cell
GGGATGGATGGTTG-1,CD14 monocyte
GGGATTACGTCTAG-1,CD4 T cell
GGGCAAGATGCATG-1,CD14 monocyte
GGGCACACGGTGAG-1,FCGR3A+ monocyte
GGGCACACGTTGCA-1,CD4 T cell
GGGCAGCTTGGGAG-1,CD8 T cell
GGGCAGCTTTTCTG-1,Naive CD4 T cell
GGGCCAACCTTGGA-1,Dendritic cell
GGGCCAACGCGTTA-1,B cell
GGGCCAACTACGCA-1,CD14 monocyte
GGGCCAACTCCAAG-1,B cell
GGGCCATGATGGTC-1,CD8 T cell
GGGCCATGTTGACG-1,CD4 T cell
GGGTAACTCAGCTA-1,CD4 T cell
GGGTAACTCTAGTG-1,B cell
GGGTAACTCTGGAT-1,CD4 T cell
GGGTTAACGTGCAT-1,NK cell
GGTAAAGAGCTAAC-1,NK cell
GGTACAACTGCAAC-1,CD4 T cell
GGTACATGAAAGCA-1,B cell
GGTACATGAGCTCA-1,CD8 T cell
GGTACATGCGGTAT-1,Naive CD4 T cell
GGTACATGGTTACG-1,CD8 T cell
GGTACATGTGGGAG-1,CD4 T cell
GGTACTGAACTCTT-1,CD14 monocyte
GGTAGTACACCACA-1,CD8 T cell
GGTAGTACACTAGC-1,CD14 monocyte
GGTAGTACCCTGTC-1,Naive CD4 T cell
GGTAGTACGCCATA-1,CD14 monocyte
GGTAGTACTGTCTT-1,CD4 T cell
GGTATCGAGACAAA-1,CD14 monocyte
GGTATCGATGAACC-1,B cell
GGTCAAACCAAAGA-1,CD4 T cell
GGTCTAGAGAAACA-1,CD14 monocyte
GGTCTAGATAGCGT-1,CD14 monocyte
GGTGATACCGACTA-1,B cell
GGTGATACGACTAC-1,CD14 monocyte
GGTGATACTGTTTC-1,CD4 T cell
GGTGGAGAAACGGG-1,CD8 T cell
GGTGGAGAAGTAGA-1,CD4 T cell
GGTGGAGACAGATC-1,CD8 T cell
GGTGGAGATCGATG-1,CD4 T cell
GGTGGAGATCTCTA-1,CD14 monocyte
GGTGGAGATTACTC-1,NK cell
GGTTTACTACGCAT-1,CD8 T cell
GTAACGTGACCTCC-1,CD14 monocyte
GTAACGTGATCGGT-1,B cell
GTAACGTGCAGCTA-1,B cell
GTAACGTGGTTGAC-1,B cell
GTAAGCACAACGGG-1,CD4 T cell
GTAAGCACTCATTC-1,B cell
GTAAGCTGGTACCA-1,CD14 monocyte
GTAATAACCTTCTA-1,CD14 monocyte
GTAATAACGTTGTG-1,Naive CD4 T cell
GTACCCTGACAGTC-1,FCGR3A+ monocyte
GTACCCTGGAGCTT-1,CD4 T cell
GTACCCTGTCCTTA-1,NK cell
GTACCCTGTGAACC-1,CD4 T cell
GTACGTGAACGTTG-1,CD8 T cell
GTACTTTGTCGACA-1,CD8 T cell
GTAGACTGAGATGA-1,CD14 monocyte
GTAGACTGTATTCC-1,CD4 T cell
GTAGCAACAGTCGT-1,CD14 monocyte
GTAGCAACCATTTC-1,B cell
GTAGCAACGGTAGG-1,CD14 monocyte
GTAGCATGCACTCC-1,B cell
GTAGCATGTAAGCC-1,CD14 monocyte
GTAGCCCTGACGTT-1,Naive CD4 T cell
GTAGCTGAAGCTAC-1,FCGR3A+ monocyte
GTAGCTGAATTCGG-1,CD4 T cell
GTAGGTACACGGGA-1,CD14 monocyte
GTAGTGACCTCATT-1,Naive CD4 T cell
GTAGTGTGAGCGGA-1,NK cell
GTAGTGTGAGGCGA-1,CD14 monocyte
GTAGTGTGTGGTTG-1,CD4 T cell
GTATCACTGGTAGG-1,CD14 monocyte
GTATCTACAGAAGT-1,NK cell
GTATCTACGACGAG-1,CD8 T cell
GTATCTACGTTACG-1,CD4 T cell
GTATTAGAAACAGA-1,CD4 T cell
GTATTAGAGGTCTA-1,Naive CD4 T cell
GTATTCACACAGCT-1,Naive CD4 T cell
GTATTCACGGGTGA-1,CD8 T cell
GTCAACGACACTGA-1,CD4 T cell
GTCAACGAGTGTAC-1,CD14 monocyte
GTCAACGATCAGGT-1,CD8 T cell
GTCAATCTACACCA-1,CD8 T cell
GTCAATCTGTAGCT-1,CD8 T cell
GTCAATCTTGTGGT-1,CD4 T cell
GTCACCTGCCTCCA-1,CD4 T cell
GTCACCTGTCCCGT-1,CD4 T cell
GTCATACTAATCGC-1,B cell
GTCATACTGCGATT-1,NK cell
GTCATACTTCGCCT-1,FCGR3A+ monocyte
GTCATACTTTACCT-1,CD8 T cell
GTCATACTTTGACG-1,CD4 T cell
GTCCAAGAAAAACG-1,Naive CD4 T cell
GTCCACTGACCTCC-1,CD4 T cell
GTCCACTGGGTACT-1,FCGR3A+ monocyte
GTCCAGCTACGGGA-1,CD4 T cell
GTCCCATGTGGTGT-1,FCGR3A+ monocyte
GTCGAATGAAGGCG-1,CD14 monocyte
GTCGACCTGAATGA-1,NK cell
GTCGACCTGTTCAG-1,CD8 T cell
GTCGCACTTGAGAA-1,B cell
GTCTAACTGGTCTA-1,FCGR3A+ monocyte
GTCTAGGAGCTTCC-1,CD14 monocyte
GTGAACACACTCTT-1,Naive CD4 T cell
GTGAACACAGATCC-1,CD8 T cell
GTGAACACTCAGGT-1,CD4 T cell
GTGACCCTTAAGCC-1,CD8 T cell
GTGATGACAAGTGA-1,CD4 T cell
GTGATGACCTGAGT-1,B cell
GTGATGACGGTTTG-1,CD8 T cell
GTGATTCTCATTTC-1,CD4 T cell
GTGATTCTCTCTCG-1,CD14 monocyte
GTGATTCTGGTTCA-1,NK cell
GTGATTCTGTCGAT-1,CD4 T cell
GTGATTCTTAGCGT-1,B cell
GTGCCACTCAGGAG-1,Naive CD4 T cell
GTGGATTGCACTAG-1,FCGR3A+ monocyte
GTGGATTGCGGAGA-1,CD4 T cell
GTGGATTGTAACGC-1,Naive CD4 T cell
GTGTACGATCAGTG-1,CD4 T cell
GTGTAGTGGGTACT-1,CD4 T cell
GTGTATCTAGCCTA-1,B cell
GTGTATCTAGTAGA-1,CD8 T cell
GTGTATCTGTTACG-1,B cell
GTGTCAGAAGCGTT-1,CD8 T cell
GTGTCAGAATGCTG-1,Naive CD4 T cell
GTTAAAACCGAGAG-1,NK cell
GTTAAAACTTCGCC-1,Naive CD4 T cell
GTTAAATGCTCGAA-1,Naive CD4 T cell
GTTAAATGTCGACA-1,B cell
GTTAACCTAGCTAC-1,CD4 T cell
GTTAACCTTGCTTT-1,Dendritic cell
GTTAGGTGCACTCC-1,Naive CD4 T cell
GTTAGGTGCCAGTA-1,CD14 monocyte
GTTAGGTGCCCAAA-1,FCGR3A+ monocyte
GTTAGGTGGAACTC-1,B cell
GTTAGTCTAAGAAC-1,CD8 T cell
GTTATAGAGGACAG-1,CD8 T cell
GTTATGCTTTCATC-1,CD4 T cell
GTTCAACTGGGACA-1,NK cell
GTTCAACTTATGCG-1,Naive CD4 T cell
GTTGACGAGCCCTT-1,NK cell
GTTGACGATATCGG-1,NK cell
GTTGAGTGGTCTTT-1,CD14 monocyte
GTTGAGTGTGCTTT-1,CD4 T cell
GTTGATCTGGGACA-1,Naive CD4 T cell
GTTGATCTTTTCAC-1,CD8 T cell
GTTGGATGTTTACC-1,FCGR3A+ monocyte
GTTGTACTATTCCT-1,CD14 monocyte
GTTGTACTTTTGGG-1,Naive CD4 T cell
GTTTAAGACCATGA-1,CD14 monocyte
GTTTAAGACTGTCC-1,CD8 T cell
TAAACAACCAACCA-1,CD4 T cell
TAAACAACGAATCC-1,B cell
TAAAGACTCAGGAG-1,CD4 T cell
TAAATCGATGAGGG-1,CD4 T cell
TAACAATGTGCCCT-1,B cell
TAACACCTTCGCTC-1,CD14 monocyte
TAACACCTTCGTAG-1,CD14 monocyte
TAACACCTTGTTTC-1,FCGR3A+ monocyte
TAACATGACACTAG-1,B cell
TAACCGGACTTACT-1,Naive CD4 T cell
TAACGTCTCAACCA-1,CD14 monocyte
TAACGTCTCATTGG-1,CD4 T cell
TAACTAGAATTTCC-1,CD4 T cell
TAACTAGACTTAGG-1,CD4 T cell
TAACTAGATCTGGA-1,CD4 T cell
TAACTCACGAGGAC-1,CD14 monocyte
TAACTCACGTACAC-1,B cell
TAACTCACGTATCG-1,CD14 monocyte
TAACTCACTCTACT-1,NK cell
TAAGAACTGTGTCA-1,CD14 monocyte
TAAGAGGACTAAGC-1,B cell
TAAGAGGACTTGTT-1,NK cell
TAAGATACCCACAA-1,Naive CD4 T cell
TAAGATACGGTTCA-1,CD14 monocyte
TAAGATTGCGTAGT-1,CD4 T cell
TAAGATTGTTGCTT-1,CD4 T cell
TAAGCGTGAGGTTC-1,CD14 monocyte
TAAGCGTGGACAAA-1,CD14 monocyte
TAAGCGTGGGAAAT-1,CD4 T cell
TAAGCGTGTGCTCC-1,FCGR3A+ monocyte
TAAGGCTGCCATGA-1,CD4 T cell
TAAGGCTGCTGCTC-1,Naive CD4 T cell
TAAGGCTGTCTCGC-1,CD14 monocyte
TAAGGGCTGCTGTA-1,CD4 T cell
TAAGGGCTTTACTC-1,CD4 T cell
TAAGTAACCGAGAG-1,B cell
TAAGTAACCTCCAC-1,B cell
TAAGTAACCTGTAG-1,CD4 T cell
TAAGTAACTTGTCT-1,CD4 T cell
TAATGATGAGCGGA-1,CD4 T cell
TAATGCCTCATGAC-1,CD4 T cell
TAATGCCTCGTCTC-1,NK cell
TAATGTGAAGATGA-1,Naive CD4 T cell
TAATGTGACTGCAA-1,CD14 monocyte
TAATGTGATTACTC-1,CD8 T cell
TACAAATGGGTACT-1,CD4 T cell
TACAATGAAAACAG-1,CD14 monocyte
TACAATGACTTAGG-1,CD4 T cell
TACAATGATGCTAG-1,CD8 T cell
TACACACTCACACA-1,CD4 T cell
TACACACTCTTACT-1,CD4 T cell
TACATAGAACGCAT-1,CD8 T cell
TACATCACACGGGA-1,CD4 T cell
TACATCACCTGTTT-1,FCGR3A+ monocyte
TACATCACGCTAAC-1,B cell
TACATCACTGAACC-1,FCGR3A+ monocyte
TACCATTGAGGTTC-1,CD4 T cell
TACCATTGCGGGAA-1,CD14 monocyte
TACCATTGGGGATG-1,CD14 monocyte
TACCATTGTGAGGG-1,CD14 monocyte
TACCGGCTGTTGGT-1,Naive CD4 T cell
TACGAGTGATCTCT-1,Naive CD4 T cell
TACGAGTGATGCTG-1,FCGR3A+ monocyte
TACGAGTGCGGAGA-1,CD4 T cell
TACGAGTGGTTGGT-1,CD4 T cell
TACGATCTAGTGTC-1,CD4 T cell
TACGATCTCACTGA-1,CD14 monocyte
TACGATCTTACGAC-1,CD8 T cell
TACGCAGACGTCTC-1,B cell
TACGCAGAGAATCC-1,CD8 T cell
TACGCCACATTCCT-1,CD4 T cell
TACGCCACTCCCAC-1,FCGR3A+ monocyte
TACGCCACTCCGAA-1,B cell
TACGCGCTCTTCTA-1,CD8 T cell
TACGGAACGCGTTA-1,B cell
TACGGCCTGGGACA-1,NK cell
TACGGCCTGTCCTC-1,Naive CD4 T cell
TACGTACTACGGAG-1,CD4 T cell
TACGTACTCAGTTG-1,CD4 T cell
TACGTACTCCCGTT-1,B cell
TACGTTACAGAAGT-1,CD4 T cell
TACGTTACCAAGCT-1,CD14 monocyte
TACTAAGAAAGGTA-1,B cell
TACTAAGAATCACG-1,Naive CD4 T cell
TACTAAGATGATGC-1,CD14 monocyte
TACTAAGATTGCGA-1,CD4 T cell
TACTACACGAGAGC-1,CD4 T cell
TACTACACTTACCT-1,B cell
TACTACTGAACCTG-1,CD14 monocyte
TACTACTGATGTCG-1,NK cell
TACTACTGATTCTC-1,CD4 T cell
TACTACTGTATGGC-1,CD4 T cell
TACTCAACGGTCTA-1,CD14 monocyte
TACTCAACTGCTAG-1,B cell
TACTCCCTCAGTTG-1,Naive CD4 T cell
TACTCTGAATCGAC-1,NK cell
TACTCTGACGAGTT-1,CD4 T cell
TACTCTGATTGACG-1,B cell
TACTGGGATCGATG-1,CD4 T cell
TACTGTTGAAAGCA-1,CD4 T cell
TACTGTTGAGGCGA-1,NK cell
TACTGTTGCTGAAC-1,B cell
TACTTGACTCCTCG-1,CD8 T cell
TACTTGACTGGTGT-1,B cell
TACTTTCTTTTGGG-1,CD8 T cell
TAGAAACTAATCGC-1,Naive CD4 T cell
TAGAAACTGCTTCC-1,CD14 monocyte
TAGAAACTGGGATG-1,NK cell
TAGAATTGCGACAT-1,Naive CD4 T cell
TAGAATTGTATCGG-1,CD4 T cell
TAGACGTGCTTGAG-1,CD4 T cell
TAGACGTGTCGCTC-1,CD4 T cell
TAGAGCACCTTACT-1,B cell
TAGATTGACTTGTT-1,B cell
TAGATTGAGGCATT-1,CD8 T cell
TAGCATCTCAGCTA-1,NK cell
TAGCATCTCCCTCA-1,CD4 T cell
TAGCATCTGCTGTA-1,FCGR3A+ monocyte
TAGCATCTGGGACA-1,Naive CD4 T cell
TAGCATCTTGTCGA-1,Naive CD4 T cell
TAGCCCACAAAAGC-1,CD4 T cell
TAGCCCACAGCCAT-1,CD8 T cell
TAGCCCACAGCTAC-1,NK cell
TAGCCCACCCACAA-1,Naive CD4 T cell
TAGCCCTGCGGAGA-1,CD8 T cell
TAGCCGCTTACGAC-1,CD4 T cell
TAGCCGCTTACTTC-1,CD8 T cell
TAGCCGCTTTCCAT-1,CD14 monocyte
TAGCTACTGAATAG-1,B cell
TAGCTACTGTAGCT-1,CD4 T cell
TAGCTACTTTTGCT-1,CD8 T cell
TAGGACTGTGCTGA-1,CD4 T cell
TAGGAGCTAAGGCG-1,B cell
TAGGAGCTGAGGGT-1,CD4 T cell
TAGGAGCTTGCATG-1,B cell
TAGGCAACCGTCTC-1,B cell
TAGGCATGCTCTCG-1,Dendritic cell
TAGGCATGGCGAGA-1,CD8 T cell
TAGGCTGATGCCTC-1,CD14 monocyte
TAGGGACTGAACTC-1,NK cell
TAGGTCGACACTGA-1,Naive CD4 T cell
TAGGTCGAGGATCT-1,B cell
TAGGTGACACACTG-1,CD4 T cell
TAGGTGACACGTTG-1,B cell
TAGGTGTGTTCTGT-1,CD4 T cell
TAGGTTCTGAAGGC-1,CD4 T cell
TAGGTTCTTCTTAC-1,FCGR3A+ monocyte
TAGGTTCTTGCTGA-1,CD14 monocyte
TAGTAAACCTCGCT-1,Naive CD4 T cell
TAGTAAACGTCACA-1,CD4 T cell
TAGTAATGAGATCC-1,CD4 T cell
TAGTACCTAAGAAC-1,CD14 monocyte
TAGTATGATCTTAC-1,B cell
TAGTATGATTCTCA-1,CD4 T cell
TAGTCTTGGCTGTA-1,CD4 T cell
TAGTCTTGGGACTT-1,CD8 T cell
TAGTCTTGTGGAAA-1,CD8 T cell
TAGTGGTGAAGTGA-1,NK cell
TAGTTAGAACCACA-1,NK cell
TAGTTAGATGAACC-1,CD4 T cell
TATAAGACAACAGA-1,CD8 T cell
TATAAGACAGCTCA-1,FCGR3A+ monocyte
TATAAGTGACACCA-1,FCGR3A+ monocyte
TATAAGTGTATCGG-1,CD14 monocyte
TATAAGTGTGGTGT-1,FCGR3A+ monocyte
TATACAGAACCCTC-1,CD8 T cell
TATACAGAAGAACA-1,Naive CD4 T cell
TATACAGATCCAGA-1,CD4 T cell
TATACCACCTGATG-1,B cell
TATACGCTACCAAC-1,CD4 T cell
TATAGATGGACGGA-1,CD4 T cell
TATAGATGTTCCGC-1,FCGR3A+ monocyte
TATCACTGACTGTG-1,CD14 monocyte
TATCCAACCAGCTA-1,CD14 monocyte
TATCCAACTCTCTA-1,CD8 T cell
TATCGACTACTAGC-1,CD8 T cell
TATCGACTCGATAC-1,FCGR3A+ monocyte
TATCGTACAGATGA-1,CD8 T cell
TATCGTACATTCCT-1,CD14 monocyte
TATCTCGAGAGATA-1,Naive CD4 T cell
TATCTGACAGGTTC-1,CD8 T cell
TATCTGACTGTTTC-1,CD8 T cell
TATCTTCTAAACAG-1,CD4 T cell
TATGAATGGAGGAC-1,NK cell
TATGAATGTTTGCT-1,FCGR3A+ monocyte
TATGCGGATAACCG-1,CD4 T cell
TATGGGTGCATCAG-1,NK cell
TATGGGTGCTAGCA-1,B cell
TATGGTCTCTACCC-1,CD4 T cell
TATGTCACGGAACG-1,B cell
TATGTCACTAACCG-1,FCGR3A+ monocyte
TATGTCACTTCTCA-1,B cell
TATGTGCTCCGATA-1,CD14 monocyte
TATGTGCTGGATTC-1,Naive CD4 T cell
TATTGCTGAAGAAC-1,CD14 monocyte
TATTGCTGCCGTTC-1,B cell
TATTGCTGTCTGGA-1,CD4 T cell
TATTGCTGTGCACA-1,CD8 T cell
TATTTCCTATTGGC-1,CD14 monocyte
TATTTCCTGGAGGT-1,NK cell
TATTTCCTGGTGTT-1,CD4 T cell
TCAACACTGTTTGG-1,NK cell
TCAAGGACAGCGTT-1,CD4 T cell
TCAAGGACATTCTC-1,CD8 T cell
TCAAGGACGGTGTT-1,CD14 monocyte
TCAATCACACTCTT-1,CD8 T cell
TCAATCACAGTCGT-1,FCGR3A+ monocyte
TCACAACTATGTGC-1,Naive CD4 T cell
TCACAACTTTGCTT-1,CD14 monocyte
TCACATACACTTTC-1,CD4 T cell
TCACATACAGGGTG-1,Naive CD4 T cell
TCACCCGAGACGGA-1,CD14 monocyte
TCACCGTGCTCGCT-1,FCGR3A+ monocyte
TCACCTCTACGACT-1,CD8 T cell
TCACCTCTTCCAAG-1,FCGR3A+ monocyte
TCACGAGAGGAGGT-1,B cell
TCACTATGGGGCAA-1,CD8 T cell
TCACTATGGTTGTG-1,B cell
TCAGACGACGCTAA-1,CD4 T cell
TCAGACGACGTTAG-1,NK cell
TCAGAGACTCCAGA-1,Naive CD4 T cell
TCAGCAGACTCCAC-1,CD4 T cell
TCAGCGCTCTAGTG-1,CD8 T cell
TCAGCGCTGGATCT-1,B cell
TCAGCGCTGGTATC-1,CD8 T cell
TCAGGATGAAGTAG-1,Naive CD4 T cell
TCAGGATGCCTTTA-1,FCGR3A+ monocyte
TCAGTGGAAGATCC-1,CD8 T cell
TCAGTTACCTACGA-1,CD14 monocyte
TCAGTTACTAGAAG-1,CD4 T cell
TCATCAACCCGATA-1,Naive CD4 T cell
TCATCAACTGTTCT-1,FCGR3A+ monocyte
TCATCATGCAGTTG-1,CD4 T cell
TCATCCCTTACTGG-1,CD4 T cell
TCATTCGATACAGC-1,FCGR3A+ monocyte
TCCACGTGGAAACA-1,CD4 T cell
TCCACTCTACACTG-1,CD4 T cell
TCCACTCTGAGCTT-1,CD14 monocyte
TCCACTCTTACTTC-1,B cell
TCCATAACAAAGTG-1,CD4 T cell
TCCATAACCGTAGT-1,B cell
TCCATAACGATGAA-1,CD4 T cell
TCCATAACTACGCA-1,CD4 T cell
TCCATCCTCCCTAC-1,NK cell
TCCCACGATCATTC-1,CD4 T cell
TCCCATCTCAAAGA-1,CD14 monocyte
TCCCGAACACAGTC-1,NK cell
TCCCGAACTTCGCC-1,FCGR3A+ monocyte
TCCCGATGAGATCC-1,CD4 T cell
TCCCGATGCCTGAA-1,CD14 monocyte
TCCCGATGCTGTGA-1,CD8 T cell
TCCCTACTCAACTG-1,B cell
TCCGAAGACAATCG-1,CD14 monocyte
TCCGAAGACGTTAG-1,CD4 T cell
TCCGGACTGAGGTG-1,CD4 T cell
TCCGGACTGTACGT-1,CD8 T cell
TCCTAAACATCGAC-1,CD8 T cell
TCCTAAACCGAGAG-1,CD4 T cell
TCCTAAACCGCATA-1,NK cell
TCCTAATGGTTTGG-1,NK cell
TCCTACCTGTCGTA-1,CD4 T cell
TCCTATGAAAAGCA-1,CD8 T cell
TCGAATCTCTGGTA-1,CD8 T cell
TCGACCTGCCGATA-1,FCGR3A+ monocyte
TCGACGCTTCTATC-1,CD14 monocyte
TCGACGCTTTGACG-1,CD4 T cell
TCGAGAACGACAGG-1,CD4 T cell
TCGAGAACGTTAGC-1,CD4 T cell
TCGAGCCTATCAGC-1,B cell
TCGAGCCTGCGAGA-1,CD8 T cell
TCGAGCCTTGTGAC-1,Naive CD4 T cell
TCGATACTATTCCT-1,CD8 T cell
TCGATACTTGCACA-1,CD4 T cell
TCGATTTGATGCCA-1,CD14 monocyte
TCGATTTGCACTCC-1,CD4 T cell
TCGATTTGCAGCTA-1,NK cell
TCGATTTGCCTACC-1,CD14 monocyte
TCGATTTGTCGTGA-1,B cell
TCGCACACCATCAG-1,CD14 monocyte
TCGCAGCTAGATCC-1,CD8 T cell
TCGCCATGAGACTC-1,Naive CD4 T cell
TCGCCATGTGGTCA-1,B cell
TCGGACCTAACAGA-1,CD4 T cell
TCGGACCTATAAGG-1,B cell
TCGGACCTGTACAC-1,CD4 T cell
TCGGTAGAGTAGGG-1,Naive CD4 T cell
TCGGTAGATCCCAC-1,B cell
TCGTAGGATCGACA-1,CD4 T cell
TCGTGAGAACTGTG-1,B cell
TCGTTATGGACAAA-1,CD4 T cell
TCTAACACCAGTTG-1,NK cell
TCTAACACGAGCAG-1,Dendritic cell
TCTAACTGAACCAC-1,CD4 T cell
TCTAAGCTAATGCC-1,CD4 T cell
TCTAAGCTTAGTCG-1,NK cell
TCTAAGCTTCTAGG-1,FCGR3A+ monocyte
TCTAAGCTTGTTCT-1,CD14 monocyte
TCTAAGCTTTCGCC-1,B cell
TCTACAACGACTAC-1,CD14 monocyte
TCTAGACTTAGAAG-1,CD14 monocyte
TCTAGTTGCACCAA-1,FCGR3A+ monocyte
TCTATGTGAAGAGT-1,CD14 monocyte
TCTATGTGAGTCTG-1,CD8 T cell
TCTCAAACCTAAGC-1,B cell
TCTCTAGAATTTCC-1,CD4 T cell
TCTGATACACGTGT-1,CD4 T cell
TCTGATACTCGCCT-1,CD4 T cell
TCTTACGAACCTGA-1,CD14 monocyte
TCTTCAGAGCTACA-1,CD14 monocyte
TCTTGATGCGGAGA-1,CD8 T cell
TGAAATTGGTGAGG-1,CD14 monocyte
TGAACCGAAAACGA-1,Naive CD4 T cell
TGAACCGACTACTT-1,FCGR3A+ monocyte
TGAACCGATTCGGA-1,FCGR3A+ monocyte
TGAAGCACTCACGA-1,CD8 T cell
TGAAGCTGAACGAA-1,CD4 T cell
TGAAGCTGAGACTC-1,Naive CD4 T cell
TGAAGCTGCATGGT-1,B cell
TGAAGCTGCGTAAC-1,CD4 T cell
TGAATAACCACTTT-1,CD4 T cell
TGAATAACTCCCAC-1,CD8 T cell
TGACACGACCTTAT-1,B cell
TGACCAGACAACCA-1,CD4 T cell
TGACCAGAGGATTC-1,Naive CD4 T cell
TGACCGCTAAAAGC-1,CD4 T cell
TGACCGCTCTGCAA-1,Naive CD4 T cell
TGACGATGCAAAGA-1,CD14 monocyte
TGACGCCTGTACCA-1,CD4 T cell
TGACGCCTTTACTC-1,CD4 T cell
TGACTGGAAGAGAT-1,CD14 monocyte
TGACTGGACCGTAA-1,CD4 T cell
TGACTGGACGCAAT-1,CD4 T cell
TGACTGGAGGACAG-1,B cell
TGACTGGATTCTCA-1,CD4 T cell
TGACTTACACACCA-1,CD4 T cell
TGACTTACAGTCTG-1,CD14 monocyte
TGACTTTGCGCATA-1,Naive CD4 T cell
TGACTTTGTTTGTC-1,CD4 T cell
TGAGACACAAGGTA-1,CD4 T cell
TGAGACACTCAAGC-1,CD8 T cell
TGAGACACTGTGCA-1,CD4 T cell
TGAGCTGAATGCTG-1,FCGR3A+ monocyte
TGAGCTGACTGGAT-1,CD14 monocyte
TGAGCTGAGCGAGA-1,CD4 T cell
TGAGCTGATGCTAG-1,CD14 monocyte
TGAGGACTCTCATT-1,CD14 monocyte
TGAGGACTTCATTC-1,CD4 T cell
TGAGGTACGAACCT-1,FCGR3A+ monocyte
TGAGTCGAGTTACG-1,B cell
TGAGTGACTGAGCT-1,CD4 T cell
TGATAAACGAATCC-1,CD4 T cell
TGATAAACTCCGTC-1,NK cell
TGATAAACTTTCAC-1,Naive CD4 T cell
TGATACCTCACTAG-1,CD14 monocyte
TGATACCTGTTGGT-1,CD4 T cell
TGATACCTTATGCG-1,CD4 T cell
TGATACCTTGAAGA-1,CD4 T cell
TGATATGAACCTTT-1,CD4 T cell
TGATCACTAGCATC-1,CD8 T cell
TGATCACTCTCGCT-1,Naive CD4 T cell
TGATCACTTCTACT-1,B cell
TGATCGGACTGACA-1,FCGR3A+ monocyte
TGATCGGAGGAGCA-1,B cell
TGATCGGATATGCG-1,FCGR3A+ monocyte
TGATTAGACATTGG-1,CD4 T cell
TGATTAGATGACTG-1,B cell
TGATTAGATGCTAG-1,CD4 T cell
TGATTCACTATGCG-1,Naive CD4 T cell
TGATTCACTGTCAG-1,B cell
TGATTCTGCCGAAT-1,CD4 T cell
TGATTCTGCTCTTA-1,CD4 T cell
TGCAAGTGAGAACA-1,CD4 T cell
TGCAAGTGGGTAGG-1,CD14 monocyte
TGCAATCTTCAGGT-1,Dendritic cell
TGCACAGACGACAT-1,NK cell
TGCCAAGAGCAGTT-1,FCGR3A+ monocyte
TGCCAAGATCTCTA-1,CD4 T cell
TGCCACTGAACGTC-1,CD4 T cell
TGCCACTGCGATAC-1,NK cell
TGCCAGCTTGGCAT-1,CD4 T cell
TGCCCAACAGCAAA-1,CD4 T cell
TGCCCAACCGCATA-1,FCGR3A+ monocyte
TGCCGACTCTCCCA-1,B cell
TGCGAAACAGTCAC-1,B cell
TGCGAAACGTTGCA-1,B cell
TGCGATGAACGGTT-1,CD4 T cell
TGCGATGACCTCGT-1,CD4 T cell
TGCGATGACTAGTG-1,B cell
TGCGATGACTGCTC-1,B cell
TGCGATGACTTGCC-1,B cell
TGCGATGAGTGCTA-1,CD14 monocyte
TGCGCACTCTTGAG-1,CD14 monocyte
TGCGTAGAATAAGG-1,CD14 monocyte
TGCGTAGACGGGAA-1,B cell
TGCGTAGATGGTCA-1,FCGR3A+ monocyte
TGCTAGGAAACCGT-1,CD8 T cell
TGCTAGGATAGTCG-1,CD4 T cell
TGCTATACGGTTCA-1,CD14 monocyte
TGCTATACTGCTGA-1,CD8 T cell
TGCTGAGAGAGCAG-1,NK cell
TGCTGAGATTATCC-1,CD4 T cell
TGGAAAGACTCTCG-1,B cell
TGGAAAGAGCGATT-1,CD4 T cell
TGGAAAGAGGTCAT-1,FCGR3A+ monocyte
TGGAAAGATATGGC-1,Naive CD4 T cell
TGGAACACAAACAG-1,NK cell
TGGAACACGCTAAC-1,CD8 T cell
TGGAAGCTCAGATC-1,CD4 T cell
TGGACCCTACACTG-1,CD14 monocyte
TGGACCCTCATGGT-1,CD8 T cell
TGGACCCTGGTACT-1,FCGR3A+ monocyte
TGGACTGAGTATGC-1,CD4 T cell
TGGAGACTATCAGC-1,CD14 monocyte
TGGAGACTGAAACA-1,CD4 T cell
TGGAGACTTCAAGC-1,CD4 T cell
TGGAGACTTGACCA-1,CD8 T cell
TGGAGGGACGGAGA-1,CD14 monocyte
TGGAGGGAGCTATG-1,Naive CD4 T cell
TGGATCGATAAAGG-1,CD4 T cell
TGGATGTGACCTAG-1,B cell
TGGATGTGATGTCG-1,CD8 T cell
TGGATGTGTGAAGA-1,B cell
TGGATTCTCATACG-1,CD8 T cell
TGGCAATGCTTGTT-1,B cell
TGGCAATGGAGGGT-1,CD8 T cell
TGGCACCTTCACGA-1,CD8 T cell
TGGCACCTTCAGTG-1,CD14 monocyte
TGGGTATGAAGAGT-1,CD4 T cell
TGGGTATGCACAAC-1,CD4 T cell
TGGGTATGGTACGT-1,B cell
TGGGTATGTTTGGG-1,CD14 monocyte
TGGTAGACATGCCA-1,CD4 T cell
TGGTAGACCCTCAC-1,NK cell
TGGTAGACCTGATG-1,CD4 T cell
TGGTAGTGCACTGA-1,CD14 monocyte
TGGTATCTAAACAG-1,CD4 T cell
TGGTATCTCTTCCG-1,Naive CD4 T cell
TGGTCAGACCCAAA-1,CD4 T cell
TGGTCAGACCGTTC-1,NK cell
TGGTTACTGACGTT-1,CD14 monocyte
TGGTTACTGTTCTT-1,CD4 T cell
TGTAACCTAGAGGC-1,CD4 T cell
TGTAACCTTGCCTC-1,CD14 monocyte
TGTAATGACACAAC-1,NK cell
TGTAATGAGGTAAA-1,NK cell
TGTACTTGCTCTAT-1,FCGR3A+ monocyte
TGTAGGTGCGAGAG-1,B cell
TGTAGGTGCTATGG-1,CD4 T cell
TGTAGGTGCTCTAT-1,Dendritic cell
TGTAGGTGTGCTGA-1,CD4 T cell
TGTAGTCTTCCAGA-1,CD4 T cell
TGTAGTCTTGCACA-1,CD8 T cell
TGTATCTGTTAGGC-1,CD4 T cell
TGTATGCTCATGGT-1,B cell
TGTATGCTGTAGGG-1,Naive CD4 T cell
TGTATGCTTTCATC-1,Naive CD4 T cell
TGTCAGGAATACCG-1,Naive CD4 T cell
TGTCAGGAGATGAA-1,FCGR3A+ monocyte
TGTCTAACCCCTTG-1,Naive CD4 T cell
TGTGACGATTCTCA-1,CD8 T cell
TGTGAGACTGTCAG-1,FCGR3A+ monocyte
TGTGAGACTTGAGC-1,CD4 T cell
TGTGAGTGACCACA-1,Naive CD4 T cell
TGTGAGTGAGTGCT-1,FCGR3A+ monocyte
TGTGAGTGGAGATA-1,CD8 T cell
TGTGATCTCTCTAT-1,B cell
TGTGATCTGACACT-1,CD8 T cell
TGTGGATGGCCAAT-1,B cell
TGTTAAGACAAAGA-1,CD14 monocyte
TGTTAAGATAAGGA-1,CD14 monocyte
TGTTAAGATTGGCA-1,CD14 monocyte
TGTTACACCGCATA-1,FCGR3A+ monocyte
TGTTACACGACTAC-1,FCGR3A+ monocyte
TGTTACTGGCTACA-1,CD8 T cell
TGTTACTGTAGTCG-1,CD8 T cell
TTAACCACCGTAAC-1,CD4 T cell
TTAACCACTAAGGA-1,NK cell
TTAACCACTCAGAC-1,CD8 T cell
TTACACACGTGTTG-1,CD4 T cell
TTACACACTCCTAT-1,Naive CD4 T cell
TTACCATGAATCGC-1,CD14 monocyte
TTACCATGGTTGAC-1,CD4 T cell
TTACCATGTGTCTT-1,CD4 T cell
TTACCATGTTGTGG-1,B cell
TTACGACTGAGAGC-1,CD4 T cell
TTACGACTTGACAC-1,CD14 monocyte
TTACGTACGTTCAG-1,FCGR3A+ monocyte
TTACTCGAACGTTG-1,Dendritic cell
TTACTCGAAGAATG-1,CD14 monocyte
TTACTCGACGCAAT-1,Dendritic cell
TTACTCGAGGGTGA-1,Naive CD4 T cell
TTACTCGATCTACT-1,NK cell
TTAGAATGTGGTGT-1,Naive CD4 T cell
TTAGAATGTGTAGC-1,Naive CD4 T cell
TTAGACCTCCTACC-1,Naive CD4 T cell
TTAGACCTCCTTTA-1,CD14 monocyte
TTAGCTACAACCGT-1,CD4 T cell
TTAGCTACTGTCCC-1,FCGR3A+ monocyte
TTAGCTACTTTCGT-1,CD4 T cell
TTAGGGACGCGAAG-1,CD8 T cell
TTAGGGTGCTGGAT-1,B cell
TTAGGGTGTCCTGC-1,FCGR3A+ monocyte
TTAGGTCTACTTTC-1,CD14 monocyte
TTAGTCACCAGTTG-1,CD4 T cell
TTAGTCTGAAAGCA-1,B cell
TTAGTCTGCCAACA-1,NK cell
TTAGTCTGTGCACA-1,Naive CD4 T cell
TTATCCGACTAGTG-1,B cell
TTATCCGAGAAAGT-1,CD14 monocyte
TTATGAGAGATAAG-1,Naive CD4 T cell
TTATGCACGTCACA-1,B cell
TTATGGCTTATGGC-1,Dendritic cell
TTATTCCTATGCTG-1,CD14 monocyte
TTATTCCTGGACAG-1,B cell
TTATTCCTGGTACT-1,B cell
TTATTCCTTCGTGA-1,CD4 T cell
TTCAAAGATAAAGG-1,CD8 T cell
TTCAACACAACAGA-1,CD4 T cell
TTCAACACCCCAAA-1,CD14 monocyte
TTCAACACGGACGA-1,FCGR3A+ monocyte
TTCAAGCTAAGAAC-1,CD14 monocyte
TTCAAGCTAGATGA-1,CD4 T cell
TTCAAGCTGTTGAC-1,CD4 T cell
TTCAAGCTTCCAAG-1,Naive CD4 T cell
TTCAAGCTTGATGC-1,CD4 T cell
TTCAAGCTTTCGCC-1,CD4 T cell
TTCACAACCCGTTC-1,CD14 monocyte
TTCACAACGTCTGA-1,FCGR3A+ monocyte
TTCAGACTACCCAA-1,Naive CD4 T cell
TTCAGACTCTCGAA-1,CD4 T cell
TTCAGTACCGACTA-1,CD4 T cell
TTCAGTACTCAAGC-1,CD4 T cell
TTCAGTACTCCTAT-1,CD14 monocyte
TTCAGTTGCCAAGT-1,CD4 T cell
TTCAGTTGTCCTTA-1,Dendritic cell
TTCAGTTGTCTAGG-1,CD8 T cell
TTCAGTTGTCTCGC-1,B cell
TTCATCGAGGTGGA-1,CD14 monocyte
TTCATGTGTGGTGT-1,CD4 T cell
TTCATTCTATGTCG-1,CD14 monocyte
TTCATTCTTCTCTA-1,Naive CD4 T cell
TTCCAAACCTATGG-1,CD14 monocyte
TTCCAAACCTCCCA-1,B cell
TTCCAAACTCCCAC-1,NK cell
TTCCAAACTTGACG-1,CD8 T cell
TTCCATGACGAGAG-1,CD14 monocyte
TTCCATGACTGTCC-1,Naive CD4 T cell
TTCCCACTTGAGGG-1,NK cell
TTCCCACTTGTCTT-1,CD14 monocyte
TTCCTAGAAAGTGA-1,Naive CD4 T cell
TTCCTAGACTAGTG-1,FCGR3A+ monocyte
TTCGAGGACTCTAT-1,CD4 T cell
TTCGAGGAGGGCAA-1,CD4 T cell
TTCGAGGATAGAAG-1,FCGR3A+ monocyte
TTCGATTGAGCATC-1,CD4 T cell
TTCGGAGAATGCCA-1,CD14 monocyte
TTCGGAGATGTGCA-1,CD4 T cell
TTCGTATGAAAAGC-1,CD8 T cell
TTCGTATGGATAGA-1,NK cell
TTCGTATGGTCTGA-1,CD4 T cell
TTCGTATGTCCTTA-1,CD14 monocyte
TTCTACGAACGTAC-1,CD4 T cell
TTCTACGAGTTGGT-1,CD4 T cell
TTCTAGTGACACGT-1,CD4 T cell
TTCTAGTGCATGAC-1,CD14 monocyte
TTCTAGTGGAGAGC-1,NK cell
TTCTAGTGGTCACA-1,FCGR3A+ monocyte
TTCTCAGAAGAGAT-1,CD4 T cell
TTCTCAGAAGCATC-1,B cell
TTCTCAGATGGAGG-1,CD4 T cell
TTCTGATGGAGACG-1,NK cell
TTCTTACTCTGGAT-1,FCGR3A+ monocyte
TTGAACCTCCTTGC-1,B cell
TTGAATGAACTACG-1,FCGR3A+ monocyte
TTGAATGACTTACT-1,Naive CD4 T cell
TTGAATGATCTCAT-1,B cell
TTGACACTCTGTAG-1,CD4 T cell
TTGACACTGATAAG-1,B cell
TTGAGGACAGAACA-1,CD14 monocyte
TTGAGGACTACGCA-1,Dendritic cell
TTGAGGTGGACGGA-1,CD4 T cell
TTGCATTGAGCTAC-1,CD8 T cell
TTGCATTGCTAAGC-1,CD14 monocyte
TTGCATTGTGACTG-1,CD4 T cell
TTGCTAACACCAAC-1,CD8 T cell
TTGCTAACACGCTA-1,FCGR3A+ monocyte
TTGCTAACCACTCC-1,Naive CD4 T cell
TTGCTATGGTACGT-1,CD14 monocyte
TTGCTATGGTAGGG-1,FCGR3A+ monocyte
TTGGAGACCAATCG-1,CD4 T cell
TTGGAGACGCTATG-1,CD14 monocyte
TTGGAGACTATGGC-1,B cell
TTGGGAACTGAACC-1,Naive CD4 T cell
TTGGTACTACTGGT-1,FCGR3A+ monocyte
TTGGTACTCTTAGG-1,Naive CD4 T cell
TTGGTACTGAATCC-1,B cell
TTGGTACTGGATTC-1,B cell
TTGTACACGTTGTG-1,B cell
TTGTACACTTGCAG-1,CD4 T cell
TTGTAGCTAGCTCA-1,CD4 T cell
TTGTAGCTCTCTTA-1,B cell
TTGTCATGGACGGA-1,NK cell
TTTAGAGATCCTCG-1,B cell
TTTAGCTGATACCG-1,CD4 T cell
TTTAGCTGGATACC-1,CD14 monocyte
TTTAGCTGTACTCT-1,Dendritic cell
TTTAGGCTCCTTTA-1,CD14 monocyte
TTTATCCTGTTGTG-1,FCGR3A+ monocyte
TTTCACGAGGTTCA-1,CD4 T cell
TTTCAGTGGAAGGC-1,CD8 T cell
TTTCAGTGTCACGA-1,B cell
TTTCAGTGTCTATC-1,CD14 monocyte
TTTCAGTGTGCAGT-1,B cell
TTTCCAGAGGTGAG-1,CD4 T cell
TTTCGAACACCTGA-1,Dendritic cell
TTTCGAACTCTCAT-1,CD14 monocyte
TTTCTACTGAGGCA-1,B cell
TTTCTACTTCCTCG-1,B cell
TTTGCATGAGAGGC-1,B cell
TTTGCATGCCTCAC-1,Naive CD4 T cell
