cellmarker_cell_name,hao_label
AXL+ SIGLEC6+ dendritic cell,ASDC
Transitional dendritic cell,ASDC
Activated B cell,B cell (subtype unclear)
Atypical B cell,B cell (subtype unclear)
Atypical memory B cell,B cell (subtype unclear)
B cell,B cell (subtype unclear)
Cycling B cell,B cell (subtype unclear)
Double-negative B cell,B cell (subtype unclear)
Immature B cell,B cell (subtype unclear)
Marginal zone -like B cell,B cell (subtype unclear)
Mature B cell,B cell (subtype unclear)
Proliferative B cell,B cell (subtype unclear)
Regulatory B cell,B cell (subtype unclear)
Transitional B cell,B cell (subtype unclear)
Intermediate B cell,B intermediate
Class-switched memory B cell,B memory
IgM memory B cell,B memory
Memory B cell,B memory
Non-switched memory B cell,B memory
Resting memory B cell,B memory
Switched memory B cell,B memory
Unswitched memory B cell,B memory
Naive B cell,B naive
CD14 monocyte,CD14 Mono
CD14+ monocyte,CD14 Mono
Classical monocyte,CD14 Mono
Inflammatory monocyte,CD14 Mono
CD16 monocyte,CD16 Mono
CD16+ monocyte,CD16 Mono
Non classical monocyte,CD16 Mono
Non-classical monocyte,CD16 Mono
Nonclassical monocyte,CD16 Mono
Cytotoxic CD4+ T cell,CD4 CTL
Naive CD4 T cell,CD4 Naive
Naive CD4+ T cell,CD4 Naive
Proliferative CD4+ T cell,CD4 Proliferating
Activated CD4+ T cell,CD4 T cell (subtype unclear)
CD4 T cell,CD4 T cell (subtype unclear)
CD4+ T cell,CD4 T cell (subtype unclear)
CD4+ T helper cell,CD4 T cell (subtype unclear)
Helper T cell,CD4 T cell (subtype unclear)
Memory CD4 T cell,CD4 T cell (subtype unclear)
Memory CD4+ T cell,CD4 T cell (subtype unclear)
T follicular helper cell,CD4 T cell (subtype unclear)
T helper 1 cell,CD4 T cell (subtype unclear)
T helper 17 cell,CD4 T cell (subtype unclear)
T helper 2 cell,CD4 T cell (subtype unclear)
T helper cell,CD4 T cell (subtype unclear)
T helper1 cell,CD4 T cell (subtype unclear)
T helper17 cell,CD4 T cell (subtype unclear)
T helper2 cell,CD4 T cell (subtype unclear)
Central memory CD4+ T cell,CD4 TCM
Effector CD4+ T cell,CD4 TEM
Effector memory CD4+ T cell,CD4 TEM
Naive CD8 T cell,CD8 Naive
Naive CD8+ T cell,CD8 Naive
Proliferative CD8+ T cell,CD8 Proliferating
Activated CD8+ T cell,CD8 T cell (subtype unclear)
CD8 T cell,CD8 T cell (subtype unclear)
CD8+ T cell,CD8 T cell (subtype unclear)
Cytotoxic CD8+ T cell,CD8 T cell (subtype unclear)
Cytotoxic T cell,CD8 T cell (subtype unclear)
Memory CD8+ T cell,CD8 T cell (subtype unclear)
Central memory CD8+ T cell,CD8 TCM
Effector CD8 T cell,CD8 TEM
Effector CD8+ T cell,CD8 TEM
Effector CD8+ memory T cell,CD8 TEM
Effector memory CD8 T cell,CD8 TEM
Effector memory CD8+ T cell,CD8 TEM
Revertant memory CD8+ T cell,CD8 TEM
CD16+ dendritic cell,Dendritic cell (subtype unclear)
Conventional dendritic cell,Dendritic cell (subtype unclear)
Dendritic cell,Dendritic cell (subtype unclear)
Monocyte derived dendritic cell,Dendritic cell (subtype unclear)
Myeloid dendritic cell,Dendritic cell (subtype unclear)
Erythrocyte,Eryth
Erythroid cell,Eryth
Red blood cell,Eryth
Circulating progenitor cell,HSPC
Granulocyte-monocyte progenitor,HSPC
Hematopoietic progenitor cell,HSPC
Hematopoietic stem cell,HSPC
Hematopoietic stem progenitor cell,HSPC
Progenitor cell,HSPC
Innate lymphoid cell,ILC
CD8+ mucosal-associated invariant T cell,MAIT
Mucosa-associated invariant T cell,MAIT
Mucosal-associated invariant T cell,MAIT
CD14+ CD16+ monocyte,Monocyte (subtype unclear)
Intermediate monocyte,Monocyte (subtype unclear)
Monocyte,Monocyte (subtype unclear)
CD16 bright CD56 dim natural killer cell,NK
CD56+ natural killer cell,NK
CD56-dim natural killer cell,NK
CD56dim NK cell,NK
CD56dim natural killer cell,NK
NK cell,NK
Natural killer cell,NK
Proliferative NK cell,NK Proliferating
CD16 dim CD56 bright natural killer cell,NK_CD56bright
CD56-bright natural killer cell,NK_CD56bright
CD56bright NK cell,NK_CD56bright
CD56bright natural killer cell,NK_CD56bright
Natural killer CD56 bright cell,NK_CD56bright
Astrocyte,"Not found in PBMCs (e.g. neutrophil, eosinophil, endothelial, epithelial)"
Basophil,"Not found in PBMCs (e.g. neutrophil, eosinophil, endothelial, epithelial)"
Beta cell,"Not found in PBMCs (e.g. neutrophil, eosinophil, endothelial, epithelial)"
Chondrocyte,"Not found in PBMCs (e.g. neutrophil, eosinophil, endothelial, epithelial)"
Endothelial cell,"Not found in PBMCs (e.g. neutrophil, eosinophil, endothelial, epithelial)"
Endothelial progenitor cell,"Not found in PBMCs (e.g. neutrophil, eosinophil, endothelial, epithelial)"
Eosinophil,"Not found in PBMCs (e.g. neutrophil, eosinophil, endothelial, epithelial)"
Epithelial cell,"Not found in PBMCs (e.g. neutrophil, eosinophil, endothelial, epithelial)"
Fibroblast,"Not found in PBMCs (e.g. neutrophil, eosinophil, endothelial, epithelial)"
Granulocyte,"Not found in PBMCs (e.g. neutrophil, eosinophil, endothelial, epithelial)"
Granulocytic myeloid-derived suppressor cell,"Not found in PBMCs (e.g. neutrophil, eosinophil, endothelial, epithelial)"
Immature neutrophil,"Not found in PBMCs (e.g. neutrophil, eosinophil, endothelial, epithelial)"
M1 macrophage,"Not found in PBMCs (e.g. neutrophil, eosinophil, endothelial, epithelial)"
M2 macrophage,"Not found in PBMCs (e.g. neutrophil, eosinophil, endothelial, epithelial)"
Macrophage,"Not found in PBMCs (e.g. neutrophil, eosinophil, endothelial, epithelial)"
Mast cell,"Not found in PBMCs (e.g. neutrophil, eosinophil, endothelial, epithelial)"
Mature neutrophil,"Not found in PBMCs (e.g. neutrophil, eosinophil, endothelial, epithelial)"
Mesenchymal cell,"Not found in PBMCs (e.g. neutrophil, eosinophil, endothelial, epithelial)"
Mesenchymal stem cell,"Not found in PBMCs (e.g. neutrophil, eosinophil, endothelial, epithelial)"
Mesenchymal stromal cell,"Not found in PBMCs (e.g. neutrophil, eosinophil, endothelial, epithelial)"
Neuron,"Not found in PBMCs (e.g. neutrophil, eosinophil, endothelial, epithelial)"
Neutrophil,"Not found in PBMCs (e.g. neutrophil, eosinophil, endothelial, epithelial)"
Polymorphonuclear myeloid-derived suppressor cell,"Not found in PBMCs (e.g. neutrophil, eosinophil, endothelial, epithelial)"
Pro-inflammatory macrophage,"Not found in PBMCs (e.g. neutrophil, eosinophil, endothelial, epithelial)"
Stromal cell,"Not found in PBMCs (e.g. neutrophil, eosinophil, endothelial, epithelial)"
Tissue resident macrophage,"Not found in PBMCs (e.g. neutrophil, eosinophil, endothelial, epithelial)"
Antibody-secreting cell,Plasmablast
Plasma cell,Plasmablast
Plasmablast,Plasmablast
Megakaryocyte,Platelet
Megakaryocyte progenitor cell,Platelet
Platelet,Platelet
Cycling T cell,Proliferating lymphocyte (lineage unclear)
Cycling cell,Proliferating lymphocyte (lineage unclear)
Proliferating T cell,Proliferating lymphocyte (lineage unclear)
Proliferative T cell,Proliferating lymphocyte (lineage unclear)
Proliferative cell,Proliferating lymphocyte (lineage unclear)
Proliferative lymphocyte,Proliferating lymphocyte (lineage unclear)
Central memory T cell,T cell (CD4/CD8/other unclear)
Conventional T cell,T cell (CD4/CD8/other unclear)
Effector T cell,T cell (CD4/CD8/other unclear)
Effector memory T cell,T cell (CD4/CD8/other unclear)
Memory T cell,T cell (CD4/CD8/other unclear)
Naive T cell,T cell (CD4/CD8/other unclear)
Natural killer T cell,T cell (CD4/CD8/other unclear)
T cell,T cell (CD4/CD8/other unclear)
Effector regulatory T cell,Treg
Follicular regulatory T cell,Treg
Natural regulatory T cell,Treg
Regulatory CD4+ T cell,Treg
Regulatory T cell,Treg
Conventional dendritic cell 1,cDC1
Conventional dendritic cell 2,cDC2
Double-negative T cell,dnT
Gamma delta T cell,gdT
Gamma-delta T cell,gdT
Plasmacytoid dendritic cell,pDC
