cluster,rank,gene,ensembl
ASDC,1,PPP1R14A,ENSG00000167641
ASDC,2,SAMHD1,ENSG00000101347
ASDC,3,S100A10,ENSG00000197747
ASDC,4,PLD4,ENSG00000166428
ASDC,5,CST3,ENSG00000101439
ASDC,6,FCGRT,ENSG00000104870
ASDC,7,VIM,ENSG00000026025
ASDC,8,PTPRE,ENSG00000132334
ASDC,9,LILRA4,ENSG00000239961
ASDC,10,IRF8,ENSG00000140968
ASDC,11,TCF4,ENSG00000196628
ASDC,12,CYBA,ENSG00000051523
ASDC,13,RNASE6,ENSG00000169413
ASDC,14,APP,ENSG00000142192
ASDC,15,IL3RA,ENSG00000185291
ASDC,16,TGFBI,ENSG00000120708
ASDC,17,CTSZ,ENSG00000101160
ASDC,18,ANXA2,ENSG00000182718
ASDC,19,RAC1,ENSG00000136238
ASDC,20,CCDC50,ENSG00000152492
ASDC,21,HLA-DPA1,ENSG00000231389
ASDC,22,PLP2,ENSG00000102007
ASDC,23,AXL,ENSG00000167601
ASDC,24,CCDC88A,ENSG00000115355
ASDC,25,SCN9A,ENSG00000169432
ASDC,26,ALDH2,ENSG00000111275
ASDC,27,DAB2,ENSG00000153071
ASDC,28,LGMN,ENSG00000100600
ASDC,29,SOX4,ENSG00000124766
ASDC,30,CTSH,ENSG00000103811
ASDC,31,CD74,ENSG00000019582
ASDC,32,OTULINL,ENSG00000145569
ASDC,33,DPYSL2,ENSG00000092964
ASDC,34,HLA-DMA,ENSG00000204257
ASDC,35,HLA-DPB1,ENSG00000223865
ASDC,36,ALOX5AP,ENSG00000132965
ASDC,37,JAML,ENSG00000160593
ASDC,38,ITM2C,ENSG00000135916
ASDC,39,ACTG1,ENSG00000184009
ASDC,40,IRF4,ENSG00000137265
ASDC,41,HLA-DMB,ENSG00000242574
ASDC,42,C12orf75,ENSG00000235162
ASDC,43,RAB11FIP1,ENSG00000156675
ASDC,44,CYB561A3,ENSG00000162144
ASDC,45,UGCG,ENSG00000148154
ASDC,46,CYRIB,ENSG00000153310
ASDC,47,SPIB,ENSG00000269404
ASDC,48,HLA-DRA,ENSG00000204287
ASDC,49,S100A6,ENSG00000197956
ASDC,50,SULF2,ENSG00000196562
B intermediate,1,MS4A1,ENSG00000156738
B intermediate,2,RALGPS2,ENSG00000116191
B intermediate,3,BANK1,ENSG00000153064
B intermediate,4,CD79A,ENSG00000105369
B intermediate,5,CD37,ENSG00000104894
B intermediate,6,CD79B,ENSG00000007312
B intermediate,7,IGHM,ENSG00000211899
B intermediate,8,TNFRSF13C,ENSG00000159958
B intermediate,9,HLA-DQB1,ENSG00000179344
B intermediate,10,HLA-DRA,ENSG00000204287
B intermediate,11,HLA-DPB1,ENSG00000223865
B intermediate,12,CD74,ENSG00000019582
B intermediate,13,HLA-DQA1,ENSG00000196735
B intermediate,14,SWAP70,ENSG00000133789
B intermediate,15,LINC00926,ENSG00000247982
B intermediate,16,CD22,ENSG00000012124
B intermediate,17,HLA-DPA1,ENSG00000231389
B intermediate,18,ARHGAP24,ENSG00000138639
B intermediate,19,HLA-DRB1,ENSG00000196126
B intermediate,20,MARCHF1,ENSG00000145416
B intermediate,21,IGHD,ENSG00000211898
B intermediate,22,POU2F2,ENSG00000028277
B intermediate,23,RPS11,ENSG00000142534
B intermediate,24,TCF4,ENSG00000196628
B intermediate,25,HLA-DMB,ENSG00000242574
B intermediate,26,PAX5,ENSG00000196092
B intermediate,27,HLA-DRB5,ENSG00000198502
B intermediate,28,BLK,ENSG00000136573
B intermediate,29,AFF3,ENSG00000144218
B intermediate,30,COBLL1,ENSG00000082438
B intermediate,31,BCL11A,ENSG00000119866
B intermediate,32,P2RX5,ENSG00000083454
B intermediate,33,TNFRSF13B,ENSG00000240505
B intermediate,34,ADAM28,ENSG00000042980
B intermediate,35,JUND,ENSG00000130522
B intermediate,36,LINC01857,ENSG00000224137
B intermediate,37,HLA-DMA,ENSG00000204257
B intermediate,38,VPREB3,ENSG00000128218
B intermediate,39,CCDC50,ENSG00000152492
B intermediate,40,FCRL2,ENSG00000132704
B intermediate,41,SNX2,ENSG00000205302
B intermediate,42,MEF2C,ENSG00000081189
B intermediate,43,SP140,ENSG00000079263
B intermediate,44,EZR,ENSG00000092820
B intermediate,45,SPIB,ENSG00000269404
B intermediate,46,RPL13A,ENSG00000142541
B intermediate,47,RPL8,ENSG00000161016
B intermediate,48,STX7,ENSG00000079950
B intermediate,49,ORAI2,ENSG00000160991
B intermediate,50,TSC22D3,ENSG00000157514
B memory,1,MS4A1,ENSG00000156738
B memory,2,BANK1,ENSG00000153064
B memory,3,CD79A,ENSG00000105369
B memory,4,RALGPS2,ENSG00000116191
B memory,5,CD37,ENSG00000104894
B memory,6,TNFRSF13C,ENSG00000159958
B memory,7,CD79B,ENSG00000007312
B memory,8,HLA-DRA,ENSG00000204287
B memory,9,HLA-DPB1,ENSG00000223865
B memory,10,CD74,ENSG00000019582
B memory,11,LINC00926,ENSG00000247982
B memory,12,HLA-DQA1,ENSG00000196735
B memory,13,BLK,ENSG00000136573
B memory,14,HLA-DQB1,ENSG00000179344
B memory,15,LTB,ENSG00000227507
B memory,16,RPS11,ENSG00000142534
B memory,17,RPL13A,ENSG00000142541
B memory,18,HLA-DRB1,ENSG00000196126
B memory,19,AIM2,ENSG00000163568
B memory,20,HLA-DPA1,ENSG00000231389
B memory,21,SWAP70,ENSG00000133789
B memory,22,VPREB3,ENSG00000128218
B memory,23,RPL41,ENSG00000229117
B memory,24,MEF2C,ENSG00000081189
B memory,25,LINC01781,ENSG00000234184
B memory,26,HLA-DMB,ENSG00000242574
B memory,27,MARCHF1,ENSG00000145416
B memory,28,RPL27A,ENSG00000166441
B memory,29,RPLP2,ENSG00000177600
B memory,30,HLA-DRB5,ENSG00000198502
B memory,31,ADAM28,ENSG00000042980
B memory,32,RPS23,ENSG00000186468
B memory,33,RPS20,ENSG00000008988
B memory,34,TNFRSF13B,ENSG00000240505
B memory,35,EZR,ENSG00000092820
B memory,36,P2RX5,ENSG00000083454
B memory,37,RPS27,ENSG00000177954
B memory,38,MARCKS,ENSG00000277443
B memory,39,RPL8,ENSG00000161016
B memory,40,CD22,ENSG00000012124
B memory,41,RPLP1,ENSG00000137818
B memory,42,LY86,ENSG00000112799
B memory,43,SCIMP,ENSG00000161929
B memory,44,HLA-DMA,ENSG00000204257
B memory,45,POU2AF1,ENSG00000110777
B memory,46,IGHA1,ENSG00000211895
B memory,47,IGKC,ENSG00000211592
B memory,48,CD40,ENSG00000101017
B memory,49,IGHG1,ENSG00000211896
B memory,50,TSC22D3,ENSG00000157514
B naive,1,IGHD,ENSG00000211898
B naive,2,IGHM,ENSG00000211899
B naive,3,CD37,ENSG00000104894
B naive,4,CD79A,ENSG00000105369
B naive,5,TCL1A,ENSG00000100721
B naive,6,MS4A1,ENSG00000156738
B naive,7,CD79B,ENSG00000007312
B naive,8,BANK1,ENSG00000153064
B naive,9,CD74,ENSG00000019582
B naive,10,RALGPS2,ENSG00000116191
B naive,11,LINC00926,ENSG00000247982
B naive,12,BTG1,ENSG00000133639
B naive,13,MEF2C,ENSG00000081189
B naive,14,CXCR4,ENSG00000121966
B naive,15,HLA-DRA,ENSG00000204287
B naive,16,HLA-DQB1,ENSG00000179344
B naive,17,CD22,ENSG00000012124
B naive,18,RPL18A,ENSG00000105640
B naive,19,RPS11,ENSG00000142534
B naive,20,HLA-DRB1,ENSG00000196126
B naive,21,TNFRSF13C,ENSG00000159958
B naive,22,HLA-DPB1,ENSG00000223865
B naive,23,HLA-DQA1,ENSG00000196735
B naive,24,HLA-DMB,ENSG00000242574
B naive,25,FCER2,ENSG00000104921
B naive,26,HLA-DPA1,ENSG00000231389
B naive,27,PLPP5,ENSG00000147535
B naive,28,TXNIP,ENSG00000265972
B naive,29,IGKC,ENSG00000211592
B naive,30,VPREB3,ENSG00000128218
B naive,31,AFF3,ENSG00000144218
B naive,32,MARCHF1,ENSG00000145416
B naive,33,SWAP70,ENSG00000133789
B naive,34,FCRL1,ENSG00000163534
B naive,35,IL4R,ENSG00000077238
B naive,36,HVCN1,ENSG00000122986
B naive,37,NCF1,ENSG00000158517
B naive,38,BIRC3,ENSG00000023445
B naive,39,HLA-DRB5,ENSG00000198502
B naive,40,LAPTM5,ENSG00000162511
B naive,41,PAX5,ENSG00000196092
B naive,42,TSC22D3,ENSG00000157514
B naive,43,STX7,ENSG00000079950
B naive,44,RPL8,ENSG00000161016
B naive,45,BCL11A,ENSG00000119866
B naive,46,STRBP,ENSG00000165209
B naive,47,RPS23,ENSG00000186468
B naive,48,HLA-DMA,ENSG00000204257
B naive,49,FAU,ENSG00000149806
B naive,50,SNX2,ENSG00000205302
CD4 CTL,1,GZMH,ENSG00000100450
CD4 CTL,2,FGFBP2,ENSG00000137441
CD4 CTL,3,B2M,ENSG00000166710
CD4 CTL,4,IL32,ENSG00000008517
CD4 CTL,5,NKG7,ENSG00000105374
CD4 CTL,6,CD52,ENSG00000169442
CD4 CTL,7,CST7,ENSG00000077984
CD4 CTL,8,CD3G,ENSG00000160654
CD4 CTL,9,CD2,ENSG00000116824
CD4 CTL,10,CCL5,ENSG00000271503
CD4 CTL,11,S100A4,ENSG00000196154
CD4 CTL,12,GZMA,ENSG00000145649
CD4 CTL,13,MALAT1,ENSG00000251562
CD4 CTL,14,CD3D,ENSG00000167286
CD4 CTL,15,GNLY,ENSG00000115523
CD4 CTL,16,ITGB1,ENSG00000150093
CD4 CTL,17,SYNE2,ENSG00000054654
CD4 CTL,18,CD3E,ENSG00000198851
CD4 CTL,19,SH3BGRL3,ENSG00000142669
CD4 CTL,20,CALM1,ENSG00000198668
CD4 CTL,21,GZMM,ENSG00000197540
CD4 CTL,22,RORA,ENSG00000069667
CD4 CTL,23,PPP2R5C,ENSG00000078304
CD4 CTL,24,TRAC,ENSG00000277734
CD4 CTL,25,HLA-B,ENSG00000234745
CD4 CTL,26,MYBL1,ENSG00000185697
CD4 CTL,27,PRF1,ENSG00000180644
CD4 CTL,28,PTPRC,ENSG00000081237
CD4 CTL,29,EFHD2,ENSG00000142634
CD4 CTL,30,HCST,ENSG00000126264
CD4 CTL,31,HOPX,ENSG00000171476
CD4 CTL,32,HLA-C,ENSG00000204525
CD4 CTL,33,ANXA1,ENSG00000135046
CD4 CTL,34,HLA-A,ENSG00000206503
CD4 CTL,35,TRBC1,ENSG00000211751
CD4 CTL,36,CD99,ENSG00000002586
CD4 CTL,37,ABHD17A,ENSG00000129968
CD4 CTL,38,SYNE1,ENSG00000131018
CD4 CTL,39,ID2,ENSG00000115738
CD4 CTL,40,CD6,ENSG00000013725
CD4 CTL,41,AHNAK,ENSG00000124942
CD4 CTL,42,TMSB4X,ENSG00000205542
CD4 CTL,43,CLEC2D,ENSG00000069493
CD4 CTL,44,SAMD3,ENSG00000164483
CD4 CTL,45,TRGC2,ENSG00000227191
CD4 CTL,46,TRBC2,ENSG00000211772
CD4 CTL,47,IL7R,ENSG00000168685
CD4 CTL,48,MAF,ENSG00000178573
CD4 CTL,49,DSTN,ENSG00000125868
CD4 CTL,50,RAP1B,ENSG00000127314
CD4 Naive,1,RPL30,ENSG00000156482
CD4 Naive,2,RPS13,ENSG00000110700
CD4 Naive,3,RPL21,ENSG00000122026
CD4 Naive,4,RPS27,ENSG00000177954
CD4 Naive,5,RPL32,ENSG00000144713
CD4 Naive,6,RPL9,ENSG00000163682
CD4 Naive,7,RPL13,ENSG00000167526
CD4 Naive,8,RPL35A,ENSG00000182899
CD4 Naive,9,RPS25,ENSG00000118181
CD4 Naive,10,RPL11,ENSG00000142676
CD4 Naive,11,RPS27A,ENSG00000143947
CD4 Naive,12,RPL34,ENSG00000109475
CD4 Naive,13,RPS16,ENSG00000105193
CD4 Naive,14,RPS14,ENSG00000164587
CD4 Naive,15,RPS12,ENSG00000112306
CD4 Naive,16,RPS3A,ENSG00000145425
CD4 Naive,17,RPL38,ENSG00000172809
CD4 Naive,18,RPLP2,ENSG00000177600
CD4 Naive,19,RPS15A,ENSG00000134419
CD4 Naive,20,RPL19,ENSG00000108298
CD4 Naive,21,RPS6,ENSG00000137154
CD4 Naive,22,RPS29,ENSG00000213741
CD4 Naive,23,RPS20,ENSG00000008988
CD4 Naive,24,RPL22,ENSG00000116251
CD4 Naive,25,RPL23,ENSG00000125691
CD4 Naive,26,TPT1,ENSG00000133112
CD4 Naive,27,CCR7,ENSG00000126353
CD4 Naive,28,TCF7,ENSG00000081059
CD4 Naive,29,RPL10,ENSG00000147403
CD4 Naive,30,RPS28,ENSG00000233927
CD4 Naive,31,RPL39,ENSG00000198918
CD4 Naive,32,RPS23,ENSG00000186468
CD4 Naive,33,RPL7,ENSG00000147604
CD4 Naive,34,RPL5,ENSG00000122406
CD4 Naive,35,RPL14,ENSG00000188846
CD4 Naive,36,RPL31,ENSG00000071082
CD4 Naive,37,RPL24,ENSG00000114391
CD4 Naive,38,RPL37,ENSG00000145592
CD4 Naive,39,RPS8,ENSG00000142937
CD4 Naive,40,RPL36,ENSG00000130255
CD4 Naive,41,LEF1,ENSG00000138795
CD4 Naive,42,RPL18,ENSG00000063177
CD4 Naive,43,RPS21,ENSG00000171858
CD4 Naive,44,SARAF,ENSG00000133872
CD4 Naive,45,RPS5,ENSG00000083845
CD4 Naive,46,LDHB,ENSG00000111716
CD4 Naive,47,RPS3,ENSG00000149273
CD4 Naive,48,RPL29,ENSG00000162244
CD4 Naive,49,TOMM7,ENSG00000196683
CD4 Naive,50,RPL27,ENSG00000131469
CD4 Proliferating,1,HMGB2,ENSG00000164104
CD4 Proliferating,2,GAPDH,ENSG00000111640
CD4 Proliferating,3,MKI67,ENSG00000148773
CD4 Proliferating,4,HMGN2,ENSG00000198830
CD4 Proliferating,5,H2AZ1,ENSG00000164032
CD4 Proliferating,6,ACTG1,ENSG00000184009
CD4 Proliferating,7,STMN1,ENSG00000117632
CD4 Proliferating,8,HMGB1,ENSG00000189403
CD4 Proliferating,9,PCLAF,ENSG00000166803
CD4 Proliferating,10,PFN1,ENSG00000108518
CD4 Proliferating,11,TYMS,ENSG00000176890
CD4 Proliferating,12,CFL1,ENSG00000172757
CD4 Proliferating,13,TUBB,ENSG00000196230
CD4 Proliferating,14,TUBA1B,ENSG00000123416
CD4 Proliferating,15,TOP2A,ENSG00000131747
CD4 Proliferating,16,PTTG1,ENSG00000164611
CD4 Proliferating,17,DUT,ENSG00000128951
CD4 Proliferating,18,ANP32B,ENSG00000136938
CD4 Proliferating,19,ACTB,ENSG00000075624
CD4 Proliferating,20,RAN,ENSG00000132341
CD4 Proliferating,21,ANP32E,ENSG00000143401
CD4 Proliferating,22,H2AZ2,ENSG00000105968
CD4 Proliferating,23,SLC25A5,ENSG00000005022
CD4 Proliferating,24,CORO1A,ENSG00000102879
CD4 Proliferating,25,RPA3,ENSG00000106399
CD4 Proliferating,26,CENPF,ENSG00000117724
CD4 Proliferating,27,NUSAP1,ENSG00000137804
CD4 Proliferating,28,LMNB1,ENSG00000113368
CD4 Proliferating,29,JPT1,ENSG00000189159
CD4 Proliferating,30,BIRC5,ENSG00000089685
CD4 Proliferating,31,SMC2,ENSG00000136824
CD4 Proliferating,32,DEK,ENSG00000124795
CD4 Proliferating,33,CENPM,ENSG00000100162
CD4 Proliferating,34,PPIA,ENSG00000196262
CD4 Proliferating,35,CHCHD2,ENSG00000106153
CD4 Proliferating,36,YBX1,ENSG00000065978
CD4 Proliferating,37,ZWINT,ENSG00000122952
CD4 Proliferating,38,TPX2,ENSG00000088325
CD4 Proliferating,39,TMSB10,ENSG00000034510
CD4 Proliferating,40,LDHA,ENSG00000134333
CD4 Proliferating,41,RRM1,ENSG00000167325
CD4 Proliferating,42,MRPL51,ENSG00000111639
CD4 Proliferating,43,SNRPB,ENSG00000125835
CD4 Proliferating,44,TXNDC17,ENSG00000129235
CD4 Proliferating,45,PHF19,ENSG00000119403
CD4 Proliferating,46,ARPC2,ENSG00000163466
CD4 Proliferating,47,ARHGDIB,ENSG00000111348
CD4 Proliferating,48,PPP1CA,ENSG00000172531
CD4 Proliferating,49,LSM4,ENSG00000130520
CD4 Proliferating,50,SMC4,ENSG00000113810
CD4 TCM,1,IL7R,ENSG00000168685
CD4 TCM,2,LTB,ENSG00000227507
CD4 TCM,3,RPL36,ENSG00000130255
CD4 TCM,4,RPS25,ENSG00000118181
CD4 TCM,5,TPT1,ENSG00000133112
CD4 TCM,6,RPS29,ENSG00000213741
CD4 TCM,7,RPL28,ENSG00000108107
CD4 TCM,8,RPL14,ENSG00000188846
CD4 TCM,9,RPL34,ENSG00000109475
CD4 TCM,10,RPL11,ENSG00000142676
CD4 TCM,11,LDHB,ENSG00000111716
CD4 TCM,12,RPL30,ENSG00000156482
CD4 TCM,13,RPL41,ENSG00000229117
CD4 TCM,14,TRAC,ENSG00000277734
CD4 TCM,15,RPL13,ENSG00000167526
CD4 TCM,16,RPS12,ENSG00000112306
CD4 TCM,17,RPL38,ENSG00000172809
CD4 TCM,18,RPL32,ENSG00000144713
CD4 TCM,19,RPL39,ENSG00000198918
CD4 TCM,20,RPS15A,ENSG00000134419
CD4 TCM,21,RPS16,ENSG00000105193
CD4 TCM,22,RPS28,ENSG00000233927
CD4 TCM,23,RPS27A,ENSG00000143947
CD4 TCM,24,RPL9,ENSG00000163682
CD4 TCM,25,RPS6,ENSG00000137154
CD4 TCM,26,RPL10,ENSG00000147403
CD4 TCM,27,RPS18,ENSG00000231500
CD4 TCM,28,RPS20,ENSG00000008988
CD4 TCM,29,RPLP2,ENSG00000177600
CD4 TCM,30,RPL13A,ENSG00000142541
CD4 TCM,31,MAL,ENSG00000172005
CD4 TCM,32,RPS3,ENSG00000149273
CD4 TCM,33,RPL6,ENSG00000089009
CD4 TCM,34,EEF1A1,ENSG00000156508
CD4 TCM,35,RPL37,ENSG00000145592
CD4 TCM,36,RPL24,ENSG00000114391
CD4 TCM,37,RPL35A,ENSG00000182899
CD4 TCM,38,CD3D,ENSG00000167286
CD4 TCM,39,RPL18,ENSG00000063177
CD4 TCM,40,RPS14,ENSG00000164587
CD4 TCM,41,TCF7,ENSG00000081059
CD4 TCM,42,RPL27A,ENSG00000166441
CD4 TCM,43,TRAT1,ENSG00000163519
CD4 TCM,44,RPL19,ENSG00000108298
CD4 TCM,45,RCAN3,ENSG00000117602
CD4 TCM,46,RPLP1,ENSG00000137818
CD4 TCM,47,RPS27,ENSG00000177954
CD4 TCM,48,RPS21,ENSG00000171858
CD4 TCM,49,IL32,ENSG00000008517
CD4 TCM,50,RPL5,ENSG00000122406
CD4 TEM,1,IL7R,ENSG00000168685
CD4 TEM,2,IL32,ENSG00000008517
CD4 TEM,3,LTB,ENSG00000227507
CD4 TEM,4,RPS29,ENSG00000213741
CD4 TEM,5,TRAC,ENSG00000277734
CD4 TEM,6,ZFP36L2,ENSG00000152518
CD4 TEM,7,TPT1,ENSG00000133112
CD4 TEM,8,RPS3,ENSG00000149273
CD4 TEM,9,RPS25,ENSG00000118181
CD4 TEM,10,RPL36,ENSG00000130255
CD4 TEM,11,CD2,ENSG00000116824
CD4 TEM,12,CD69,ENSG00000110848
CD4 TEM,13,RPL41,ENSG00000229117
CD4 TEM,14,RPS27A,ENSG00000143947
CD4 TEM,15,KLRB1,ENSG00000111796
CD4 TEM,16,RPL30,ENSG00000156482
CD4 TEM,17,RPS14,ENSG00000164587
CD4 TEM,18,RPS12,ENSG00000112306
CD4 TEM,19,RPS15A,ENSG00000134419
CD4 TEM,20,CD3E,ENSG00000198851
CD4 TEM,21,SYNE2,ENSG00000054654
CD4 TEM,22,RPL34,ENSG00000109475
CD4 TEM,23,RPL10,ENSG00000147403
CD4 TEM,24,GZMK,ENSG00000113088
CD4 TEM,25,RPL3,ENSG00000100316
CD4 TEM,26,RPL38,ENSG00000172809
CD4 TEM,27,RPL23A,ENSG00000198242
CD4 TEM,28,CD3G,ENSG00000160654
CD4 TEM,29,CD3D,ENSG00000167286
CD4 TEM,30,RPL14,ENSG00000188846
CD4 TEM,31,KLF2,ENSG00000127528
CD4 TEM,32,RPS28,ENSG00000233927
CD4 TEM,33,RPL13,ENSG00000167526
CD4 TEM,34,EEF1A1,ENSG00000156508
CD4 TEM,35,RPS27,ENSG00000177954
CD4 TEM,36,LDHB,ENSG00000111716
CD4 TEM,37,RPLP2,ENSG00000177600
CD4 TEM,38,RORA,ENSG00000069667
CD4 TEM,39,LYAR,ENSG00000145220
CD4 TEM,40,RPL36AL,ENSG00000165502
CD4 TEM,41,CXCR4,ENSG00000121966
CD4 TEM,42,TOMM7,ENSG00000196683
CD4 TEM,43,RPL35A,ENSG00000182899
CD4 TEM,44,RPSA,ENSG00000168028
CD4 TEM,45,RPL9,ENSG00000163682
CD4 TEM,46,TNFAIP3,ENSG00000118503
CD4 TEM,47,RPL39,ENSG00000198918
CD4 TEM,48,PIK3R1,ENSG00000145675
CD4 TEM,49,JUNB,ENSG00000171223
CD4 TEM,50,RPL11,ENSG00000142676
CD8 Naive,1,CD8B,ENSG00000172116
CD8 Naive,2,RPS12,ENSG00000112306
CD8 Naive,3,RPL13,ENSG00000167526
CD8 Naive,4,RPL32,ENSG00000144713
CD8 Naive,5,RPS13,ENSG00000110700
CD8 Naive,6,RPS6,ENSG00000137154
CD8 Naive,7,RPS28,ENSG00000233927
CD8 Naive,8,RPL21,ENSG00000122026
CD8 Naive,9,RPL9,ENSG00000163682
CD8 Naive,10,RPS16,ENSG00000105193
CD8 Naive,11,RPL30,ENSG00000156482
CD8 Naive,12,RPL34,ENSG00000109475
CD8 Naive,13,RPS3A,ENSG00000145425
CD8 Naive,14,RPL19,ENSG00000108298
CD8 Naive,15,RPS25,ENSG00000118181
CD8 Naive,16,RPS14,ENSG00000164587
CD8 Naive,17,RPLP2,ENSG00000177600
CD8 Naive,18,RPL28,ENSG00000108107
CD8 Naive,19,RPS18,ENSG00000231500
CD8 Naive,20,RPL22,ENSG00000116251
CD8 Naive,21,RPL35A,ENSG00000182899
CD8 Naive,22,RPL14,ENSG00000188846
CD8 Naive,23,RPS5,ENSG00000083845
CD8 Naive,24,RPL38,ENSG00000172809
CD8 Naive,25,RPL12,ENSG00000197958
CD8 Naive,26,RPS15A,ENSG00000134419
CD8 Naive,27,RPS27A,ENSG00000143947
CD8 Naive,28,RPL10,ENSG00000147403
CD8 Naive,29,RPS21,ENSG00000171858
CD8 Naive,30,RPL11,ENSG00000142676
CD8 Naive,31,RPL18,ENSG00000063177
CD8 Naive,32,RPS29,ENSG00000213741
CD8 Naive,33,RPL7,ENSG00000147604
CD8 Naive,34,RPS8,ENSG00000142937
CD8 Naive,35,RPS15,ENSG00000115268
CD8 Naive,36,RPLP1,ENSG00000137818
CD8 Naive,37,LEF1,ENSG00000138795
CD8 Naive,38,RPL37,ENSG00000145592
CD8 Naive,39,RPL36,ENSG00000130255
CD8 Naive,40,RPL39,ENSG00000198918
CD8 Naive,41,RPL5,ENSG00000122406
CD8 Naive,42,RPS23,ENSG00000186468
CD8 Naive,43,CD8A,ENSG00000153563
CD8 Naive,44,RPS3,ENSG00000149273
CD8 Naive,45,RPS20,ENSG00000008988
CD8 Naive,46,RPL31,ENSG00000071082
CD8 Naive,47,RPS19,ENSG00000105372
CD8 Naive,48,RPL29,ENSG00000162244
CD8 Naive,49,RPL23,ENSG00000125691
CD8 Naive,50,EEF1B2,ENSG00000114942
CD8 Proliferating,1,STMN1,ENSG00000117632
CD8 Proliferating,2,HMGB2,ENSG00000164104
CD8 Proliferating,3,DEK,ENSG00000124795
CD8 Proliferating,4,TUBA1B,ENSG00000123416
CD8 Proliferating,5,PCNA,ENSG00000132646
CD8 Proliferating,6,DUT,ENSG00000128951
CD8 Proliferating,7,GAPDH,ENSG00000111640
CD8 Proliferating,8,HMGN2,ENSG00000198830
CD8 Proliferating,9,PFN1,ENSG00000108518
CD8 Proliferating,10,CFL1,ENSG00000172757
CD8 Proliferating,11,TUBB,ENSG00000196230
CD8 Proliferating,12,GZMH,ENSG00000100450
CD8 Proliferating,13,HELLS,ENSG00000119969
CD8 Proliferating,14,PCLAF,ENSG00000166803
CD8 Proliferating,15,CD8A,ENSG00000153563
CD8 Proliferating,16,H2AZ1,ENSG00000164032
CD8 Proliferating,17,NUCKS1,ENSG00000069275
CD8 Proliferating,18,H2AZ2,ENSG00000105968
CD8 Proliferating,19,MCM4,ENSG00000104738
CD8 Proliferating,20,TYMS,ENSG00000176890
CD8 Proliferating,21,HMGB1,ENSG00000189403
CD8 Proliferating,22,NASP,ENSG00000132780
CD8 Proliferating,23,LCP1,ENSG00000136167
CD8 Proliferating,24,PPIA,ENSG00000196262
CD8 Proliferating,25,LDHA,ENSG00000134333
CD8 Proliferating,26,SNRPB,ENSG00000125835
CD8 Proliferating,27,RPA3,ENSG00000106399
CD8 Proliferating,28,HNRNPA2B1,ENSG00000122566
CD8 Proliferating,29,RAN,ENSG00000132341
CD8 Proliferating,30,CALM1,ENSG00000198668
CD8 Proliferating,31,MCM7,ENSG00000166508
CD8 Proliferating,32,CLSPN,ENSG00000092853
CD8 Proliferating,33,DNMT1,ENSG00000130816
CD8 Proliferating,34,PTMA,ENSG00000187514
CD8 Proliferating,35,MCM5,ENSG00000100297
CD8 Proliferating,36,MKI67,ENSG00000148773
CD8 Proliferating,37,IDH2,ENSG00000182054
CD8 Proliferating,38,CD99,ENSG00000002586
CD8 Proliferating,39,SMC2,ENSG00000136824
CD8 Proliferating,40,IL32,ENSG00000008517
CD8 Proliferating,41,CHEK1,ENSG00000149554
CD8 Proliferating,42,CD8B,ENSG00000172116
CD8 Proliferating,43,MCM3,ENSG00000112118
CD8 Proliferating,44,GZMA,ENSG00000145649
CD8 Proliferating,45,SMC3,ENSG00000108055
CD8 Proliferating,46,XRCC5,ENSG00000079246
CD8 Proliferating,47,COX8A,ENSG00000176340
CD8 Proliferating,48,YWHAQ,ENSG00000134308
CD8 Proliferating,49,RANBP1,ENSG00000099901
CD8 Proliferating,50,EBP,ENSG00000147155
CD8 TCM,1,IL7R,ENSG00000168685
CD8 TCM,2,CD8B,ENSG00000172116
CD8 TCM,3,RPS12,ENSG00000112306
CD8 TCM,4,RPS29,ENSG00000213741
CD8 TCM,5,RPS25,ENSG00000118181
CD8 TCM,6,CD8A,ENSG00000153563
CD8 TCM,7,TPT1,ENSG00000133112
CD8 TCM,8,RPL36,ENSG00000130255
CD8 TCM,9,RPS3,ENSG00000149273
CD8 TCM,10,RPS18,ENSG00000231500
CD8 TCM,11,RPL34,ENSG00000109475
CD8 TCM,12,RPL13,ENSG00000167526
CD8 TCM,13,RPLP2,ENSG00000177600
CD8 TCM,14,TRAC,ENSG00000277734
CD8 TCM,15,RPL38,ENSG00000172809
CD8 TCM,16,RPL14,ENSG00000188846
CD8 TCM,17,RPL32,ENSG00000144713
CD8 TCM,18,RPL13A,ENSG00000142541
CD8 TCM,19,LDHB,ENSG00000111716
CD8 TCM,20,RPL39,ENSG00000198918
CD8 TCM,21,RPL28,ENSG00000108107
CD8 TCM,22,RPS6,ENSG00000137154
CD8 TCM,23,RPS28,ENSG00000233927
CD8 TCM,24,RPS14,ENSG00000164587
CD8 TCM,25,RPL37,ENSG00000145592
CD8 TCM,26,RPS15A,ENSG00000134419
CD8 TCM,27,RPL41,ENSG00000229117
CD8 TCM,28,RPL27A,ENSG00000166441
CD8 TCM,29,RPS16,ENSG00000105193
CD8 TCM,30,RPL30,ENSG00000156482
CD8 TCM,31,NOSIP,ENSG00000142546
CD8 TCM,32,RPL23A,ENSG00000198242
CD8 TCM,33,RPL9,ENSG00000163682
CD8 TCM,34,TCF7,ENSG00000081059
CD8 TCM,35,EEF1A1,ENSG00000156508
CD8 TCM,36,SARAF,ENSG00000133872
CD8 TCM,37,RPS27A,ENSG00000143947
CD8 TCM,38,RPL35A,ENSG00000182899
CD8 TCM,39,LTB,ENSG00000227507
CD8 TCM,40,RPS20,ENSG00000008988
CD8 TCM,41,RPL11,ENSG00000142676
CD8 TCM,42,RPL3,ENSG00000100316
CD8 TCM,43,RPL12,ENSG00000197958
CD8 TCM,44,RPS19,ENSG00000105372
CD8 TCM,45,CD3D,ENSG00000167286
CD8 TCM,46,RPSA,ENSG00000168028
CD8 TCM,47,IL32,ENSG00000008517
CD8 TCM,48,RPL10,ENSG00000147403
CD8 TCM,49,RPS21,ENSG00000171858
CD8 TCM,50,RPS27,ENSG00000177954
CD8 TEM,1,CD8A,ENSG00000153563
CD8 TEM,2,CCL5,ENSG00000271503
CD8 TEM,3,CST7,ENSG00000077984
CD8 TEM,4,NKG7,ENSG00000105374
CD8 TEM,5,IL32,ENSG00000008517
CD8 TEM,6,CD3G,ENSG00000160654
CD8 TEM,7,B2M,ENSG00000166710
CD8 TEM,8,CD3D,ENSG00000167286
CD8 TEM,9,CD8B,ENSG00000172116
CD8 TEM,10,GZMM,ENSG00000197540
CD8 TEM,11,PTPRC,ENSG00000081237
CD8 TEM,12,MALAT1,ENSG00000251562
CD8 TEM,13,HCST,ENSG00000126264
CD8 TEM,14,CD3E,ENSG00000198851
CD8 TEM,15,PPP2R5C,ENSG00000078304
CD8 TEM,16,GZMA,ENSG00000145649
CD8 TEM,17,GZMH,ENSG00000100450
CD8 TEM,18,CD2,ENSG00000116824
CD8 TEM,19,TRAC,ENSG00000277734
CD8 TEM,20,SYNE2,ENSG00000054654
CD8 TEM,21,HLA-B,ENSG00000234745
CD8 TEM,22,KLRD1,ENSG00000134539
CD8 TEM,23,HLA-A,ENSG00000206503
CD8 TEM,24,HLA-C,ENSG00000204525
CD8 TEM,25,CTSW,ENSG00000172543
CD8 TEM,26,LYAR,ENSG00000145220
CD8 TEM,27,TRBC2,ENSG00000211772
CD8 TEM,28,CALM1,ENSG00000198668
CD8 TEM,29,FGFBP2,ENSG00000137441
CD8 TEM,30,TRGC2,ENSG00000227191
CD8 TEM,31,SAMD3,ENSG00000164483
CD8 TEM,32,SYNE1,ENSG00000131018
CD8 TEM,33,PRF1,ENSG00000180644
CD8 TEM,34,LITAF,ENSG00000189067
CD8 TEM,35,PLAAT4,ENSG00000133321
CD8 TEM,36,PIK3R1,ENSG00000145675
CD8 TEM,37,PYHIN1,ENSG00000163564
CD8 TEM,38,CD99,ENSG00000002586
CD8 TEM,39,CCL4,ENSG00000275302
CD8 TEM,40,RUNX3,ENSG00000020633
CD8 TEM,41,DDX5,ENSG00000108654
CD8 TEM,42,ABHD17A,ENSG00000129968
CD8 TEM,43,RNF213,ENSG00000173821
CD8 TEM,44,ARL4C,ENSG00000188042
CD8 TEM,45,FYN,ENSG00000010810
CD8 TEM,46,LINC01871,ENSG00000235576
CD8 TEM,47,MYBL1,ENSG00000185697
CD8 TEM,48,CLEC2D,ENSG00000069493
CD8 TEM,49,CD81,ENSG00000110651
CD8 TEM,50,GZMB,ENSG00000100453
CD14 Mono,1,S100A9,ENSG00000163220
CD14 Mono,2,VCAN,ENSG00000038427
CD14 Mono,3,S100A8,ENSG00000143546
CD14 Mono,4,LYZ,ENSG00000090382
CD14 Mono,5,FCN1,ENSG00000085265
CD14 Mono,6,CD14,ENSG00000170458
CD14 Mono,7,CTSS,ENSG00000163131
CD14 Mono,8,NEAT1,ENSG00000245532
CD14 Mono,9,MNDA,ENSG00000163563
CD14 Mono,10,CSF3R,ENSG00000119535
CD14 Mono,11,S100A6,ENSG00000197956
CD14 Mono,12,TSPO,ENSG00000100300
CD14 Mono,13,APLP2,ENSG00000084234
CD14 Mono,14,PSAP,ENSG00000197746
CD14 Mono,15,TKT,ENSG00000163931
CD14 Mono,16,FTL,ENSG00000087086
CD14 Mono,17,TYROBP,ENSG00000011600
CD14 Mono,18,CYBB,ENSG00000165168
CD14 Mono,19,FGL2,ENSG00000127951
CD14 Mono,20,S100A12,ENSG00000163221
CD14 Mono,21,GRN,ENSG00000030582
CD14 Mono,22,TYMP,ENSG00000025708
CD14 Mono,23,CEBPD,ENSG00000221869
CD14 Mono,24,MS4A6A,ENSG00000110077
CD14 Mono,25,NCF2,ENSG00000116701
CD14 Mono,26,SERPINA1,ENSG00000197249
CD14 Mono,27,TNFAIP2,ENSG00000185215
CD14 Mono,28,CSTA,ENSG00000121552
CD14 Mono,29,S100A11,ENSG00000163191
CD14 Mono,30,DUSP1,ENSG00000120129
CD14 Mono,31,FOS,ENSG00000170345
CD14 Mono,32,BRI3,ENSG00000164713
CD14 Mono,33,AP1S2,ENSG00000182287
CD14 Mono,34,AIF1,ENSG00000204472
CD14 Mono,35,CFD,ENSG00000197766
CD14 Mono,36,CLEC7A,ENSG00000172243
CD14 Mono,37,NAMPT,ENSG00000105835
CD14 Mono,38,MPEG1,ENSG00000197629
CD14 Mono,39,SRGN,ENSG00000122862
CD14 Mono,40,LST1,ENSG00000204482
CD14 Mono,41,SAT1,ENSG00000130066
CD14 Mono,42,CEBPB,ENSG00000172216
CD14 Mono,43,FTH1,ENSG00000167996
CD14 Mono,44,CD36,ENSG00000135218
CD14 Mono,45,ATP2B1-AS1,ENSG00000271614
CD14 Mono,46,CLEC12A,ENSG00000172322
CD14 Mono,47,SPI1,ENSG00000066336
CD14 Mono,48,COTL1,ENSG00000103187
CD14 Mono,49,SLC11A1,ENSG00000018280
CD14 Mono,50,CST3,ENSG00000101439
CD16 Mono,1,LST1,ENSG00000204482
CD16 Mono,2,AIF1,ENSG00000204472
CD16 Mono,3,MS4A7,ENSG00000166927
CD16 Mono,4,SERPINA1,ENSG00000197249
CD16 Mono,5,FTL,ENSG00000087086
CD16 Mono,6,COTL1,ENSG00000103187
CD16 Mono,7,FCGR3A,ENSG00000203747
CD16 Mono,8,CFD,ENSG00000197766
CD16 Mono,9,S100A11,ENSG00000163191
CD16 Mono,10,FCER1G,ENSG00000158869
CD16 Mono,11,PSAP,ENSG00000197746
CD16 Mono,12,CEBPB,ENSG00000172216
CD16 Mono,13,CTSS,ENSG00000163131
CD16 Mono,14,SAT1,ENSG00000130066
CD16 Mono,15,TYROBP,ENSG00000011600
CD16 Mono,16,TNFRSF1B,ENSG00000028137
CD16 Mono,17,LILRB2,ENSG00000131042
CD16 Mono,18,SPI1,ENSG00000066336
CD16 Mono,19,LRRC25,ENSG00000175489
CD16 Mono,20,TCF7L2,ENSG00000148737
CD16 Mono,21,CSF1R,ENSG00000182578
CD16 Mono,22,IFITM3,ENSG00000142089
CD16 Mono,23,PILRA,ENSG00000085514
CD16 Mono,24,LYN,ENSG00000254087
CD16 Mono,25,PELATON,ENSG00000224397
CD16 Mono,26,FTH1,ENSG00000167996
CD16 Mono,27,BRI3,ENSG00000164713
CD16 Mono,28,TYMP,ENSG00000025708
CD16 Mono,29,ASAH1,ENSG00000104763
CD16 Mono,30,CD68,ENSG00000129226
CD16 Mono,31,NEAT1,ENSG00000245532
CD16 Mono,32,PECAM1,ENSG00000261371
CD16 Mono,33,BID,ENSG00000015475
CD16 Mono,34,FGL2,ENSG00000127951
CD16 Mono,35,CDKN1C,ENSG00000129757
CD16 Mono,36,WARS1,ENSG00000140105
CD16 Mono,37,CYBB,ENSG00000165168
CD16 Mono,38,CLEC7A,ENSG00000172243
CD16 Mono,39,S100A6,ENSG00000197956
CD16 Mono,40,NPC2,ENSG00000119655
CD16 Mono,41,OAZ1,ENSG00000104904
CD16 Mono,42,MARCKS,ENSG00000277443
CD16 Mono,43,HCK,ENSG00000101336
CD16 Mono,44,TKT,ENSG00000163931
CD16 Mono,45,CST3,ENSG00000101439
CD16 Mono,46,FCN1,ENSG00000085265
CD16 Mono,47,VSIR,ENSG00000107738
CD16 Mono,48,C5AR1,ENSG00000197405
CD16 Mono,49,NCF2,ENSG00000116701
CD16 Mono,50,CLEC12A,ENSG00000172322
Eryth,1,HBA1,ENSG00000206172
Eryth,2,HBB,ENSG00000244734
Eryth,3,HBA2,ENSG00000188536
Eryth,4,SLC25A37,ENSG00000147454
Eryth,5,SNCA,ENSG00000145335
Eryth,6,YBX3,ENSG00000060138
Eryth,7,SLC25A39,ENSG00000013306
Eryth,8,HBM,ENSG00000206177
Eryth,9,ALAS2,ENSG00000158578
Eryth,10,BNIP3L,ENSG00000104765
Eryth,11,FAM210B,ENSG00000124098
Eryth,12,HBD,ENSG00000223609
Eryth,13,FKBP8,ENSG00000105701
Eryth,14,AHSP,ENSG00000169877
Eryth,15,MXI1,ENSG00000119950
Eryth,16,SLC4A1,ENSG00000004939
Eryth,17,MKRN1,ENSG00000133606
Eryth,18,DCAF12,ENSG00000198876
Eryth,19,ADIPOR1,ENSG00000159346
Eryth,20,BLVRB,ENSG00000090013
Eryth,21,BCL2L1,ENSG00000171552
Eryth,22,STRADB,ENSG00000082146
Eryth,23,TRIM58,ENSG00000162722
Eryth,24,SELENBP1,ENSG00000143416
Eryth,25,RNF10,ENSG00000022840
Eryth,26,DMTN,ENSG00000158856
Eryth,27,GLRX5,ENSG00000182512
Eryth,28,CA1,ENSG00000133742
Eryth,29,FBXO7,ENSG00000100225
Eryth,30,TENT5C,ENSG00000183508
Eryth,31,FECH,ENSG00000066926
Eryth,32,MARCHF8,ENSG00000165406
Eryth,33,BPGM,ENSG00000172331
Eryth,34,GMPR,ENSG00000137198
Eryth,35,IFI27,ENSG00000165949
Eryth,36,HEMGN,ENSG00000136929
Eryth,37,GSPT1,ENSG00000103342
Eryth,38,UBB,ENSG00000170315
Eryth,39,MPP1,ENSG00000130830
Eryth,40,RIOK3,ENSG00000101782
Eryth,41,TNS1,ENSG00000079308
Eryth,42,NCOA4,ENSG00000266412
Eryth,43,GYPB,ENSG00000250361
Eryth,44,FOXO3,ENSG00000118689
Eryth,45,HBQ1,ENSG00000086506
Eryth,46,EPB42,ENSG00000166947
Eryth,47,YOD1,ENSG00000180667
Eryth,48,NFIX,ENSG00000008441
Eryth,49,PDZK1IP1,ENSG00000162366
Eryth,50,KRT1,ENSG00000167768
HSPC,1,CDK6,ENSG00000105810
HSPC,2,SOX4,ENSG00000124766
HSPC,3,RPS24,ENSG00000138326
HSPC,4,ZFAS1,ENSG00000177410
HSPC,5,RACK1,ENSG00000204628
HSPC,6,PRSS57,ENSG00000185198
HSPC,7,ANKRD28,ENSG00000206560
HSPC,8,GIHCG,ENSG00000257698
HSPC,9,NPM1,ENSG00000181163
HSPC,10,RPLP0,ENSG00000089157
HSPC,11,SERPINB1,ENSG00000021355
HSPC,12,HNRNPA1,ENSG00000135486
HSPC,13,EBPL,ENSG00000123179
HSPC,14,RPL15,ENSG00000174748
HSPC,15,RPL26,ENSG00000161970
HSPC,16,RPL7A,ENSG00000148303
HSPC,17,RPL5,ENSG00000122406
HSPC,18,EIF3E,ENSG00000104408
HSPC,19,MSI2,ENSG00000153944
HSPC,20,RPL7,ENSG00000147604
HSPC,21,RPS4X,ENSG00000198034
HSPC,22,SNHG7,ENSG00000233016
HSPC,23,MYB,ENSG00000118513
HSPC,24,FAM30A,ENSG00000226777
HSPC,25,EGFL7,ENSG00000172889
HSPC,26,RPS2,ENSG00000140988
HSPC,27,MACROH2A1,ENSG00000113648
HSPC,28,RPS3A,ENSG00000145425
HSPC,29,DDAH2,ENSG00000213722
HSPC,30,RPS23,ENSG00000186468
HSPC,31,STMN1,ENSG00000117632
HSPC,32,SMIM24,ENSG00000095932
HSPC,33,SPINK2,ENSG00000128040
HSPC,34,BTF3,ENSG00000145741
HSPC,35,CYTL1,ENSG00000170891
HSPC,36,LAPTM4B,ENSG00000104341
HSPC,37,ATP5MC2,ENSG00000135390
HSPC,38,HINT1,ENSG00000169567
HSPC,39,YBX3,ENSG00000060138
HSPC,40,LYL1,ENSG00000104903
HSPC,41,RPS5,ENSG00000083845
HSPC,42,HSP90AB1,ENSG00000096384
HSPC,43,RPS8,ENSG00000142937
HSPC,44,RPS9,ENSG00000170889
HSPC,45,FAM117A,ENSG00000121104
HSPC,46,NPR3,ENSG00000113389
HSPC,47,CD34,ENSG00000174059
HSPC,48,LMO2,ENSG00000135363
HSPC,49,SNHG8,ENSG00000269893
HSPC,50,RPS3,ENSG00000149273
ILC,1,FXYD5,ENSG00000089327
ILC,2,KLRB1,ENSG00000111796
ILC,3,TNFRSF18,ENSG00000186891
ILC,4,DDIT4,ENSG00000168209
ILC,5,JUND,ENSG00000130522
ILC,6,GATA3,ENSG00000107485
ILC,7,TNFRSF4,ENSG00000186827
ILC,8,IL7R,ENSG00000168685
ILC,9,ANXA1,ENSG00000135046
ILC,10,IFITM2,ENSG00000185201
ILC,11,TSC22D3,ENSG00000157514
ILC,12,KLF2,ENSG00000127528
ILC,13,DUSP1,ENSG00000120129
ILC,14,TRDC,ENSG00000211829
ILC,15,CD7,ENSG00000173762
ILC,16,LTB,ENSG00000227507
ILC,17,TPT1,ENSG00000133112
ILC,18,TNFAIP3,ENSG00000118503
ILC,19,ZFP36L2,ENSG00000152518
ILC,20,RRBP1,ENSG00000125844
ILC,21,AREG,ENSG00000109321
ILC,22,CD69,ENSG00000110848
ILC,23,NFKBIA,ENSG00000100906
ILC,24,INPP4B,ENSG00000109452
ILC,25,CTSW,ENSG00000172543
ILC,26,PTMA,ENSG00000187514
ILC,27,FOS,ENSG00000170345
ILC,28,TMEM123,ENSG00000152558
ILC,29,IER2,ENSG00000160888
ILC,30,C16orf54,ENSG00000185905
ILC,31,GPR183,ENSG00000169508
ILC,32,ITGB1,ENSG00000150093
ILC,33,TIMP1,ENSG00000102265
ILC,34,TCF7,ENSG00000081059
ILC,35,CD63,ENSG00000135404
ILC,36,CDC14A,ENSG00000079335
ILC,37,KIT,ENSG00000157404
ILC,38,CCND2,ENSG00000118971
ILC,39,EEF1A1,ENSG00000156508
ILC,40,TRGC1,ENSG00000211689
ILC,41,TXNIP,ENSG00000265972
ILC,42,IL2RG,ENSG00000147168
ILC,43,RPS6KA3,ENSG00000177189
ILC,44,SSBP2,ENSG00000145687
ILC,45,IL1R1,ENSG00000115594
ILC,46,EMP3,ENSG00000142227
ILC,47,ETS1,ENSG00000134954
ILC,48,IRF1,ENSG00000125347
ILC,49,H3-3B,ENSG00000132475
ILC,50,CDC42,ENSG00000070831
MAIT,1,KLRB1,ENSG00000111796
MAIT,2,IL7R,ENSG00000168685
MAIT,3,GZMK,ENSG00000113088
MAIT,4,DUSP2,ENSG00000158050
MAIT,5,ZFP36L2,ENSG00000152518
MAIT,6,ARL4C,ENSG00000188042
MAIT,7,CD69,ENSG00000110848
MAIT,8,NCR3,ENSG00000204475
MAIT,9,CXCR4,ENSG00000121966
MAIT,10,PHACTR2,ENSG00000112419
MAIT,11,RORA,ENSG00000069667
MAIT,12,SPOCK2,ENSG00000107742
MAIT,13,LYAR,ENSG00000145220
MAIT,14,GZMA,ENSG00000145649
MAIT,15,KLRG1,ENSG00000139187
MAIT,16,SLC4A10,ENSG00000144290
MAIT,17,HCST,ENSG00000126264
MAIT,18,BTG1,ENSG00000133639
MAIT,19,IL32,ENSG00000008517
MAIT,20,CD3E,ENSG00000198851
MAIT,21,CCL5,ENSG00000271503
MAIT,22,NKG7,ENSG00000105374
MAIT,23,ID2,ENSG00000115738
MAIT,24,CD3D,ENSG00000167286
MAIT,25,MYBL1,ENSG00000185697
MAIT,26,JUNB,ENSG00000171223
MAIT,27,HLA-C,ENSG00000204525
MAIT,28,SYNE2,ENSG00000054654
MAIT,29,CST7,ENSG00000077984
MAIT,30,S100A4,ENSG00000196154
MAIT,31,LINC01871,ENSG00000235576
MAIT,32,LTB,ENSG00000227507
MAIT,33,ERN1,ENSG00000178607
MAIT,34,TRBC2,ENSG00000211772
MAIT,35,GPR65,ENSG00000140030
MAIT,36,CTSW,ENSG00000172543
MAIT,37,PRF1,ENSG00000180644
MAIT,38,MAF,ENSG00000178573
MAIT,39,DDIT4,ENSG00000168209
MAIT,40,B2M,ENSG00000166710
MAIT,41,PARP8,ENSG00000151883
MAIT,42,CALM1,ENSG00000198668
MAIT,43,FKBP11,ENSG00000134285
MAIT,44,PRDM1,ENSG00000057657
MAIT,45,ODF2L,ENSG00000122417
MAIT,46,TRAC,ENSG00000277734
MAIT,47,TPT1,ENSG00000133112
MAIT,48,RPL28,ENSG00000108107
MAIT,49,RPL36AL,ENSG00000165502
MAIT,50,RPL10,ENSG00000147403
NK,1,NKG7,ENSG00000105374
NK,2,PRF1,ENSG00000180644
NK,3,CST7,ENSG00000077984
NK,4,KLRD1,ENSG00000134539
NK,5,CD247,ENSG00000198821
NK,6,GNLY,ENSG00000115523
NK,7,GZMB,ENSG00000100453
NK,8,KLRF1,ENSG00000150045
NK,9,FGFBP2,ENSG00000137441
NK,10,GZMA,ENSG00000145649
NK,11,SPON2,ENSG00000159674
NK,12,EFHD2,ENSG00000142634
NK,13,CTSW,ENSG00000172543
NK,14,FCGR3A,ENSG00000203747
NK,15,CLIC3,ENSG00000169583
NK,16,GZMM,ENSG00000197540
NK,17,ABHD17A,ENSG00000129968
NK,18,CD7,ENSG00000173762
NK,19,HLA-C,ENSG00000204525
NK,20,HOPX,ENSG00000171476
NK,21,HCST,ENSG00000126264
NK,22,IL2RB,ENSG00000100385
NK,23,CCL4,ENSG00000275302
NK,24,B2M,ENSG00000166710
NK,25,JAK1,ENSG00000162434
NK,26,TYROBP,ENSG00000011600
NK,27,PYHIN1,ENSG00000163564
NK,28,ADGRG1,ENSG00000205336
NK,29,GZMH,ENSG00000100450
NK,30,HLA-A,ENSG00000206503
NK,31,RNF213,ENSG00000173821
NK,32,ARL4C,ENSG00000188042
NK,33,TRDC,ENSG00000211829
NK,34,IFITM2,ENSG00000185201
NK,35,HLA-B,ENSG00000234745
NK,36,GNPTAB,ENSG00000111670
NK,37,SYNE1,ENSG00000131018
NK,38,SYNE2,ENSG00000054654
NK,39,KLRB1,ENSG00000111796
NK,40,PLAAT4,ENSG00000133321
NK,41,RUNX3,ENSG00000020633
NK,42,CCL5,ENSG00000271503
NK,43,CALM1,ENSG00000198668
NK,44,SAMD3,ENSG00000164483
NK,45,ITGB2,ENSG00000160255
NK,46,CYBA,ENSG00000051523
NK,47,UTRN,ENSG00000152818
NK,48,PTPRC,ENSG00000081237
NK,49,MYBL1,ENSG00000185697
NK,50,PLAC8,ENSG00000145287
NK Proliferating,1,STMN1,ENSG00000117632
NK Proliferating,2,DEK,ENSG00000124795
NK Proliferating,3,HMGB2,ENSG00000164104
NK Proliferating,4,PTMA,ENSG00000187514
NK Proliferating,5,HMGN2,ENSG00000198830
NK Proliferating,6,TUBA1B,ENSG00000123416
NK Proliferating,7,GZMA,ENSG00000145649
NK Proliferating,8,PRF1,ENSG00000180644
NK Proliferating,9,NUCKS1,ENSG00000069275
NK Proliferating,10,NKG7,ENSG00000105374
NK Proliferating,11,H2AZ1,ENSG00000164032
NK Proliferating,12,PCNA,ENSG00000132646
NK Proliferating,13,TYMS,ENSG00000176890
NK Proliferating,14,HMGB1,ENSG00000189403
NK Proliferating,15,CD247,ENSG00000198821
NK Proliferating,16,GZMB,ENSG00000100453
NK Proliferating,17,HNRNPA2B1,ENSG00000122566
NK Proliferating,18,PFN1,ENSG00000108518
NK Proliferating,19,CTSW,ENSG00000172543
NK Proliferating,20,KLRF1,ENSG00000150045
NK Proliferating,21,DBI,ENSG00000155368
NK Proliferating,22,DNMT1,ENSG00000130816
NK Proliferating,23,NASP,ENSG00000132780
NK Proliferating,24,SPON2,ENSG00000159674
NK Proliferating,25,CFL1,ENSG00000172757
NK Proliferating,26,KLRD1,ENSG00000134539
NK Proliferating,27,DUT,ENSG00000128951
NK Proliferating,28,CLSPN,ENSG00000092853
NK Proliferating,29,GNLY,ENSG00000115523
NK Proliferating,30,PCLAF,ENSG00000166803
NK Proliferating,31,H2AZ2,ENSG00000105968
NK Proliferating,32,EFHD2,ENSG00000142634
NK Proliferating,33,CST7,ENSG00000077984
NK Proliferating,34,SMC2,ENSG00000136824
NK Proliferating,35,SMC3,ENSG00000108055
NK Proliferating,36,FGFBP2,ENSG00000137441
NK Proliferating,37,HSP90AA1,ENSG00000080824
NK Proliferating,38,CARHSP1,ENSG00000153048
NK Proliferating,39,TUBB,ENSG00000196230
NK Proliferating,40,SMC4,ENSG00000113810
NK Proliferating,41,CALM1,ENSG00000198668
NK Proliferating,42,COX8A,ENSG00000176340
NK Proliferating,43,SNRPB,ENSG00000125835
NK Proliferating,44,MKI67,ENSG00000148773
NK Proliferating,45,MCM3,ENSG00000112118
NK Proliferating,46,TMPO,ENSG00000120802
NK Proliferating,47,HNRNPAB,ENSG00000197451
NK Proliferating,48,ANP32E,ENSG00000143401
NK Proliferating,49,FCGR3A,ENSG00000203747
NK Proliferating,50,MCM7,ENSG00000166508
NK_CD56bright,1,KLRD1,ENSG00000134539
NK_CD56bright,2,GNLY,ENSG00000115523
NK_CD56bright,3,IL2RB,ENSG00000100385
NK_CD56bright,4,CTSW,ENSG00000172543
NK_CD56bright,5,XCL2,ENSG00000143185
NK_CD56bright,6,CMC1,ENSG00000187118
NK_CD56bright,7,KLRF1,ENSG00000150045
NK_CD56bright,8,XCL1,ENSG00000143184
NK_CD56bright,9,KLRC1,ENSG00000134545
NK_CD56bright,10,SELL,ENSG00000188404
NK_CD56bright,11,CD7,ENSG00000173762
NK_CD56bright,12,JAK1,ENSG00000162434
NK_CD56bright,13,HOPX,ENSG00000171476
NK_CD56bright,14,GZMK,ENSG00000113088
NK_CD56bright,15,IFITM2,ENSG00000185201
NK_CD56bright,16,NKG7,ENSG00000105374
NK_CD56bright,17,TRDC,ENSG00000211829
NK_CD56bright,18,NCAM1,ENSG00000149294
NK_CD56bright,19,MATK,ENSG00000007264
NK_CD56bright,20,CD63,ENSG00000135404
NK_CD56bright,21,AREG,ENSG00000109321
NK_CD56bright,22,TYROBP,ENSG00000011600
NK_CD56bright,23,ID2,ENSG00000115738
NK_CD56bright,24,RUNX3,ENSG00000020633
NK_CD56bright,25,DUSP2,ENSG00000158050
NK_CD56bright,26,TXK,ENSG00000074966
NK_CD56bright,27,SAMD3,ENSG00000164483
NK_CD56bright,28,HCST,ENSG00000126264
NK_CD56bright,29,STK17A,ENSG00000164543
NK_CD56bright,30,ARL4C,ENSG00000188042
NK_CD56bright,31,CD2,ENSG00000116824
NK_CD56bright,32,ZFP36L2,ENSG00000152518
NK_CD56bright,33,PRF1,ENSG00000180644
NK_CD56bright,34,SRGN,ENSG00000122862
NK_CD56bright,35,FCER1G,ENSG00000158869
NK_CD56bright,36,CD44,ENSG00000026508
NK_CD56bright,37,PLAC8,ENSG00000145287
NK_CD56bright,38,IRF1,ENSG00000125347
NK_CD56bright,39,SPTSSB,ENSG00000196542
NK_CD56bright,40,IFITM3,ENSG00000142089
NK_CD56bright,41,IL18R1,ENSG00000115604
NK_CD56bright,42,KLRB1,ENSG00000111796
NK_CD56bright,43,GZMA,ENSG00000145649
NK_CD56bright,44,BHLHE40,ENSG00000134107
NK_CD56bright,45,GATA3,ENSG00000107485
NK_CD56bright,46,TPT1,ENSG00000133112
NK_CD56bright,47,MAP3K8,ENSG00000107968
NK_CD56bright,48,MBP,ENSG00000197971
NK_CD56bright,49,RPS24,ENSG00000138326
NK_CD56bright,50,ITGAX,ENSG00000140678
Plasmablast,1,MZB1,ENSG00000170476
Plasmablast,2,HSP90B1,ENSG00000166598
Plasmablast,3,JCHAIN,ENSG00000132465
Plasmablast,4,PPIB,ENSG00000166794
Plasmablast,5,SEC11C,ENSG00000166562
Plasmablast,6,TNFRSF17,ENSG00000048462
Plasmablast,7,SSR4,ENSG00000180879
Plasmablast,8,PDIA4,ENSG00000155660
Plasmablast,9,SPCS2,ENSG00000118363
Plasmablast,10,ITM2C,ENSG00000135916
Plasmablast,11,SSR3,ENSG00000114850
Plasmablast,12,DERL3,ENSG00000099958
Plasmablast,13,UBE2J1,ENSG00000198833
Plasmablast,14,TXNDC5,ENSG00000239264
Plasmablast,15,FKBP11,ENSG00000134285
Plasmablast,16,MYDGF,ENSG00000074842
Plasmablast,17,LMAN1,ENSG00000074695
Plasmablast,18,HSPA5,ENSG00000044574
Plasmablast,19,XBP1,ENSG00000100219
Plasmablast,20,PDIA6,ENSG00000143870
Plasmablast,21,SUB1,ENSG00000113387
Plasmablast,22,IGHA1,ENSG00000211895
Plasmablast,23,SDF2L1,ENSG00000128228
Plasmablast,24,MANF,ENSG00000145050
Plasmablast,25,MAN1A1,ENSG00000111885
Plasmablast,26,TXNDC11,ENSG00000153066
Plasmablast,27,SPCS1,ENSG00000114902
Plasmablast,28,CALR,ENSG00000179218
Plasmablast,29,POU2AF1,ENSG00000110777
Plasmablast,30,ISG20,ENSG00000172183
Plasmablast,31,ERLEC1,ENSG00000068912
Plasmablast,32,ELL2,ENSG00000118985
Plasmablast,33,CD38,ENSG00000004468
Plasmablast,34,PRDX4,ENSG00000123131
Plasmablast,35,SELENOS,ENSG00000131871
Plasmablast,36,SPATS2,ENSG00000123352
Plasmablast,37,CLPTM1L,ENSG00000049656
Plasmablast,38,TNFRSF13B,ENSG00000240505
Plasmablast,39,EAF2,ENSG00000145088
Plasmablast,40,SPCS3,ENSG00000129128
Plasmablast,41,CPNE5,ENSG00000124772
Plasmablast,42,SEC61B,ENSG00000106803
Plasmablast,43,FKBP2,ENSG00000173486
Plasmablast,44,TENT5C,ENSG00000183508
Plasmablast,45,KDELR2,ENSG00000136240
Plasmablast,46,TP53INP1,ENSG00000164938
Plasmablast,47,P4HB,ENSG00000185624
Plasmablast,48,CRELD2,ENSG00000184164
Plasmablast,49,HM13,ENSG00000101294
Plasmablast,50,ZBP1,ENSG00000124256
Platelet,1,NRGN,ENSG00000154146
Platelet,2,PPBP,ENSG00000163736
Platelet,3,PF4,ENSG00000163737
Platelet,4,GNG11,ENSG00000127920
Platelet,5,CAVIN2,ENSG00000168497
Platelet,6,TUBB1,ENSG00000101162
Platelet,7,H3-3A,ENSG00000163041
Platelet,8,OAZ1,ENSG00000104904
Platelet,9,FTH1,ENSG00000167996
Platelet,10,CLU,ENSG00000120885
Platelet,11,H2AC6,ENSG00000180573
Platelet,12,OST4,ENSG00000228474
Platelet,13,PRKAR2B,ENSG00000005249
Platelet,14,GNAS,ENSG00000087460
Platelet,15,TMSB4X,ENSG00000205542
Platelet,16,SH3BGRL3,ENSG00000142669
Platelet,17,TAGLN2,ENSG00000158710
Platelet,18,TLN1,ENSG00000137076
Platelet,19,RGS18,ENSG00000150681
Platelet,20,CCL5,ENSG00000271503
Platelet,21,SPARC,ENSG00000113140
Platelet,22,F13A1,ENSG00000124491
Platelet,23,ITM2B,ENSG00000136156
Platelet,24,GP9,ENSG00000169704
Platelet,25,MT-ND2,ENSG00000198763
Platelet,26,TREML1,ENSG00000161911
Platelet,27,LIMS1,ENSG00000169756
Platelet,28,RGS10,ENSG00000148908
Platelet,29,SERF2,ENSG00000140264
Platelet,30,MYL12A,ENSG00000101608
Platelet,31,PGRMC1,ENSG00000101856
Platelet,32,MAP3K7CL,ENSG00000156265
Platelet,33,TUBA4A,ENSG00000127824
Platelet,34,MMD,ENSG00000108960
Platelet,35,VCL,ENSG00000035403
Platelet,36,TPM4,ENSG00000167460
Platelet,37,MTPN,ENSG00000105887
Platelet,38,CALM3,ENSG00000160014
Platelet,39,MTURN,ENSG00000180354
Platelet,40,RUFY1,ENSG00000176783
Platelet,41,ACRBP,ENSG00000111644
Platelet,42,MYL6,ENSG00000092841
Platelet,43,FTL,ENSG00000087086
Platelet,44,HLA-E,ENSG00000204592
Platelet,45,TSC22D1,ENSG00000102804
Platelet,46,NAP1L1,ENSG00000187109
Platelet,47,CMTM5,ENSG00000166091
Platelet,48,ITGA2B,ENSG00000005961
Platelet,49,TGFB1,ENSG00000105329
Platelet,50,MARCHF2,ENSG00000099785
Treg,1,RPL36,ENSG00000130255
Treg,2,RPL30,ENSG00000156482
Treg,3,RPL32,ENSG00000144713
Treg,4,RPL13,ENSG00000167526
Treg,5,RPL11,ENSG00000142676
Treg,6,RPS6,ENSG00000137154
Treg,7,RPS12,ENSG00000112306
Treg,8,RPL12,ENSG00000197958
Treg,9,RPLP2,ENSG00000177600
Treg,10,RPL34,ENSG00000109475
Treg,11,RPL39,ENSG00000198918
Treg,12,RPS27,ENSG00000177954
Treg,13,RPL38,ENSG00000172809
Treg,14,RPS20,ENSG00000008988
Treg,15,RPL37,ENSG00000145592
Treg,16,RPS28,ENSG00000233927
Treg,17,RPS16,ENSG00000105193
Treg,18,RPS25,ENSG00000118181
Treg,19,RPL9,ENSG00000163682
Treg,20,RPS29,ENSG00000213741
Treg,21,RPS15,ENSG00000115268
Treg,22,RPL22,ENSG00000116251
Treg,23,TRAC,ENSG00000277734
Treg,24,RPS15A,ENSG00000134419
Treg,25,RPL18A,ENSG00000105640
Treg,26,RPL14,ENSG00000188846
Treg,27,RPL28,ENSG00000108107
Treg,28,LEF1,ENSG00000138795
Treg,29,RPS13,ENSG00000110700
Treg,30,RPL21,ENSG00000122026
Treg,31,RPS3,ENSG00000149273
Treg,32,RPL35A,ENSG00000182899
Treg,33,RPL24,ENSG00000114391
Treg,34,RPS3A,ENSG00000145425
Treg,35,C12orf57,ENSG00000111678
Treg,36,RPS8,ENSG00000142937
Treg,37,RPL5,ENSG00000122406
Treg,38,LDHB,ENSG00000111716
Treg,39,RPL10,ENSG00000147403
Treg,40,TPT1,ENSG00000133112
Treg,41,RPL37A,ENSG00000197756
Treg,42,RPS27A,ENSG00000143947
Treg,43,RPL23,ENSG00000125691
Treg,44,RPL41,ENSG00000229117
Treg,45,RTKN2,ENSG00000182010
Treg,46,RPL19,ENSG00000108298
Treg,47,CD3G,ENSG00000160654
Treg,48,RPS18,ENSG00000231500
Treg,49,RPL8,ENSG00000161016
Treg,50,RPL10A,ENSG00000198755
cDC1,1,CD74,ENSG00000019582
cDC1,2,HLA-DPA1,ENSG00000231389
cDC1,3,HLA-DPB1,ENSG00000223865
cDC1,4,WDFY4,ENSG00000128815
cDC1,5,C1orf54,ENSG00000118292
cDC1,6,CPVL,ENSG00000106066
cDC1,7,CLEC9A,ENSG00000197992
cDC1,8,HLA-DRA,ENSG00000204287
cDC1,9,SNX3,ENSG00000112335
cDC1,10,HLA-DQB1,ENSG00000179344
cDC1,11,CST3,ENSG00000101439
cDC1,12,SHTN1,ENSG00000187164
cDC1,13,CPNE3,ENSG00000085719
cDC1,14,BASP1,ENSG00000176788
cDC1,15,HLA-DQA1,ENSG00000196735
cDC1,16,GSTP1,ENSG00000084207
cDC1,17,BATF3,ENSG00000123685
cDC1,18,HLA-DRB1,ENSG00000196126
cDC1,19,CLNK,ENSG00000109684
cDC1,20,S100A10,ENSG00000197747
cDC1,21,IRF8,ENSG00000140968
cDC1,22,VIM,ENSG00000026025
cDC1,23,KCNK6,ENSG00000099337
cDC1,24,LGALS2,ENSG00000100079
cDC1,25,HLA-DMA,ENSG00000204257
cDC1,26,FGL2,ENSG00000127951
cDC1,27,C1orf162,ENSG00000143110
cDC1,28,TSPAN33,ENSG00000158457
cDC1,29,ACTB,ENSG00000075624
cDC1,30,CTSZ,ENSG00000101160
cDC1,31,RGS10,ENSG00000148908
cDC1,32,CADM1,ENSG00000182985
cDC1,33,FLT3,ENSG00000122025
cDC1,34,IDO1,ENSG00000131203
cDC1,35,RAB32,ENSG00000118508
cDC1,36,PPT1,ENSG00000131238
cDC1,37,ACTG1,ENSG00000184009
cDC1,38,ADISSP,ENSG00000101220
cDC1,39,ASAP1,ENSG00000153317
cDC1,40,CCDC88A,ENSG00000115355
cDC1,41,LYZ,ENSG00000090382
cDC1,42,RNH1,ENSG00000023191
cDC1,43,NDRG2,ENSG00000165795
cDC1,44,FCGRT,ENSG00000104870
cDC1,45,DST,ENSG00000151914
cDC1,46,MACROH2A1,ENSG00000113648
cDC1,47,TMSB4X,ENSG00000205542
cDC1,48,HLA-DMB,ENSG00000242574
cDC1,49,DNASE1L3,ENSG00000163687
cDC1,50,ID2,ENSG00000115738
cDC2,1,HLA-DRA,ENSG00000204287
cDC2,2,HLA-DPA1,ENSG00000231389
cDC2,3,CST3,ENSG00000101439
cDC2,4,HLA-DPB1,ENSG00000223865
cDC2,5,HLA-DQA1,ENSG00000196735
cDC2,6,FCER1A,ENSG00000179639
cDC2,7,HLA-DQB1,ENSG00000179344
cDC2,8,HLA-DRB1,ENSG00000196126
cDC2,9,LYZ,ENSG00000090382
cDC2,10,CPVL,ENSG00000106066
cDC2,11,CD74,ENSG00000019582
cDC2,12,HLA-DMA,ENSG00000204257
cDC2,13,CLEC10A,ENSG00000132514
cDC2,14,ALDH2,ENSG00000111275
cDC2,15,LGALS2,ENSG00000100079
cDC2,16,GSTP1,ENSG00000084207
cDC2,17,SAMHD1,ENSG00000101347
cDC2,18,IGSF6,ENSG00000140749
cDC2,19,CTSZ,ENSG00000101160
cDC2,20,CFP,ENSG00000126759
cDC2,21,HLA-DMB,ENSG00000242574
cDC2,22,MNDA,ENSG00000163563
cDC2,23,JAML,ENSG00000160593
cDC2,24,CTSH,ENSG00000103811
cDC2,25,FCGRT,ENSG00000104870
cDC2,26,GRN,ENSG00000030582
cDC2,27,VIM,ENSG00000026025
cDC2,28,AP1S2,ENSG00000182287
cDC2,29,IL13RA1,ENSG00000131724
cDC2,30,COTL1,ENSG00000103187
cDC2,31,ANXA2,ENSG00000182718
cDC2,32,FGL2,ENSG00000127951
cDC2,33,CCDC88A,ENSG00000115355
cDC2,34,HLA-DRB5,ENSG00000198502
cDC2,35,LST1,ENSG00000204482
cDC2,36,SPI1,ENSG00000066336
cDC2,37,CD1C,ENSG00000158481
cDC2,38,FOS,ENSG00000170345
cDC2,39,ANXA5,ENSG00000164111
cDC2,40,CSTA,ENSG00000121552
cDC2,41,AIF1,ENSG00000204472
cDC2,42,CIITA,ENSG00000179583
cDC2,43,LY86,ENSG00000112799
cDC2,44,C1orf162,ENSG00000143110
cDC2,45,CLEC4A,ENSG00000111729
cDC2,46,PLBD1,ENSG00000121316
cDC2,47,RNF130,ENSG00000113269
cDC2,48,CEBPD,ENSG00000221869
cDC2,49,LGALS1,ENSG00000100097
cDC2,50,TNFSF13B,ENSG00000102524
dnT,1,NUCB2,ENSG00000070081
dnT,2,GZMK,ENSG00000113088
dnT,3,TCF7,ENSG00000081059
dnT,4,CD27,ENSG00000139193
dnT,5,CD3D,ENSG00000167286
dnT,6,TRAC,ENSG00000277734
dnT,7,LDHB,ENSG00000111716
dnT,8,FYB1,ENSG00000082074
dnT,9,CD3G,ENSG00000160654
dnT,10,FCMR,ENSG00000162894
dnT,11,SARAF,ENSG00000133872
dnT,12,LCK,ENSG00000182866
dnT,13,CD3E,ENSG00000198851
dnT,14,SEPTIN6,ENSG00000125354
dnT,15,LEF1,ENSG00000138795
dnT,16,GYPC,ENSG00000136732
dnT,17,MALAT1,ENSG00000251562
dnT,18,TRBC2,ENSG00000211772
dnT,19,PIK3IP1,ENSG00000100100
dnT,20,FOXP1,ENSG00000114861
dnT,21,ETS1,ENSG00000134954
dnT,22,LIMD2,ENSG00000136490
dnT,23,CLEC2D,ENSG00000069493
dnT,24,ISG20,ENSG00000172183
dnT,25,GPR183,ENSG00000169508
dnT,26,LYAR,ENSG00000145220
dnT,27,C12orf57,ENSG00000111678
dnT,28,RCAN3,ENSG00000117602
dnT,29,NOSIP,ENSG00000142546
dnT,30,LEPROTL1,ENSG00000104660
dnT,31,GMFG,ENSG00000130755
dnT,32,MGAT4A,ENSG00000071073
dnT,33,GIMAP7,ENSG00000179144
dnT,34,GIMAP4,ENSG00000133574
dnT,35,BCL11B,ENSG00000127152
dnT,36,MT2A,ENSG00000125148
dnT,37,ATM,ENSG00000149311
dnT,38,TLE5,ENSG00000104964
dnT,39,SLFN5,ENSG00000166750
dnT,40,ARHGDIB,ENSG00000111348
dnT,41,TRAF3IP3,ENSG00000009790
dnT,42,FAM107B,ENSG00000065809
dnT,43,LINC00861,ENSG00000245164
dnT,44,GIMAP1,ENSG00000213203
dnT,45,RIPOR2,ENSG00000111913
dnT,46,LAT,ENSG00000213658
dnT,47,CCR7,ENSG00000126353
dnT,48,SESN3,ENSG00000149212
dnT,49,IKZF3,ENSG00000161405
dnT,50,DGKA,ENSG00000065357
gdT,1,TRDC,ENSG00000211829
gdT,2,TRGC1,ENSG00000211689
gdT,3,CD3G,ENSG00000160654
gdT,4,CCL5,ENSG00000271503
gdT,5,NKG7,ENSG00000105374
gdT,6,CD3D,ENSG00000167286
gdT,7,PPP2R5C,ENSG00000078304
gdT,8,IL32,ENSG00000008517
gdT,9,HCST,ENSG00000126264
gdT,10,CST7,ENSG00000077984
gdT,11,KLRD1,ENSG00000134539
gdT,12,TRGC2,ENSG00000227191
gdT,13,CD3E,ENSG00000198851
gdT,14,SYNE2,ENSG00000054654
gdT,15,GZMM,ENSG00000197540
gdT,16,PTPRC,ENSG00000081237
gdT,17,GZMA,ENSG00000145649
gdT,18,HLA-B,ENSG00000234745
gdT,19,ARL4C,ENSG00000188042
gdT,20,MALAT1,ENSG00000251562
gdT,21,HLA-A,ENSG00000206503
gdT,22,CTSW,ENSG00000172543
gdT,23,PIK3R1,ENSG00000145675
gdT,24,PRF1,ENSG00000180644
gdT,25,B2M,ENSG00000166710
gdT,26,DUSP2,ENSG00000158050
gdT,27,GNLY,ENSG00000115523
gdT,28,KLRG1,ENSG00000139187
gdT,29,LYAR,ENSG00000145220
gdT,30,CD7,ENSG00000173762
gdT,31,CCL4,ENSG00000275302
gdT,32,GZMH,ENSG00000100450
gdT,33,SYNE1,ENSG00000131018
gdT,34,FGFBP2,ENSG00000137441
gdT,35,CD247,ENSG00000198821
gdT,36,SAMD3,ENSG00000164483
gdT,37,LCK,ENSG00000182866
gdT,38,HLA-C,ENSG00000204525
gdT,39,RNF213,ENSG00000173821
gdT,40,LITAF,ENSG00000189067
gdT,41,PLAAT4,ENSG00000133321
gdT,42,HLA-E,ENSG00000204592
gdT,43,ZFP36L2,ENSG00000152518
gdT,44,RORA,ENSG00000069667
gdT,45,MYBL1,ENSG00000185697
gdT,46,PYHIN1,ENSG00000163564
gdT,47,RUNX3,ENSG00000020633
gdT,48,MT-ATP6,ENSG00000198899
gdT,49,ABHD17A,ENSG00000129968
gdT,50,DDX5,ENSG00000108654
pDC,1,CCDC50,ENSG00000152492
pDC,2,PPP1R14B,ENSG00000173457
pDC,3,UGCG,ENSG00000148154
pDC,4,TCF4,ENSG00000196628
pDC,5,IRF7,ENSG00000185507
pDC,6,IRF8,ENSG00000140968
pDC,7,PLD4,ENSG00000166428
pDC,8,SERPINF1,ENSG00000132386
pDC,9,IL3RA,ENSG00000185291
pDC,10,LILRA4,ENSG00000239961
pDC,11,BCL11A,ENSG00000119866
pDC,12,ITM2C,ENSG00000135916
pDC,13,ALOX5AP,ENSG00000132965
pDC,14,APP,ENSG00000142192
pDC,15,PLAC8,ENSG00000145287
pDC,16,SEC61B,ENSG00000106803
pDC,17,NPC2,ENSG00000119655
pDC,18,CLEC4C,ENSG00000198178
pDC,19,SMPD3,ENSG00000103056
pDC,20,HERPUD1,ENSG00000051108
pDC,21,GZMB,ENSG00000100453
pDC,22,C12orf75,ENSG00000235162
pDC,23,JCHAIN,ENSG00000132465
pDC,24,RNASE6,ENSG00000169413
pDC,25,CCDC88A,ENSG00000115355
pDC,26,SPCS1,ENSG00000114902
pDC,27,SPIB,ENSG00000269404
pDC,28,CYB561A3,ENSG00000162144
pDC,29,DERL3,ENSG00000099958
pDC,30,DNASE1L3,ENSG00000163687
pDC,31,TPM2,ENSG00000198467
pDC,32,MPEG1,ENSG00000197629
pDC,33,SELENOS,ENSG00000131871
pDC,34,MZB1,ENSG00000170476
pDC,35,MAPKAPK2,ENSG00000162889
pDC,36,GAPT,ENSG00000175857
pDC,37,TXN,ENSG00000136810
pDC,38,PLP2,ENSG00000102007
pDC,39,TSPAN13,ENSG00000106537
pDC,40,MAP1A,ENSG00000166963
pDC,41,SLC15A4,ENSG00000139370
pDC,42,NIBAN3,ENSG00000167483
pDC,43,PTPRE,ENSG00000132334
pDC,44,RRBP1,ENSG00000125844
pDC,45,CLIC3,ENSG00000169583
pDC,46,ZFAT,ENSG00000066827
pDC,47,GAS6,ENSG00000183087
pDC,48,VAMP8,ENSG00000118640
pDC,49,LINC00996,ENSG00000242258
pDC,50,CCDC186,ENSG00000165813
