barcode,cluster,cell_type
AAACATACAACCAC-1,0,CD8 T cells
AAACATTGAGCTAC-1,2,B cells
AAACATTGATCAGC-1,1,CD4 T cells
AAACCGTGCTTCCG-1,3,CD14 Monocytes
AAACCGTGTATGCG-1,4,NK cells
AAACGCACTGGTAC-1,1,CD4 T cells
AAACGCTGACCAGT-1,1,CD4 T cells
AAACGCTGGTTCTT-1,0,CD8 T cells
AAACGCTGTAGCCA-1,0,CD8 T cells
AAACGCTGTTTCTG-1,5,FCGR3A Monocytes
AAACTTGAAAAACG-1,2,B cells
AAACTTGATCCAGA-1,1,CD4 T cells
AAAGAGACGAGATA-1,1,CD4 T cells
AAAGAGACGCGAGA-1,3,CD14 Monocytes
AAAGAGACGGACTT-1,0,CD8 T cells
AAAGAGACGGCATT-1,1,CD4 T cells
AAAGCAGATATCGG-1,3,CD14 Monocytes
AAAGCCTGTATGCG-1,1,CD4 T cells
AAAGGCCTGTCTAG-1,2,B cells
AAAGTTTGATCACG-1,2,B cells
AAAGTTTGGGGTGA-1,2,B cells
AAAGTTTGTAGAGA-1,1,CD4 T cells
AAAGTTTGTAGCGT-1,3,CD14 Monocytes
AAATCAACAATGCC-1,2,B cells
AAATCAACACCAGT-1,1,CD4 T cells
AAATCAACCAGGAG-1,1,CD4 T cells
AAATCAACCCTATT-1,5,FCGR3A Monocytes
AAATCAACGGAAGC-1,1,CD4 T cells
AAATCAACTCGCAA-1,1,CD4 T cells
AAATCATGACCACA-1,5,FCGR3A Monocytes
AAATCCCTCCACAA-1,0,CD8 T cells
AAATCCCTGCTATG-1,2,B cells
AAATGTTGAACGAA-1,3,CD14 Monocytes
AAATGTTGCCACAA-1,0,CD8 T cells
AAATGTTGTGGCAT-1,3,CD14 Monocytes
AAATTCGAAGGTTC-1,1,CD4 T cells
AAATTCGAATCACG-1,3,CD14 Monocytes
AAATTCGAGCTGAT-1,5,FCGR3A Monocytes
AAATTCGAGGAGTG-1,1,CD4 T cells
AAATTCGATTCTCA-1,4,NK cells
AAATTGACACGACT-1,0,CD8 T cells
AAATTGACTCGCTC-1,0,CD8 T cells
AACAAACTCATTTC-1,1,CD4 T cells
AACAAACTTTCGTT-1,1,CD4 T cells
AACAATACGACGAG-1,1,CD4 T cells
AACACGTGCAGAGG-1,1,CD4 T cells
AACACGTGGAAAGT-1,1,CD4 T cells
AACACGTGGAACCT-1,3,CD14 Monocytes
AACACGTGGCTACA-1,1,CD4 T cells
AACACGTGTACGAC-1,5,FCGR3A Monocytes
AACAGCACAAGAGT-1,3,CD14 Monocytes
AACATTGATGGGAG-1,5,FCGR3A Monocytes
AACCAGTGATACCG-1,5,FCGR3A Monocytes
AACCCAGATCGCTC-1,1,CD4 T cells
AACCGATGCTCCCA-1,1,CD4 T cells
AACCGATGGTCATG-1,2,B cells
AACCGATGTTCTAC-1,3,CD14 Monocytes
AACCGCCTAGCGTT-1,1,CD4 T cells
AACCGCCTCTACGA-1,3,CD14 Monocytes
AACCTACTGTGAGG-1,3,CD14 Monocytes
AACCTACTGTGTTG-1,1,CD4 T cells
AACCTTACGAGACG-1,1,CD4 T cells
AACCTTACGCGAGA-1,4,NK cells
AACCTTACTAACGC-1,5,FCGR3A Monocytes
AACCTTTGGACGGA-1,1,CD4 T cells
AACCTTTGTACGCA-1,5,FCGR3A Monocytes
AACGCAACAAGTAG-1,1,CD4 T cells
AACGCATGACCCAA-1,1,CD4 T cells
AACGCATGCCTTCG-1,1,CD4 T cells
AACGCATGTACTTC-1,1,CD4 T cells
AACGCCCTCGGGAA-1,1,CD4 T cells
AACGCCCTCGTACA-1,4,NK cells
AACGCCCTGGCATT-1,1,CD4 T cells
AACGTCGAGTATCG-1,4,NK cells
AACGTGTGAAAGCA-1,1,CD4 T cells
AACGTGTGGCGGAA-1,2,B cells
AACGTGTGTCCAAG-1,1,CD4 T cells
AACGTGTGTGCTTT-1,1,CD4 T cells
AACTACCTTAGAGA-1,1,CD4 T cells
AACTCACTCAAGCT-1,3,CD14 Monocytes
AACTCACTTGGAGG-1,3,CD14 Monocytes
AACTCGGAAAGTGA-1,0,CD8 T cells
AACTCGGAAGGTCT-1,3,CD14 Monocytes
AACTCTTGCAGGAG-1,0,CD8 T cells
AACTGTCTCCCTTG-1,3,CD14 Monocytes
AACTTGCTACGCTA-1,2,B cells
AACTTGCTGGGACA-1,1,CD4 T cells
AAGAACGAGTGTTG-1,1,CD4 T cells
AAGAAGACGTAGGG-1,2,B cells
AAGACAGAAGTCTG-1,2,B cells
AAGACAGAGGATCT-1,1,CD4 T cells
AAGACAGATTACCT-1,3,CD14 Monocytes
AAGAGATGGGTAGG-1,2,B cells
AAGATGGAAAACAG-1,2,B cells
AAGATGGAGAACTC-1,3,CD14 Monocytes
AAGATGGAGATAAG-1,3,CD14 Monocytes
AAGATTACAACCTG-1,1,CD4 T cells
AAGATTACAGATCC-1,3,CD14 Monocytes
AAGATTACCCGTTC-1,3,CD14 Monocytes
AAGATTACCGCCTT-1,6,Dendritic cells
AAGATTACCTCAAG-1,4,NK cells
AAGATTACTCCTCG-1,3,CD14 Monocytes
AAGCAAGAGCGAGA-1,1,CD4 T cells
AAGCAAGAGCTTAG-1,0,CD8 T cells
AAGCAAGAGGTGTT-1,4,NK cells
AAGCACTGAGCAAA-1,2,B cells
AAGCACTGCATACG-1,0,CD8 T cells
AAGCACTGGTTCTT-1,2,B cells
AAGCCAACGTGTTG-1,1,CD4 T cells
AAGCCATGAACTGC-1,6,Dendritic cells
AAGCCATGACACGT-1,3,CD14 Monocytes
AAGCCATGCGTGAT-1,1,CD4 T cells
AAGCCATGTCTCGC-1,1,CD4 T cells
AAGCCTGACATGCA-1,1,CD4 T cells
AAGCCTGACCGAAT-1,3,CD14 Monocytes
AAGCGACTCCTCAC-1,5,FCGR3A Monocytes
AAGCGACTGTGTCA-1,1,CD4 T cells
AAGCGACTTACAGC-1,2,B cells
AAGCGACTTTGACG-1,5,FCGR3A Monocytes
AAGCGTACGTCTTT-1,1,CD4 T cells
AAGGCTTGCGAACT-1,0,CD8 T cells
AAGGTCACGGTTAC-1,3,CD14 Monocytes
AAGGTCACTGTTTC-1,2,B cells
AAGGTCACTTCCCG-1,0,CD8 T cells
AAGGTCTGACAGTC-1,1,CD4 T cells
AAGGTCTGCAGATC-1,1,CD4 T cells
AAGTAACTCTGAAC-1,3,CD14 Monocytes
AAGTAACTGAGATA-1,2,B cells
AAGTAGGATACAGC-1,4,NK cells
AAGTATACCGAACT-1,1,CD4 T cells
AAGTCCGACTTGTT-1,1,CD4 T cells
AAGTCCGATAGAAG-1,1,CD4 T cells
AAGTCTCTAGTCGT-1,1,CD4 T cells
AAGTCTCTCGGAGA-1,0,CD8 T cells
AAGTGGCTTGGAGG-1,2,B cells
AAGTTCCTCATTCT-1,3,CD14 Monocytes
AAGTTCCTTCTTAC-1,1,CD4 T cells
AATAAGCTCGAATC-1,1,CD4 T cells
AATAAGCTCGTTGA-1,1,CD4 T cells
AATACCCTGGACGA-1,2,B cells
AATACCCTGGCATT-1,1,CD4 T cells
AATACTGAAAGGGC-1,0,CD8 T cells
AATACTGAATTGGC-1,4,NK cells
AATAGGGAACCCTC-1,2,B cells
AATAGGGAGAATGA-1,0,CD8 T cells
AATCAAACTATCGG-1,0,CD8 T cells
AATCCGGAATGCTG-1,2,B cells
AATCCTACCGGTAT-1,1,CD4 T cells
AATCCTTGACGGGA-1,3,CD14 Monocytes
AATCCTTGGTGAGG-1,4,NK cells
AATCGGTGGAACTC-1,0,CD8 T cells
AATCGGTGTGCTTT-1,1,CD4 T cells
AATCTAGAAAAGTG-1,1,CD4 T cells
AATCTAGAATCGGT-1,1,CD4 T cells
AATCTCACAGCCTA-1,3,CD14 Monocytes
AATCTCACTCTAGG-1,1,CD4 T cells
AATCTCTGAACAGA-1,1,CD4 T cells
AATCTCTGCTTTAC-1,4,NK cells
AATGATACACCAAC-1,0,CD8 T cells
AATGATACGGTCAT-1,3,CD14 Monocytes
AATGCGTGACACCA-1,2,B cells
AATGCGTGGACGGA-1,6,Dendritic cells
AATGCGTGGCTATG-1,2,B cells
AATGGAGAATCGTG-1,3,CD14 Monocytes
AATGGAGATCCTTA-1,0,CD8 T cells
AATGGCTGACACCA-1,2,B cells
AATGGCTGCGTGAT-1,1,CD4 T cells
AATGGCTGTAAAGG-1,1,CD4 T cells
AATGGCTGTACTCT-1,0,CD8 T cells
AATGGCTGTGAAGA-1,1,CD4 T cells
AATGTAACGGTGGA-1,1,CD4 T cells
AATGTCCTCTTCTA-1,1,CD4 T cells
AATGTTGACAGTCA-1,1,CD4 T cells
AATGTTGAGTTGAC-1,3,CD14 Monocytes
AATGTTGATCTACT-1,1,CD4 T cells
AATTACGAATTCCT-1,6,Dendritic cells
AATTACGACTTCTA-1,1,CD4 T cells
AATTACGAGTGAGG-1,1,CD4 T cells
AATTACGATTGGCA-1,2,B cells
AATTCCTGCTCAGA-1,2,B cells
AATTGATGTCGCAA-1,5,FCGR3A Monocytes
AATTGTGACTTGGA-1,2,B cells
ACAAAGGAGGGTGA-1,1,CD4 T cells
ACAAATTGATTCTC-1,5,FCGR3A Monocytes
ACAAATTGCTCAGA-1,3,CD14 Monocytes
ACAAATTGTTGCGA-1,4,NK cells
ACAACCGAGGGATG-1,4,NK cells
ACAACCGAGTTACG-1,1,CD4 T cells
ACAAGAGAAGTCGT-1,3,CD14 Monocytes
ACAAGAGACTTATC-1,1,CD4 T cells
ACAAGAGAGTTGAC-1,2,B cells
ACAATCCTAACCGT-1,1,CD4 T cells
ACAATCCTTAGCGT-1,2,B cells
ACAATTGACTGACA-1,0,CD8 T cells
ACAATTGATGACTG-1,4,NK cells
ACACAGACCATACG-1,0,CD8 T cells
ACACCAGAGGGCAA-1,0,CD8 T cells
ACACCCTGGTGTTG-1,4,NK cells
ACACGAACAGTTCG-1,1,CD4 T cells
ACACGATGACGCAT-1,0,CD8 T cells
ACACGATGATGTGC-1,3,CD14 Monocytes
ACACGATGTCGTAG-1,0,CD8 T cells
ACACGATGTGGTCA-1,0,CD8 T cells
ACAGACACGGCATT-1,1,CD4 T cells
ACAGACACGTTGTG-1,1,CD4 T cells
ACAGCAACACCTAG-1,3,CD14 Monocytes
ACAGCAACCTCAAG-1,5,FCGR3A Monocytes
ACAGGTACCCCACT-1,1,CD4 T cells
ACAGGTACGCTGTA-1,0,CD8 T cells
ACAGGTACTGGTGT-1,4,NK cells
ACAGTCGACCCAAA-1,1,CD4 T cells
ACAGTCGACCGATA-1,0,CD8 T cells
ACAGTGACTCACCC-1,0,CD8 T cells
ACAGTGACTCTATC-1,0,CD8 T cells
ACAGTGTGGTCACA-1,1,CD4 T cells
ACAGTGTGTTGCGA-1,3,CD14 Monocytes
ACATCACTCTACTT-1,3,CD14 Monocytes
ACATGGTGAAGCCT-1,1,CD4 T cells
ACATGGTGCAACCA-1,2,B cells
ACATGGTGCGAGTT-1,1,CD4 T cells
ACATTCTGGCATAC-1,1,CD4 T cells
ACATTCTGGGAACG-1,3,CD14 Monocytes
ACCAACGACATGCA-1,1,CD4 T cells
ACCACAGAAAGTAG-1,1,CD4 T cells
ACCACAGAGTTGGT-1,1,CD4 T cells
ACCACCTGTGTGCA-1,1,CD4 T cells
ACCACGCTACAGCT-1,1,CD4 T cells
ACCACGCTACCCAA-1,0,CD8 T cells
ACCACGCTGCGAGA-1,1,CD4 T cells
ACCACGCTGCTGTA-1,1,CD4 T cells
ACCAGCCTGACAGG-1,1,CD4 T cells
ACCAGTGAACGGTT-1,2,B cells
ACCAGTGAATACCG-1,5,FCGR3A Monocytes
ACCAGTGAGGGATG-1,1,CD4 T cells
ACCAGTGATGACTG-1,3,CD14 Monocytes
ACCATTACCTTCTA-1,1,CD4 T cells
ACCATTACGAGATA-1,1,CD4 T cells
ACCATTTGTCATTC-1,1,CD4 T cells
ACCCAAGAACTGTG-1,0,CD8 T cells
ACCCAAGAATTCCT-1,5,FCGR3A Monocytes
ACCCAAGAGGACAG-1,1,CD4 T cells
ACCCAAGATTCACT-1,2,B cells
ACCCACTGCGCCTT-1,3,CD14 Monocytes
ACCCACTGGACAGG-1,1,CD4 T cells
ACCCACTGGTTCAG-1,7,Megakaryocytes
ACCCACTGTCGTAG-1,3,CD14 Monocytes
ACCCAGCTCAGAAA-1,1,CD4 T cells
ACCCAGCTGTTAGC-1,3,CD14 Monocytes
ACCCAGCTTGCTTT-1,1,CD4 T cells
ACCCGTTGATGACC-1,2,B cells
ACCCGTTGCTGCAA-1,1,CD4 T cells
ACCCGTTGCTTCTA-1,6,Dendritic cells
ACCCTCGACCTATT-1,1,CD4 T cells
ACCCTCGACGGTAT-1,2,B cells
ACCCTCGATAAGGA-1,3,CD14 Monocytes
ACCCTCGATCAAGC-1,5,FCGR3A Monocytes
ACCGTGCTACCAGT-1,1,CD4 T cells
ACCGTGCTGGAACG-1,2,B cells
ACCTATTGCTGAGT-1,2,B cells
ACCTATTGTGCCCT-1,5,FCGR3A Monocytes
ACCTCCGAGTCCTC-1,1,CD4 T cells
ACCTCCGATATGCG-1,1,CD4 T cells
ACCTCCGATGCTGA-1,1,CD4 T cells
ACCTCGTGAACCAC-1,0,CD8 T cells
ACCTGAGATATCGG-1,5,FCGR3A Monocytes
ACCTGGCTAAGTAG-1,4,NK cells
ACCTTTGACTCCCA-1,3,CD14 Monocytes
ACCTTTGAGGAACG-1,3,CD14 Monocytes
ACCTTTGAGGAAGC-1,5,FCGR3A Monocytes
ACGAACACCTTGTT-1,4,NK cells
ACGAACTGGCTATG-1,7,Megakaryocytes
ACGAAGCTCTCCAC-1,1,CD4 T cells
ACGAAGCTCTGAGT-1,2,B cells
ACGACCCTATCTCT-1,5,FCGR3A Monocytes
ACGACCCTGATGAA-1,1,CD4 T cells
ACGACCCTTGACAC-1,2,B cells
ACGACCCTTGACCA-1,1,CD4 T cells
ACGAGGGACAGGAG-1,6,Dendritic cells
ACGAGGGACGAACT-1,1,CD4 T cells
ACGAGGGATGTAGC-1,0,CD8 T cells
ACGAGTACCCTAAG-1,2,B cells
ACGAGTACGAATCC-1,2,B cells
ACGATCGAGGACTT-1,4,NK cells
ACGATCGAGTCACA-1,3,CD14 Monocytes
ACGATGACAATGCC-1,1,CD4 T cells
ACGATGACTGGTCA-1,1,CD4 T cells
ACGATTCTACGGGA-1,0,CD8 T cells
ACGCAATGGTTCAG-1,4,NK cells
ACGCACCTGTTAGC-1,2,B cells
ACGCCACTGAACTC-1,3,CD14 Monocytes
ACGCCGGAAACCAC-1,3,CD14 Monocytes
ACGCCGGAAAGCCT-1,1,CD4 T cells
ACGCCGGAAATGCC-1,1,CD4 T cells
ACGCCTTGCTCCCA-1,5,FCGR3A Monocytes
ACGCGGTGGCGAGA-1,1,CD4 T cells
ACGCGGTGTGTGGT-1,2,B cells
ACGCGGTGTTTGCT-1,0,CD8 T cells
ACGCTCACAGTACC-1,1,CD4 T cells
ACGCTCACCCTTGC-1,1,CD4 T cells
ACGCTGCTGTTCTT-1,4,NK cells
ACGGAACTCAGATC-1,4,NK cells
ACGGAACTGTCGTA-1,5,FCGR3A Monocytes
ACGGAGGACTCTTA-1,3,CD14 Monocytes
ACGGATTGGGAGGT-1,2,B cells
ACGGATTGGTTAGC-1,1,CD4 T cells
ACGGCTCTGAGCAG-1,1,CD4 T cells
ACGGCTCTTGCACA-1,1,CD4 T cells
ACGGTAACCGCTAA-1,1,CD4 T cells
ACGGTAACCTTCGC-1,0,CD8 T cells
ACGGTAACGGTGGA-1,1,CD4 T cells
ACGGTAACTCGCAA-1,0,CD8 T cells
ACGGTATGAGTCGT-1,3,CD14 Monocytes
ACGGTATGGGTATC-1,2,B cells
ACGGTATGGTTGTG-1,2,B cells
ACGGTCCTAACGGG-1,1,CD4 T cells
ACGGTCCTCGGGAA-1,1,CD4 T cells
ACGTAGACAACCAC-1,1,CD4 T cells
ACGTAGACTACAGC-1,2,B cells
ACGTCAGAAACGAA-1,1,CD4 T cells
ACGTCAGAGAGCTT-1,3,CD14 Monocytes
ACGTCAGAGGGATG-1,1,CD4 T cells
ACGTCCTGATAAGG-1,3,CD14 Monocytes
ACGTCCTGTGAACC-1,3,CD14 Monocytes
ACGTCGCTCCTGAA-1,4,NK cells
ACGTCGCTCTATTC-1,3,CD14 Monocytes
ACGTCGCTTCTCAT-1,2,B cells
ACGTGATGCCATGA-1,6,Dendritic cells
ACGTGATGGGTCTA-1,1,CD4 T cells
ACGTGATGTAACCG-1,5,FCGR3A Monocytes
ACGTGATGTGACAC-1,4,NK cells
ACGTGCCTCCGTAA-1,1,CD4 T cells
ACGTGCCTTCTATC-1,0,CD8 T cells
ACGTTACTTTCCAT-1,1,CD4 T cells
ACGTTGGAAAAGCA-1,1,CD4 T cells
ACGTTGGAAACCTG-1,0,CD8 T cells
ACGTTGGACCGTAA-1,3,CD14 Monocytes
ACGTTGGAGCCAAT-1,4,NK cells
ACGTTGGATATGGC-1,2,B cells
ACGTTGGATCAGGT-1,3,CD14 Monocytes
ACGTTTACATCAGC-1,1,CD4 T cells
ACTAAAACCCACAA-1,0,CD8 T cells
ACTAAAACTCGACA-1,3,CD14 Monocytes
ACTACGGAATTTCC-1,1,CD4 T cells
ACTACGGACCTATT-1,1,CD4 T cells
ACTACGGATCGCTC-1,1,CD4 T cells
ACTACTACTAAGGA-1,1,CD4 T cells
ACTAGGTGGAACCT-1,0,CD8 T cells
ACTAGGTGGAACTC-1,1,CD4 T cells
ACTATCACCTTGGA-1,0,CD8 T cells
ACTATCACTGCCAA-1,1,CD4 T cells
ACTCAGGACTGAAC-1,1,CD4 T cells
ACTCAGGATCTATC-1,2,B cells
ACTCAGGATTCGTT-1,3,CD14 Monocytes
ACTCCTCTCAACTG-1,1,CD4 T cells
ACTCGCACGAAAGT-1,3,CD14 Monocytes
ACTCGCACTACGAC-1,3,CD14 Monocytes
ACTCTCCTGACACT-1,1,CD4 T cells
ACTCTCCTGCATAC-1,1,CD4 T cells
ACTCTCCTGTTTGG-1,1,CD4 T cells
ACTGAGACAACCAC-1,0,CD8 T cells
ACTGAGACCCATAG-1,5,FCGR3A Monocytes
ACTGAGACGTTGGT-1,2,B cells
ACTGCCACACACGT-1,0,CD8 T cells
ACTGCCACTCCGTC-1,4,NK cells
ACTGGCCTTCAGTG-1,4,NK cells
ACTGTGGACGTGTA-1,0,CD8 T cells
ACTGTGGATCTAGG-1,2,B cells
ACTGTTACCCACAA-1,3,CD14 Monocytes
ACTGTTACTGCAGT-1,1,CD4 T cells
ACTTAAGAACCACA-1,1,CD4 T cells
ACTTAAGATTACTC-1,6,Dendritic cells
ACTTAGCTGCGTAT-1,5,FCGR3A Monocytes
ACTTAGCTGGGAGT-1,1,CD4 T cells
ACTTCAACAAGCAA-1,0,CD8 T cells
ACTTCAACGTAGGG-1,4,NK cells
ACTTCCCTTTCCGC-1,1,CD4 T cells
ACTTCTGACATGCA-1,2,B cells
ACTTGACTCCACAA-1,2,B cells
ACTTGGGAGAAAGT-1,3,CD14 Monocytes
ACTTGGGAGGTTTG-1,1,CD4 T cells
ACTTGGGATGTGAC-1,5,FCGR3A Monocytes
ACTTGGGATTGACG-1,3,CD14 Monocytes
ACTTGTACCTGTCC-1,1,CD4 T cells
ACTTTGTGGAAAGT-1,1,CD4 T cells
ACTTTGTGGATAGA-1,3,CD14 Monocytes
AGAAACGAAAGTAG-1,2,B cells
AGAAAGTGCGCAAT-1,1,CD4 T cells
AGAAAGTGGGGATG-1,3,CD14 Monocytes
AGAACAGAAATGCC-1,4,NK cells
AGAACAGACGACTA-1,2,B cells
AGAACAGAGACAAA-1,1,CD4 T cells
AGAACGCTTTGCTT-1,1,CD4 T cells
AGAAGATGTGACTG-1,0,CD8 T cells
AGAATGGAAGAAGT-1,0,CD8 T cells
AGAATTTGTAACCG-1,1,CD4 T cells
AGAATTTGTAGAGA-1,1,CD4 T cells
AGACACACTGTAGC-1,1,CD4 T cells
AGACACTGTCAAGC-1,3,CD14 Monocytes
AGACCTGAAGTAGA-1,3,CD14 Monocytes
AGACCTGACCAACA-1,1,CD4 T cells
AGACCTGAGGAAGC-1,0,CD8 T cells
AGACGTACAGAGGC-1,1,CD4 T cells
AGACGTACCCCTAC-1,2,B cells
AGACGTACCTCTTA-1,3,CD14 Monocytes
AGACGTACTCGTGA-1,5,FCGR3A Monocytes
AGACTGACCATCAG-1,0,CD8 T cells
AGACTGACCCTTTA-1,1,CD4 T cells
AGACTTCTCATGCA-1,2,B cells
AGAGATGACAGTCA-1,2,B cells
AGAGATGACTGAAC-1,1,CD4 T cells
AGAGATGAGGTTTG-1,3,CD14 Monocytes
AGAGATGATCTCGC-1,2,B cells
AGAGATGATTGTGG-1,1,CD4 T cells
AGAGCGGAGGCAAG-1,3,CD14 Monocytes
AGAGTCTGGTCGTA-1,5,FCGR3A Monocytes
AGAGTGCTCAGCTA-1,1,CD4 T cells
AGAGTGCTCGAATC-1,1,CD4 T cells
AGAGTGCTGTCATG-1,1,CD4 T cells
AGAGTGCTGTCCTC-1,0,CD8 T cells
AGAGTGCTGTGTTG-1,2,B cells
AGATATACCCGTAA-1,4,NK cells
AGATATACGATGAA-1,1,CD4 T cells
AGATATACTGTTCT-1,2,B cells
AGATATTGCCTACC-1,0,CD8 T cells
AGATATTGGCCAAT-1,3,CD14 Monocytes
AGATCGTGTCTGGA-1,3,CD14 Monocytes
AGATCGTGTTTGTC-1,2,B cells
AGATCTCTATCACG-1,2,B cells
AGATTAACGTTCTT-1,5,FCGR3A Monocytes
AGATTCCTATCGTG-1,1,CD4 T cells
AGATTCCTCACTTT-1,3,CD14 Monocytes
AGATTCCTGACGAG-1,3,CD14 Monocytes
AGATTCCTGTTCAG-1,4,NK cells
AGCAAAGATATGCG-1,1,CD4 T cells
AGCACAACAGTCTG-1,1,CD4 T cells
AGCACTGAGGGAGT-1,1,CD4 T cells
AGCACTGATATGCG-1,1,CD4 T cells
AGCACTGATGCTTT-1,6,Dendritic cells
AGCACTGATTGCGA-1,1,CD4 T cells
AGCATCGAAGATCC-1,1,CD4 T cells
AGCATCGAAGGGTG-1,2,B cells
AGCATCGAGCTTCC-1,3,CD14 Monocytes
AGCATCGAGTGAGG-1,1,CD4 T cells
AGCATCGATAACCG-1,3,CD14 Monocytes
AGCATGACGATGAA-1,0,CD8 T cells
AGCCAATGGGGAGT-1,5,FCGR3A Monocytes
AGCCAATGTATCTC-1,1,CD4 T cells
AGCCACCTGGATCT-1,0,CD8 T cells
AGCCGGTGCCAATG-1,1,CD4 T cells
AGCCGGTGTGTTTC-1,1,CD4 T cells
AGCCGTCTCAATCG-1,1,CD4 T cells
AGCCGTCTGAGAGC-1,1,CD4 T cells
AGCCTCACGTTCGA-1,1,CD4 T cells
AGCCTCACTGTCAG-1,5,FCGR3A Monocytes
AGCCTCTGCAGTTG-1,2,B cells
AGCCTCTGCCAATG-1,4,NK cells
AGCGAACTGGATCT-1,1,CD4 T cells
AGCGAACTTACTGG-1,1,CD4 T cells
AGCGATACGGAGCA-1,1,CD4 T cells
AGCGATTGAGATCC-1,4,NK cells
AGCGCCGAATCTCT-1,0,CD8 T cells
AGCGCCGACAGAGG-1,1,CD4 T cells
AGCGCTCTACCTTT-1,1,CD4 T cells
AGCGGCACCGGGAA-1,1,CD4 T cells
AGCGGCTGATGTGC-1,1,CD4 T cells
AGCGGGCTTGCCAA-1,1,CD4 T cells
AGCGTAACATGCTG-1,1,CD4 T cells
AGCGTAACTGAGAA-1,3,CD14 Monocytes
AGCTCGCTACTGGT-1,1,CD4 T cells
AGCTCGCTCTGCTC-1,1,CD4 T cells
AGCTGAACCATACG-1,5,FCGR3A Monocytes
AGCTGAACCTCTCG-1,1,CD4 T cells
AGCTGCCTTGGGAG-1,3,CD14 Monocytes
AGCTGCCTTTCATC-1,1,CD4 T cells
AGCTGCCTTTCTGT-1,1,CD4 T cells
AGCTGTGATCCAAG-1,1,CD4 T cells
AGCTTTACAAGTAG-1,1,CD4 T cells
AGCTTTACACCAAC-1,0,CD8 T cells
AGCTTTACTCTCAT-1,2,B cells
AGGAAATGAGGAGC-1,1,CD4 T cells
AGGAACCTCTTAGG-1,5,FCGR3A Monocytes
AGGAACCTTGCCTC-1,0,CD8 T cells
AGGAATGATAACGC-1,1,CD4 T cells
AGGAATGATTTGTC-1,1,CD4 T cells
AGGAGTCTGGTTTG-1,1,CD4 T cells
AGGAGTCTTGTCAG-1,1,CD4 T cells
AGGATAGACATTTC-1,1,CD4 T cells
AGGATAGAGGATTC-1,4,NK cells
AGGATGCTACTAGC-1,2,B cells
AGGATGCTTTAGGC-1,4,NK cells
AGGCAACTGAAGGC-1,1,CD4 T cells
AGGCAGGAGTACCA-1,0,CD8 T cells
AGGCCTCTAGTCGT-1,1,CD4 T cells
AGGCCTCTCGGAGA-1,1,CD4 T cells
AGGCCTCTCGTAAC-1,1,CD4 T cells
AGGGACGACGTTGA-1,1,CD4 T cells
AGGGACGAGTCAAC-1,4,NK cells
AGGGACGAGTTGTG-1,1,CD4 T cells
AGGGACGATAGAGA-1,0,CD8 T cells
AGGGACGATGCATG-1,0,CD8 T cells
AGGGAGTGAGCCTA-1,1,CD4 T cells
AGGGCCACCATACG-1,1,CD4 T cells
AGGGCGCTAACCAC-1,3,CD14 Monocytes
AGGGCGCTATGGTC-1,1,CD4 T cells
AGGGTGGACAGTCA-1,2,B cells
AGGGTGGACTCAAG-1,3,CD14 Monocytes
AGGGTGGAGTTGCA-1,0,CD8 T cells
AGGGTTTGTTCATC-1,3,CD14 Monocytes
AGGTCATGAGTGTC-1,2,B cells
AGGTCATGCTTATC-1,0,CD8 T cells
AGGTCTGATTCTCA-1,3,CD14 Monocytes
AGGTGGGAAGAATG-1,1,CD4 T cells
AGGTGGGAAGTTCG-1,1,CD4 T cells
AGGTGTTGGTTACG-1,2,B cells
AGGTTCGAACCTCC-1,3,CD14 Monocytes
AGGTTCGAACGTAC-1,3,CD14 Monocytes
AGGTTCGAGGGTGA-1,1,CD4 T cells
AGTAAGGAGTTTGG-1,0,CD8 T cells
AGTAAGGATTCTTG-1,0,CD8 T cells
AGTAATACATCACG-1,4,NK cells
AGTAATACCGAACT-1,2,B cells
AGTAATTGTCCCAC-1,1,CD4 T cells
AGTACGTGAGGGTG-1,1,CD4 T cells
AGTACGTGCTGCAA-1,1,CD4 T cells
AGTACGTGCTTGGA-1,1,CD4 T cells
AGTACTCTACGTGT-1,2,B cells
AGTACTCTCAACCA-1,0,CD8 T cells
AGTACTCTCGGTAT-1,1,CD4 T cells
AGTAGGCTTGCCTC-1,3,CD14 Monocytes
AGTATAACTTGTCT-1,5,FCGR3A Monocytes
AGTATCCTAGAACA-1,1,CD4 T cells
AGTCACGATGAGCT-1,4,NK cells
AGTCAGACGAATAG-1,1,CD4 T cells
AGTCAGACGCTTAG-1,1,CD4 T cells
AGTCAGACTAGAGA-1,0,CD8 T cells
AGTCAGACTGCACA-1,1,CD4 T cells
AGTCCAGATATCTC-1,1,CD4 T cells
AGTCCAGATTTCAC-1,1,CD4 T cells
AGTCGAACCAACCA-1,1,CD4 T cells
AGTCGCCTCCGTAA-1,1,CD4 T cells
AGTCTACTAGGGTG-1,3,CD14 Monocytes
AGTCTACTTGCATG-1,3,CD14 Monocytes
AGTCTTACACCACA-1,1,CD4 T cells
AGTCTTACTTCGCC-1,0,CD8 T cells
AGTCTTACTTCGGA-1,7,Megakaryocytes
AGTGACTGCAACTG-1,5,FCGR3A Monocytes
AGTGTTCTAACCTG-1,1,CD4 T cells
AGTGTTCTATAAGG-1,1,CD4 T cells
AGTGTTCTCACTTT-1,3,CD14 Monocytes
AGTTAAACCACTTT-1,1,CD4 T cells
AGTTATGAACAGTC-1,3,CD14 Monocytes
AGTTATGACTGAGT-1,0,CD8 T cells
AGTTATGAGTTCAG-1,1,CD4 T cells
AGTTCTACCAGCTA-1,3,CD14 Monocytes
AGTTCTTGAAGCCT-1,0,CD8 T cells
AGTTGTCTACTACG-1,1,CD4 T cells
AGTTTAGATGGTCA-1,1,CD4 T cells
AGTTTCACGGTCTA-1,0,CD8 T cells
AGTTTGCTACAGTC-1,1,CD4 T cells
AGTTTGCTACTGGT-1,4,NK cells
AGTTTGCTCCAAGT-1,1,CD4 T cells
ATAAACACAGTGCT-1,2,B cells
ATAAACACCACCAA-1,1,CD4 T cells
ATAACAACATGCTG-1,3,CD14 Monocytes
ATAACAACGTCTAG-1,1,CD4 T cells
ATAACAACTTTGTC-1,1,CD4 T cells
ATAACATGTACTCT-1,1,CD4 T cells
ATAACCCTGTTGGT-1,1,CD4 T cells
ATAACCCTTGGTAC-1,1,CD4 T cells
ATAAGTACGAATGA-1,2,B cells
ATAAGTTGGTACGT-1,5,FCGR3A Monocytes
ATAAGTTGTCTAGG-1,1,CD4 T cells
ATAATCGAGCTGAT-1,2,B cells
ATAATCGATGGTTG-1,1,CD4 T cells
ATAATGACCTACTT-1,1,CD4 T cells
ATAATGACTCGTGA-1,3,CD14 Monocytes
ATACAATGTTAGGC-1,1,CD4 T cells
ATACCACTCGTACA-1,3,CD14 Monocytes
ATACCACTCTAAGC-1,6,Dendritic cells
ATACCACTGCCAAT-1,4,NK cells
ATACCGGAATGCTG-1,6,Dendritic cells
ATACCGGACATTTC-1,3,CD14 Monocytes
ATACCGGACTTCGC-1,1,CD4 T cells
ATACCGGAGGTGTT-1,3,CD14 Monocytes
ATACCGGATCTCGC-1,1,CD4 T cells
ATACCTACGCATCA-1,1,CD4 T cells
ATACCTTGGGGCAA-1,1,CD4 T cells
ATACGGACAGACTC-1,3,CD14 Monocytes
ATACGGACCTACTT-1,3,CD14 Monocytes
ATACGGACGAGGTG-1,2,B cells
ATACGGACTATGCG-1,2,B cells
ATACGGACTCTGGA-1,3,CD14 Monocytes
ATACGTCTTAACGC-1,3,CD14 Monocytes
ATACTCTGCTTCGC-1,3,CD14 Monocytes
ATACTCTGGTATGC-1,4,NK cells
ATAGATACCATGGT-1,0,CD8 T cells
ATAGATACGACGAG-1,1,CD4 T cells
ATAGATTGGTGTAC-1,2,B cells
ATAGCCGAACGGAG-1,1,CD4 T cells
ATAGCGTGCAGATC-1,1,CD4 T cells
ATAGCGTGCCCTTG-1,3,CD14 Monocytes
ATAGCGTGGTATCG-1,3,CD14 Monocytes
ATAGCGTGTCTCTA-1,1,CD4 T cells
ATAGCTCTCTGATG-1,1,CD4 T cells
ATAGCTCTGAGGTG-1,1,CD4 T cells
ATAGGAGAAACAGA-1,3,CD14 Monocytes
ATAGGCTGTCAGAC-1,1,CD4 T cells
ATAGTCCTAGTGTC-1,3,CD14 Monocytes
ATAGTCCTTGCATG-1,0,CD8 T cells
ATAGTCCTTGTCGA-1,1,CD4 T cells
ATAGTTGACAACTG-1,1,CD4 T cells
ATAGTTGACCCTCA-1,5,FCGR3A Monocytes
ATAGTTGAGACGTT-1,1,CD4 T cells
ATAGTTGATAAGCC-1,1,CD4 T cells
ATATACGAAGCCAT-1,1,CD4 T cells
ATATACGAATTGGC-1,1,CD4 T cells
ATATAGTGGAATGA-1,3,CD14 Monocytes
ATATGCCTAGATCC-1,3,CD14 Monocytes
ATATGCCTGGACAG-1,1,CD4 T cells
ATATGCCTTCTCTA-1,1,CD4 T cells
ATATGCCTTGGTAC-1,1,CD4 T cells
ATCAAATGAGCCTA-1,3,CD14 Monocytes
ATCAAATGGGTAAA-1,5,FCGR3A Monocytes
ATCAACCTAAACGA-1,1,CD4 T cells
ATCAACCTGAGGAC-1,1,CD4 T cells
ATCAACCTTCTCTA-1,0,CD8 T cells
ATCAACCTTTGTCT-1,0,CD8 T cells
ATCACACTTTGTCT-1,1,CD4 T cells
ATCACGGATTTCGT-1,2,B cells
ATCATCTGACACCA-1,7,Megakaryocytes
ATCATGCTAGAGTA-1,0,CD8 T cells
ATCATGCTGAACCT-1,2,B cells
ATCCAGGACGCTAA-1,5,FCGR3A Monocytes
ATCCAGGATGGAAA-1,1,CD4 T cells
ATCCATACTCCTTA-1,3,CD14 Monocytes
ATCCATACTTCATC-1,5,FCGR3A Monocytes
ATCCCGTGCAGTCA-1,4,NK cells
ATCCCGTGCATGCA-1,2,B cells
ATCCCGTGGCTGAT-1,2,B cells
ATCCGCACGCATCA-1,2,B cells
ATCCTAACGACGGA-1,2,B cells
ATCCTAACGCTACA-1,0,CD8 T cells
ATCGACGAAACTGC-1,3,CD14 Monocytes
ATCGACGAATGACC-1,1,CD4 T cells
ATCGAGTGGACGTT-1,0,CD8 T cells
ATCGCAGAATCTCT-1,5,FCGR3A Monocytes
ATCGCAGAGTGTCA-1,2,B cells
ATCGCCACTGAGGG-1,0,CD8 T cells
ATCGCCTGGGTCAT-1,1,CD4 T cells
ATCGCCTGTGGCAT-1,2,B cells
ATCGCGCTCAGAGG-1,3,CD14 Monocytes
ATCGCGCTGGGATG-1,1,CD4 T cells
ATCGCGCTTTTCGT-1,2,B cells
ATCGGAACCAGTCA-1,1,CD4 T cells
ATCGGTGAGTCAAC-1,1,CD4 T cells
ATCGGTGATTGCAG-1,1,CD4 T cells
ATCGTTTGCCTACC-1,3,CD14 Monocytes
ATCGTTTGGGTACT-1,3,CD14 Monocytes
ATCGTTTGTGCCAA-1,3,CD14 Monocytes
ATCTACACCCGCTT-1,3,CD14 Monocytes
ATCTACACCGGGAA-1,1,CD4 T cells
ATCTCAACAGGAGC-1,2,B cells
ATCTCAACCTCGAA-1,1,CD4 T cells
ATCTCAACCTTGTT-1,3,CD14 Monocytes
ATCTGGGAAACCAC-1,3,CD14 Monocytes
ATCTGGGAAGTGTC-1,3,CD14 Monocytes
ATCTGGGATTCCGC-1,0,CD8 T cells
ATCTGTTGAACGGG-1,1,CD4 T cells
ATCTGTTGACCTCC-1,1,CD4 T cells
ATCTGTTGCCTTCG-1,5,FCGR3A Monocytes
ATCTGTTGGTTGCA-1,0,CD8 T cells
ATCTTGACACCAAC-1,1,CD4 T cells
ATCTTGACCTCCCA-1,3,CD14 Monocytes
ATCTTTCTGCATCA-1,1,CD4 T cells
ATCTTTCTGTTTCT-1,0,CD8 T cells
ATCTTTCTTGTCCC-1,4,NK cells
ATGAAACTCTGTGA-1,0,CD8 T cells
ATGAAACTGAGGCA-1,1,CD4 T cells
ATGAAGGAACAGCT-1,0,CD8 T cells
ATGAAGGACCTGTC-1,2,B cells
ATGAAGGACCTTAT-1,2,B cells
ATGAAGGACTAGTG-1,2,B cells
ATGAAGGACTTGCC-1,4,NK cells
ATGACGTGACGACT-1,2,B cells
ATGACGTGATCGGT-1,3,CD14 Monocytes
ATGAGAGAAAGTGA-1,1,CD4 T cells
ATGAGAGAACGCAT-1,1,CD4 T cells
ATGAGAGAAGTAGA-1,2,B cells
ATGAGCACACAGCT-1,1,CD4 T cells
ATGAGCACATCTTC-1,1,CD4 T cells
ATGATAACTTCACT-1,4,NK cells
ATGATATGAAACAG-1,1,CD4 T cells
ATGATATGACTGGT-1,1,CD4 T cells
ATGATATGAGCACT-1,1,CD4 T cells
ATGATATGGTCATG-1,1,CD4 T cells
ATGATATGGTGCTA-1,4,NK cells
ATGATATGTTGTCT-1,3,CD14 Monocytes
ATGCACGAATGTCG-1,2,B cells
ATGCACGACTGTAG-1,1,CD4 T cells
ATGCACGAGAACCT-1,2,B cells
ATGCACGAGTTCGA-1,1,CD4 T cells
ATGCACGATTGGTG-1,3,CD14 Monocytes
ATGCAGTGTTACCT-1,2,B cells
ATGCAGTGTTCTAC-1,1,CD4 T cells
ATGCCAGAACGACT-1,1,CD4 T cells
ATGCCAGACAGTCA-1,3,CD14 Monocytes
ATGCCGCTTGAACC-1,3,CD14 Monocytes
ATGCGATGCTATGG-1,3,CD14 Monocytes
ATGCGATGCTGAGT-1,1,CD4 T cells
ATGCGATGGTTACG-1,2,B cells
ATGCGCCTTCATTC-1,1,CD4 T cells
ATGCTTTGCGAATC-1,1,CD4 T cells
ATGCTTTGGGCGAA-1,0,CD8 T cells
ATGCTTTGTAGTCG-1,2,B cells
ATGGACACATCGGT-1,1,CD4 T cells
ATGGACACGCATCA-1,4,NK cells
ATGGGTACAACCTG-1,2,B cells
ATGGGTACATCGGT-1,4,NK cells
ATGGGTACTATTCC-1,1,CD4 T cells
ATGGGTACTGGGAG-1,1,CD4 T cells
ATGTAAACACCTCC-1,1,CD4 T cells
ATGTAAACCCGCTT-1,1,CD4 T cells
ATGTAAACGGGATG-1,6,Dendritic cells
ATGTAAACTCTCCG-1,0,CD8 T cells
ATGTAAACTTCACT-1,3,CD14 Monocytes
ATGTACCTCAGTCA-1,1,CD4 T cells
ATGTACCTTAGTCG-1,1,CD4 T cells
ATGTACCTTTATCC-1,3,CD14 Monocytes
ATGTACCTTTCACT-1,0,CD8 T cells
ATGTCACTAATGCC-1,3,CD14 Monocytes
ATGTCACTCTGCTC-1,1,CD4 T cells
ATGTCGGAGGTGAG-1,1,CD4 T cells
ATGTTCACAGTCTG-1,3,CD14 Monocytes
ATGTTCACCGTAGT-1,1,CD4 T cells
ATGTTGCTTTCAGG-1,0,CD8 T cells
ATTAACGATGAGAA-1,4,NK cells
ATTAACGATGCAAC-1,0,CD8 T cells
ATTAAGACTGCAGT-1,1,CD4 T cells
ATTACCTGCCTTAT-1,3,CD14 Monocytes
ATTACCTGGAGGAC-1,5,FCGR3A Monocytes
ATTAGATGTTTCAC-1,1,CD4 T cells
ATTATGGAATCTCT-1,1,CD4 T cells
ATTCAAGAACGGGA-1,1,CD4 T cells
ATTCAAGACCTTTA-1,0,CD8 T cells
ATTCAGCTCATTGG-1,7,Megakaryocytes
ATTCCAACCATTGG-1,3,CD14 Monocytes
ATTCCAACTTAGGC-1,4,NK cells
ATTCGACTCACTAG-1,1,CD4 T cells
ATTCGACTGAATAG-1,3,CD14 Monocytes
ATTCGACTTTTGTC-1,5,FCGR3A Monocytes
ATTCGGGAAAGGCG-1,3,CD14 Monocytes
ATTCGGGATTAGGC-1,1,CD4 T cells
ATTCTTCTGATACC-1,0,CD8 T cells
ATTGAATGGACGGA-1,1,CD4 T cells
ATTGATGAAGGTTC-1,1,CD4 T cells
ATTGATGACTGAGT-1,1,CD4 T cells
ATTGATGAGCGAAG-1,1,CD4 T cells
ATTGATGATCTATC-1,1,CD4 T cells
ATTGCACTGACGGA-1,1,CD4 T cells
ATTGCACTGAGAGC-1,5,FCGR3A Monocytes
ATTGCACTGGAGCA-1,3,CD14 Monocytes
ATTGCACTTAGCCA-1,1,CD4 T cells
ATTGCACTTGCTTT-1,5,FCGR3A Monocytes
ATTGCTTGTTACTC-1,2,B cells
ATTGGTCTGACTAC-1,2,B cells
ATTGGTCTTGTCTT-1,2,B cells
ATTGTAGATTCCCG-1,6,Dendritic cells
ATTGTAGATTGCAG-1,1,CD4 T cells
ATTGTCTGCGTACA-1,1,CD4 T cells
ATTTAGGAACCATG-1,5,FCGR3A Monocytes
ATTTAGGACAGAGG-1,1,CD4 T cells
ATTTCCGAGATGAA-1,1,CD4 T cells
ATTTCCGAGTGCTA-1,1,CD4 T cells
ATTTCGTGTATGGC-1,4,NK cells
ATTTCTCTACTTTC-1,5,FCGR3A Monocytes
ATTTCTCTAGCAAA-1,1,CD4 T cells
ATTTCTCTCACTTT-1,5,FCGR3A Monocytes
ATTTCTCTTCCCAC-1,1,CD4 T cells
ATTTGCACAAGATG-1,3,CD14 Monocytes
CAAAGCACAGCTCA-1,1,CD4 T cells
CAAAGCACCGTAAC-1,2,B cells
CAAAGCACGGTAAA-1,0,CD8 T cells
CAAAGCTGAAAGTG-1,0,CD8 T cells
CAAAGCTGTTGCTT-1,3,CD14 Monocytes
CAAATATGTGACAC-1,1,CD4 T cells
CAAATTGAGGGCAA-1,0,CD8 T cells
CAAATTGATGGAGG-1,3,CD14 Monocytes
CAACCAGAAAAGTG-1,1,CD4 T cells
CAACCAGAAGTGCT-1,1,CD4 T cells
CAACCAGAGTTCAG-1,3,CD14 Monocytes
CAACCAGATAGAAG-1,3,CD14 Monocytes
CAACCGCTGTTCAG-1,1,CD4 T cells
CAACCGCTTTGAGC-1,1,CD4 T cells
CAACGATGCGCAAT-1,5,FCGR3A Monocytes
CAACGTGACTCCAC-1,3,CD14 Monocytes
CAACGTGAGCCATA-1,0,CD8 T cells
CAACGTGATCAAGC-1,3,CD14 Monocytes
CAAGAAGACCACAA-1,0,CD8 T cells
CAAGAAGACGTCTC-1,3,CD14 Monocytes
CAAGAAGATTCTAC-1,1,CD4 T cells
CAAGACTGACCTGA-1,2,B cells
CAAGACTGAGTAGA-1,2,B cells
CAAGCTGACCATAG-1,5,FCGR3A Monocytes
CAAGCTGATCTATC-1,0,CD8 T cells
CAAGGACTGTTCAG-1,1,CD4 T cells
CAAGGACTTCTTTG-1,0,CD8 T cells
CAAGGTTGCTCCAC-1,1,CD4 T cells
CAAGGTTGTCATTC-1,2,B cells
CAAGGTTGTCTGGA-1,4,NK cells
CAAGTCGAAACAGA-1,2,B cells
CAAGTCGATAGCGT-1,3,CD14 Monocytes
CAATAAACGCCATA-1,3,CD14 Monocytes
CAATAATGAACTGC-1,3,CD14 Monocytes
CAATATGACATGGT-1,1,CD4 T cells
CAATATGACCTTCG-1,4,NK cells
CAATATGACGTTAG-1,1,CD4 T cells
CAATATGAGGAGCA-1,1,CD4 T cells
CAATCGGAGAAACA-1,1,CD4 T cells
CAATCTACTGACTG-1,4,NK cells
CAATTCACCCAACA-1,0,CD8 T cells
CAATTCACGATAGA-1,1,CD4 T cells
CAATTCACTTGTGG-1,1,CD4 T cells
CAATTCTGCTTGTT-1,3,CD14 Monocytes
CAATTCTGGCGTAT-1,3,CD14 Monocytes
CACAACGATACGAC-1,1,CD4 T cells
CACAATCTTGTTCT-1,0,CD8 T cells
CACAATCTTTCCAT-1,1,CD4 T cells
CACACCTGCTTGAG-1,1,CD4 T cells
CACACCTGTATGGC-1,1,CD4 T cells
CACAGAACCCTTGC-1,0,CD8 T cells
CACAGAACCTGATG-1,1,CD4 T cells
CACAGATGGGATTC-1,1,CD4 T cells
CACAGATGGTTTCT-1,3,CD14 Monocytes
CACAGCCTGATACC-1,0,CD8 T cells
CACAGCCTTGCCAA-1,5,FCGR3A Monocytes
CACAGCCTTGTAGC-1,1,CD4 T cells
CACAGTGATGAAGA-1,3,CD14 Monocytes
CACATACTACAGCT-1,0,CD8 T cells
CACATGGAACACGT-1,1,CD4 T cells
CACATGGAAGTCGT-1,1,CD4 T cells
CACCACTGCCAACA-1,1,CD4 T cells
CACCACTGGCGAAG-1,4,NK cells
CACCCATGTTCTGT-1,1,CD4 T cells
CACCGGGAATCGAC-1,0,CD8 T cells
CACCGGGACGAGAG-1,0,CD8 T cells
CACCGGGACGTGTA-1,1,CD4 T cells
CACCGGGACTTCTA-1,0,CD8 T cells
CACCGGGACTTGCC-1,0,CD8 T cells
CACCGGGATTCGGA-1,0,CD8 T cells
CACCGTACTAAGGA-1,2,B cells
CACCGTACTAGCGT-1,1,CD4 T cells
CACCTGACACCCAA-1,0,CD8 T cells
CACCTGACCAGAAA-1,1,CD4 T cells
CACCTGACCTCAAG-1,0,CD8 T cells
CACCTGACGAAAGT-1,2,B cells
CACCTGACTCGTAG-1,1,CD4 T cells
CACGAAACTTCCGC-1,2,B cells
CACGACCTCGATAC-1,2,B cells
CACGCTACAGAAGT-1,1,CD4 T cells
CACGCTACTGTTCT-1,2,B cells
CACGGGACAGAGTA-1,1,CD4 T cells
CACGGGACATAAGG-1,1,CD4 T cells
CACGGGACGTAGGG-1,1,CD4 T cells
CACGGGTGCTTCGC-1,0,CD8 T cells
CACGGGTGGAGGAC-1,0,CD8 T cells
CACGGGTGTGTTTC-1,1,CD4 T cells
CACTAACTCCTAAG-1,2,B cells
CACTAACTGAAAGT-1,1,CD4 T cells
CACTAGGATGATGC-1,2,B cells
CACTATACCCCGTT-1,2,B cells
CACTATACGTTTGG-1,0,CD8 T cells
CACTGAGACAGTCA-1,3,CD14 Monocytes
CACTGCACTTCATC-1,1,CD4 T cells
CACTGCTGAGACTC-1,5,FCGR3A Monocytes
CACTGCTGGAAAGT-1,1,CD4 T cells
CACTTAACCGAATC-1,1,CD4 T cells
CACTTAACCGTACA-1,2,B cells
CACTTTGACTCTAT-1,0,CD8 T cells
CACTTTGAGCTGTA-1,0,CD8 T cells
CAGAAGCTCTCAAG-1,1,CD4 T cells
CAGACATGAACGGG-1,1,CD4 T cells
CAGACATGTCGACA-1,1,CD4 T cells
CAGACCCTAAGGTA-1,5,FCGR3A Monocytes
CAGACCCTAATGCC-1,1,CD4 T cells
CAGACCCTAGGAGC-1,1,CD4 T cells
CAGACTGAGTATGC-1,1,CD4 T cells
CAGATCGAATGTCG-1,2,B cells
CAGATCGACCTGAA-1,0,CD8 T cells
CAGATCGATATGGC-1,1,CD4 T cells
CAGATGACATTCTC-1,4,NK cells
CAGCAATGCCTTCG-1,1,CD4 T cells
CAGCAATGGAGGGT-1,4,NK cells
CAGCAATGGTGCTA-1,1,CD4 T cells
CAGCAATGTCTACT-1,3,CD14 Monocytes
CAGCAATGTGACCA-1,1,CD4 T cells
CAGCAATGTGAGGG-1,3,CD14 Monocytes
CAGCACCTAAGCCT-1,1,CD4 T cells
CAGCACCTAGGCGA-1,1,CD4 T cells
CAGCACCTGTAGGG-1,3,CD14 Monocytes
CAGCATGACAACCA-1,3,CD14 Monocytes
CAGCATGAGACGTT-1,0,CD8 T cells
CAGCCTACCCAACA-1,1,CD4 T cells
CAGCCTTGCTACCC-1,3,CD14 Monocytes
CAGCCTTGGGGACA-1,0,CD8 T cells
CAGCGGACACCCTC-1,1,CD4 T cells
CAGCGGACCTTTAC-1,4,NK cells
CAGCGTCTAAAGCA-1,1,CD4 T cells
CAGCGTCTTATCGG-1,1,CD4 T cells
CAGCTAGATGTGAC-1,3,CD14 Monocytes
CAGCTCTGAGGCGA-1,1,CD4 T cells
CAGCTCTGCAAGCT-1,0,CD8 T cells
CAGCTCTGTCGTAG-1,3,CD14 Monocytes
CAGCTCTGTGTGGT-1,4,NK cells
CAGGAACTAACTGC-1,0,CD8 T cells
CAGGAACTCTCAGA-1,3,CD14 Monocytes
CAGGCCGAACACCA-1,1,CD4 T cells
CAGGCCGAACACGT-1,0,CD8 T cells
CAGGCCGAACGACT-1,1,CD4 T cells
CAGGCCGAATCTCT-1,5,FCGR3A Monocytes
CAGGCCGACTAGCA-1,2,B cells
CAGGGCACCATACG-1,2,B cells
CAGGGCACCCAACA-1,1,CD4 T cells
CAGGGCACTCCCGT-1,1,CD4 T cells
CAGGTAACAGACTC-1,3,CD14 Monocytes
CAGGTATGAGTCGT-1,1,CD4 T cells
CAGGTATGTGCTTT-1,0,CD8 T cells
CAGGTTGAGGATCT-1,2,B cells
CAGTGATGGACGGA-1,2,B cells
CAGTGATGGCTAAC-1,0,CD8 T cells
CAGTGATGGGACAG-1,1,CD4 T cells
CAGTGATGTAAGGA-1,2,B cells
CAGTGATGTACGCA-1,1,CD4 T cells
CAGTGTGATGTCAG-1,1,CD4 T cells
CAGTTACTAAGGTA-1,2,B cells
CAGTTACTGATAGA-1,1,CD4 T cells
CAGTTGGAAAGAGT-1,3,CD14 Monocytes
CAGTTGGACATACG-1,1,CD4 T cells
CAGTTTACACACGT-1,4,NK cells
CAGTTTACCCCAAA-1,1,CD4 T cells
CATAAAACGGAGCA-1,3,CD14 Monocytes
CATAAATGAACTGC-1,1,CD4 T cells
CATAACCTTCTCCG-1,1,CD4 T cells
CATACTACCTCGAA-1,1,CD4 T cells
CATACTACCTGAAC-1,1,CD4 T cells
CATACTACGTACCA-1,3,CD14 Monocytes
CATACTTGGGTTAC-1,1,CD4 T cells
CATAGTCTAATCGC-1,1,CD4 T cells
CATAGTCTCACTTT-1,1,CD4 T cells
CATATAGACTAAGC-1,6,Dendritic cells
CATATAGATCAGGT-1,2,B cells
CATCAACTAGAAGT-1,1,CD4 T cells
CATCAACTCCCTCA-1,1,CD4 T cells
CATCAGGACTTCCG-1,4,NK cells
CATCAGGATAGCCA-1,4,NK cells
CATCAGGATCCTAT-1,5,FCGR3A Monocytes
CATCAGGATGCACA-1,3,CD14 Monocytes
CATCAGGATTTCGT-1,3,CD14 Monocytes
CATCATACCGCATA-1,3,CD14 Monocytes
CATCATACGGAGCA-1,2,B cells
CATCATACTCAAGC-1,1,CD4 T cells
CATCGCTGGGATCT-1,1,CD4 T cells
CATCGCTGTGGCAT-1,2,B cells
CATCGGCTATGCTG-1,1,CD4 T cells
CATCGGCTTTGGCA-1,1,CD4 T cells
CATCTCCTATGTGC-1,2,B cells
CATCTCCTCGAACT-1,3,CD14 Monocytes
CATGAGACACGGGA-1,2,B cells
CATGAGACGTTGAC-1,4,NK cells
CATGAGACTCGCCT-1,1,CD4 T cells
CATGCCACGGGTGA-1,1,CD4 T cells
CATGCCACTGCCAA-1,1,CD4 T cells
CATGCGCTAGTCAC-1,5,FCGR3A Monocytes
CATGCGCTCAGATC-1,3,CD14 Monocytes
CATGCGCTTTGCAG-1,5,FCGR3A Monocytes
CATGGCCTAGGGTG-1,3,CD14 Monocytes
CATGGCCTGTGCAT-1,1,CD4 T cells
CATGTACTATCGTG-1,0,CD8 T cells
CATGTTACAGTCGT-1,0,CD8 T cells
CATGTTACCTGAGT-1,1,CD4 T cells
CATGTTTGGGGATG-1,3,CD14 Monocytes
CATTACACACGGAG-1,2,B cells
CATTACACCAACTG-1,4,NK cells
CATTACACGGAGTG-1,1,CD4 T cells
CATTACACTACTCT-1,1,CD4 T cells
CATTAGCTCCACAA-1,3,CD14 Monocytes
CATTGACTAGCGGA-1,3,CD14 Monocytes
CATTGGGACTCGAA-1,1,CD4 T cells
CATTGTACAGCGTT-1,1,CD4 T cells
CATTGTACTCGATG-1,2,B cells
CATTGTACTTATCC-1,1,CD4 T cells
CATTGTACTTTGCT-1,5,FCGR3A Monocytes
CATTGTTGCTAGTG-1,1,CD4 T cells
CATTTCGACTCTAT-1,0,CD8 T cells
CATTTCGAGATACC-1,4,NK cells
CATTTGACCACACA-1,0,CD8 T cells
CATTTGACCCTGAA-1,0,CD8 T cells
CATTTGTGACGACT-1,2,B cells
CATTTGTGCATTGG-1,1,CD4 T cells
CATTTGTGCGGAGA-1,1,CD4 T cells
CATTTGTGGGATCT-1,2,B cells
CCAAAGTGCTACGA-1,3,CD14 Monocytes
CCAAAGTGTGAGAA-1,3,CD14 Monocytes
CCAACCTGAAGTAG-1,0,CD8 T cells
CCAACCTGACGTAC-1,3,CD14 Monocytes
CCAACCTGTTCGCC-1,3,CD14 Monocytes
CCAAGAACCCAATG-1,1,CD4 T cells
CCAAGAACGTAGCT-1,1,CD4 T cells
CCAAGAACGTGTCA-1,1,CD4 T cells
CCAAGAACTACTGG-1,0,CD8 T cells
CCAAGAACTCCTAT-1,2,B cells
CCAAGATGTCATTC-1,1,CD4 T cells
CCAAGATGTTTCAC-1,1,CD4 T cells
CCAAGTGAGGAACG-1,1,CD4 T cells
CCAAGTGATCAAGC-1,1,CD4 T cells
CCAATTTGAACGTC-1,3,CD14 Monocytes
CCACCATGAACGTC-1,1,CD4 T cells
CCACCATGATCGGT-1,1,CD4 T cells
CCACCATGGACGAG-1,5,FCGR3A Monocytes
CCACCATGGGGAGT-1,1,CD4 T cells
CCACCATGTCCTGC-1,0,CD8 T cells
CCACTGACCCGCTT-1,3,CD14 Monocytes
CCACTGTGGGAAGC-1,3,CD14 Monocytes
CCACTGTGTGTAGC-1,1,CD4 T cells
CCACTTCTCGGGAA-1,3,CD14 Monocytes
CCAGAAACCCTGTC-1,2,B cells
CCAGAAACGAACTC-1,1,CD4 T cells
CCAGAAACGGTCTA-1,1,CD4 T cells
CCAGACCTCTGAGT-1,3,CD14 Monocytes
CCAGACCTTGTGGT-1,0,CD8 T cells
CCAGCACTGCGATT-1,5,FCGR3A Monocytes
CCAGCGGAAAGGCG-1,3,CD14 Monocytes
CCAGCGGACGACTA-1,3,CD14 Monocytes
CCAGCGGATGGGAG-1,1,CD4 T cells
CCAGCTACACAGTC-1,1,CD4 T cells
CCAGCTACCAGCTA-1,2,B cells
CCAGGTCTACACCA-1,2,B cells
CCAGGTCTAGCATC-1,3,CD14 Monocytes
CCAGGTCTATGGTC-1,1,CD4 T cells
CCAGTCACACTGGT-1,3,CD14 Monocytes
CCAGTCACACTGTG-1,2,B cells
CCAGTCACGTTGTG-1,1,CD4 T cells
CCAGTGCTAACCAC-1,1,CD4 T cells
CCAGTGCTCGTAGT-1,1,CD4 T cells
CCATCCGAAAGCAA-1,1,CD4 T cells
CCATCCGAACGACT-1,0,CD8 T cells
CCATCCGAAGGTTC-1,2,B cells
CCATCCGATTCGCC-1,3,CD14 Monocytes
CCATCGTGAACGGG-1,1,CD4 T cells
CCATCGTGCTAGAC-1,5,FCGR3A Monocytes
CCCAACACCTCGCT-1,2,B cells
CCCAACACGCATCA-1,1,CD4 T cells
CCCAACACTTTGTC-1,3,CD14 Monocytes
CCCAACTGCAATCG-1,3,CD14 Monocytes
CCCAGACTGCCTTC-1,3,CD14 Monocytes
CCCAGACTGGTTTG-1,2,B cells
CCCAGACTTTCGCC-1,5,FCGR3A Monocytes
CCCAGTTGCAGTTG-1,3,CD14 Monocytes
CCCAGTTGGGTACT-1,1,CD4 T cells
CCCAGTTGTCTATC-1,2,B cells
CCCGATTGTGTTTC-1,1,CD4 T cells
CCCGGAGAAGGGTG-1,3,CD14 Monocytes
CCCTACGAATTGGC-1,3,CD14 Monocytes
CCCTAGTGCAAAGA-1,1,CD4 T cells
CCCTCAGACACTTT-1,2,B cells
CCCTCAGACGAGAG-1,1,CD4 T cells
CCCTCAGAGGTCAT-1,1,CD4 T cells
CCCTGAACTAAAGG-1,2,B cells
CCCTGATGCAACCA-1,1,CD4 T cells
CCCTGATGCAAGCT-1,2,B cells
CCCTTACTAACCAC-1,3,CD14 Monocytes
CCCTTACTGCAGTT-1,0,CD8 T cells
CCGAAAACCTTGTT-1,3,CD14 Monocytes
CCGACACTGGTTTG-1,1,CD4 T cells
CCGACTACCCAGTA-1,3,CD14 Monocytes
CCGACTACCGTGTA-1,1,CD4 T cells
CCGACTACTGAGGG-1,0,CD8 T cells
CCGATAGACCTAAG-1,1,CD4 T cells
CCGATAGAGTTGGT-1,3,CD14 Monocytes
CCGCGAGACACACA-1,3,CD14 Monocytes
CCGCGAGAGGTTCA-1,0,CD8 T cells
CCGCTATGGGACGA-1,2,B cells
CCGCTATGTGCAAC-1,3,CD14 Monocytes
CCGCTATGTGCACA-1,3,CD14 Monocytes
CCGGTACTGTCCTC-1,1,CD4 T cells
CCGTACACAAGCAA-1,1,CD4 T cells
CCGTACACAGCGTT-1,2,B cells
CCGTACACGTCATG-1,0,CD8 T cells
CCGTACACGTTGGT-1,3,CD14 Monocytes
CCGTACACTAACGC-1,0,CD8 T cells
CCTAAACTTTCGTT-1,1,CD4 T cells
CCTAAGGACCCAAA-1,1,CD4 T cells
CCTAAGGACTAGCA-1,3,CD14 Monocytes
CCTAAGGAGGGCAA-1,0,CD8 T cells
CCTAAGGATGATGC-1,1,CD4 T cells
CCTAAGGATGTCAG-1,1,CD4 T cells
CCTACCGACTCTTA-1,1,CD4 T cells
CCTACCGAGGGATG-1,2,B cells
CCTAGAGAGGTGAG-1,2,B cells
CCTATAACCAAAGA-1,1,CD4 T cells
CCTATAACGAGACG-1,5,FCGR3A Monocytes
CCTATAACTCAGAC-1,1,CD4 T cells
CCTATAACTGCATG-1,5,FCGR3A Monocytes
CCTCGAACACTTTC-1,4,NK cells
CCTCGAACCCGTAA-1,3,CD14 Monocytes
CCTCGAACGTATCG-1,1,CD4 T cells
CCTCGAACTTACTC-1,1,CD4 T cells
CCTCTACTCTTCGC-1,3,CD14 Monocytes
CCTCTACTGGCATT-1,1,CD4 T cells
CCTGACTGAAGTAG-1,0,CD8 T cells
CCTGACTGGGGAGT-1,1,CD4 T cells
CCTGACTGTGTCTT-1,2,B cells
CCTGCAACACGTTG-1,3,CD14 Monocytes
CCTGGACTCGTGAT-1,1,CD4 T cells
CCTTAATGCCCAAA-1,2,B cells
CCTTAATGTTCTAC-1,3,CD14 Monocytes
CCTTCACTACGACT-1,1,CD4 T cells
CCTTCACTCAGTCA-1,2,B cells
CCTTCACTGGAGTG-1,3,CD14 Monocytes
CCTTTAGATTCATC-1,3,CD14 Monocytes
CGAACATGCCCTAC-1,3,CD14 Monocytes
CGAACATGTCAGAC-1,1,CD4 T cells
CGAAGACTGGAACG-1,0,CD8 T cells
CGAAGACTGTTACG-1,1,CD4 T cells
CGAAGGGAAACCTG-1,0,CD8 T cells
CGAAGGGATCCGAA-1,2,B cells
CGAAGTACCAACTG-1,2,B cells
CGAATCGAGGAGCA-1,3,CD14 Monocytes
CGAATCGAGGAGGT-1,1,CD4 T cells
CGACAAACCCATAG-1,1,CD4 T cells
CGACAAACCGACAT-1,2,B cells
CGACCACTAAAGTG-1,4,NK cells
CGACCACTGCCAAT-1,4,NK cells
CGACCGGAAGGTCT-1,1,CD4 T cells
CGACCGGATGGAAA-1,1,CD4 T cells
CGACCTTGCTAGTG-1,1,CD4 T cells
CGACGTCTATCGTG-1,1,CD4 T cells
CGACGTCTCGTGTA-1,1,CD4 T cells
CGACGTCTGAGGCA-1,1,CD4 T cells
CGACTCACGTCGTA-1,1,CD4 T cells
CGACTCACGTTGCA-1,1,CD4 T cells
CGACTCTGTGTGAC-1,0,CD8 T cells
CGACTGCTTCCTCG-1,3,CD14 Monocytes
CGAGAACTAAGGCG-1,0,CD8 T cells
CGAGAACTACGTTG-1,1,CD4 T cells
CGAGAACTTGTTCT-1,3,CD14 Monocytes
CGAGATTGGACACT-1,0,CD8 T cells
CGAGATTGGCCATA-1,0,CD8 T cells
CGAGCCGAACACCA-1,1,CD4 T cells
CGAGCCGAGGCGAA-1,1,CD4 T cells
CGAGCGTGCTCCAC-1,1,CD4 T cells
CGAGCGTGGATACC-1,1,CD4 T cells
CGAGCGTGTATGCG-1,3,CD14 Monocytes
CGAGGAGACCTCCA-1,2,B cells
CGAGGAGATGTCGA-1,1,CD4 T cells
CGAGGCACCTATGG-1,0,CD8 T cells
CGAGGCACTATGCG-1,3,CD14 Monocytes
CGAGGCACTCTTCA-1,0,CD8 T cells
CGAGGCTGACGCTA-1,4,NK cells
CGAGGCTGGCAGTT-1,3,CD14 Monocytes
CGAGGGCTACGACT-1,2,B cells
CGAGGGCTCGAATC-1,1,CD4 T cells
CGAGTATGTCACCC-1,5,FCGR3A Monocytes
CGATACGAACAGTC-1,3,CD14 Monocytes
CGATACGACAGGAG-1,0,CD8 T cells
CGATACGATTCACT-1,2,B cells
CGATAGACCCGTAA-1,3,CD14 Monocytes
CGATAGACCGTACA-1,1,CD4 T cells
CGATAGACGTAGGG-1,3,CD14 Monocytes
CGATAGACTGTTCT-1,1,CD4 T cells
CGATCAGAAGAACA-1,0,CD8 T cells
CGATCAGAGAGGGT-1,1,CD4 T cells
CGATCAGAGGTACT-1,1,CD4 T cells
CGATCAGATGTGAC-1,6,Dendritic cells
CGATCCACCGGGAA-1,0,CD8 T cells
CGATCCACTTCCAT-1,2,B cells
CGCAAATGCTCGAA-1,1,CD4 T cells
CGCAACCTCCTTGC-1,1,CD4 T cells
CGCAACCTGGACGA-1,1,CD4 T cells
CGCACGGAGGACGA-1,2,B cells
CGCACGGATCTTTG-1,1,CD4 T cells
CGCACTACAGAATG-1,1,CD4 T cells
CGCACTACAGCCAT-1,1,CD4 T cells
CGCACTACATTGGC-1,1,CD4 T cells
CGCACTACTCGCCT-1,2,B cells
CGCACTACTCGTGA-1,1,CD4 T cells
CGCACTTGTCACGA-1,3,CD14 Monocytes
CGCAGGACAGATCC-1,0,CD8 T cells
CGCAGGACCTACTT-1,1,CD4 T cells
CGCAGGACTTGTCT-1,5,FCGR3A Monocytes
CGCAGGTGCACTGA-1,1,CD4 T cells
CGCAGGTGCCATAG-1,5,FCGR3A Monocytes
CGCAGGTGGGAACG-1,1,CD4 T cells
CGCATAGATCACGA-1,3,CD14 Monocytes
CGCCATACTGCAAC-1,1,CD4 T cells
CGCCATTGAGAGGC-1,1,CD4 T cells
CGCCATTGCTATGG-1,1,CD4 T cells
CGCCATTGGAGACG-1,1,CD4 T cells
CGCCATTGGAGCAG-1,2,B cells
CGCCATTGTACTGG-1,2,B cells
CGCCGAGAGCTTAG-1,4,NK cells
CGCCTAACGAATGA-1,6,Dendritic cells
CGCCTAACTGCTCC-1,1,CD4 T cells
CGCGAGACACAGCT-1,1,CD4 T cells
CGCGAGACAGGTCT-1,2,B cells
CGCGAGACGCTACA-1,0,CD8 T cells
CGCGATCTCAGTCA-1,3,CD14 Monocytes
CGCGATCTGTTGAC-1,3,CD14 Monocytes
CGCGATCTTTCTTG-1,2,B cells
CGCGGATGGCCAAT-1,1,CD4 T cells
CGCTAAGAATGTCG-1,1,CD4 T cells
CGCTAAGACAACTG-1,1,CD4 T cells
CGCTAAGACCCTTG-1,1,CD4 T cells
CGCTACTGAACAGA-1,3,CD14 Monocytes
CGCTACTGAGAACA-1,1,CD4 T cells
CGCTACTGTGAGCT-1,1,CD4 T cells
CGCTACTGTTCCCG-1,0,CD8 T cells
CGCTCATGCATTTC-1,3,CD14 Monocytes
CGGAATTGGTTTGG-1,1,CD4 T cells
CGGAATTGTGGAGG-1,1,CD4 T cells
CGGACCGATGCGTA-1,0,CD8 T cells
CGGACCGATGGGAG-1,1,CD4 T cells
CGGACTCTAAACAG-1,2,B cells
CGGACTCTCCAATG-1,1,CD4 T cells
CGGACTCTCCTCGT-1,4,NK cells
CGGAGGCTATTCCT-1,1,CD4 T cells
CGGAGGCTTGGATC-1,1,CD4 T cells
CGGATAACAACGAA-1,3,CD14 Monocytes
CGGATAACAGCTCA-1,0,CD8 T cells
CGGATAACTCAGTG-1,3,CD14 Monocytes
CGGCACGAACTCAG-1,0,CD8 T cells
CGGCACGAAGGGTG-1,1,CD4 T cells
CGGCACGACTACGA-1,5,FCGR3A Monocytes
CGGCATCTTAGAAG-1,1,CD4 T cells
CGGCATCTTCGTAG-1,3,CD14 Monocytes
CGGCCAGAAAGGTA-1,1,CD4 T cells
CGGCCAGAGAGGCA-1,0,CD8 T cells
CGGCGAACCAGTCA-1,3,CD14 Monocytes
CGGCGAACGACAAA-1,4,NK cells
CGGCGAACGGTCTA-1,1,CD4 T cells
CGGCGAACTACTTC-1,4,NK cells
CGGGACTGCGTGTA-1,1,CD4 T cells
CGGGACTGGAATAG-1,0,CD8 T cells
CGGGCATGACCCAA-1,5,FCGR3A Monocytes
CGGGCATGTCTCTA-1,4,NK cells
CGGGCATGTTGTGG-1,1,CD4 T cells
CGGTAAACTCGCAA-1,0,CD8 T cells
CGGTCACTGTTTGG-1,1,CD4 T cells
CGGTCACTTACTTC-1,1,CD4 T cells
CGTAACGATCGCCT-1,1,CD4 T cells
CGTACCACACACAC-1,1,CD4 T cells
CGTACCACACGTTG-1,1,CD4 T cells
CGTACCACCTCATT-1,1,CD4 T cells
CGTACCACGGAGCA-1,1,CD4 T cells
CGTACCTGGCATCA-1,4,NK cells
CGTAGCCTCTCTCG-1,3,CD14 Monocytes
CGTAGCCTGCGAAG-1,1,CD4 T cells
CGTAGCCTGTATGC-1,3,CD14 Monocytes
CGTCAAGAAAGGTA-1,3,CD14 Monocytes
CGTCAAGAACGTGT-1,1,CD4 T cells
CGTCAAGACAGAGG-1,1,CD4 T cells
CGTCAAGACAGGAG-1,0,CD8 T cells
CGTCCATGCTCTTA-1,1,CD4 T cells
CGTCGACTTTCCGC-1,0,CD8 T cells
CGTGATGACGCTAA-1,1,CD4 T cells
CGTGATGAGGTTCA-1,1,CD4 T cells
CGTGCACTTATGGC-1,3,CD14 Monocytes
CGTGTAGAAAAACG-1,1,CD4 T cells
CGTGTAGACGATAC-1,4,NK cells
CGTGTAGAGTTACG-1,4,NK cells
CGTGTAGAGTTCAG-1,3,CD14 Monocytes
CGTGTAGATTCGGA-1,4,NK cells
CGTTAGGAAACCAC-1,1,CD4 T cells
CGTTAGGATCATTC-1,3,CD14 Monocytes
CGTTATACCCTGAA-1,0,CD8 T cells
CGTTTAACTGGTCA-1,1,CD4 T cells
CTAAACCTCTGACA-1,4,NK cells
CTAAACCTGTGCAT-1,2,B cells
CTAACACTAACGTC-1,1,CD4 T cells
CTAACACTAGTGCT-1,3,CD14 Monocytes
CTAACGGAACCGAT-1,4,NK cells
CTAACGGATTTCTG-1,1,CD4 T cells
CTAACTACGGCAAG-1,0,CD8 T cells
CTAAGGACACCATG-1,1,CD4 T cells
CTAAGGACCGTTAG-1,1,CD4 T cells
CTAAGGACGCCATA-1,3,CD14 Monocytes
CTAAGGTGCCTAAG-1,2,B cells
CTAAGGTGTTGCAG-1,1,CD4 T cells
CTAAGGTGTTTCTG-1,1,CD4 T cells
CTAATAGAGCTATG-1,1,CD4 T cells
CTAATGCTTGTGGT-1,3,CD14 Monocytes
CTACAACTCCCGTT-1,0,CD8 T cells
CTACCTCTCAACCA-1,0,CD8 T cells
CTACGCACACCTAG-1,5,FCGR3A Monocytes
CTACGCACTCTCCG-1,1,CD4 T cells
CTACGCACTGGTCA-1,4,NK cells
CTACGGCTTTCTTG-1,3,CD14 Monocytes
CTACTATGAACCAC-1,3,CD14 Monocytes
CTACTATGATGTGC-1,3,CD14 Monocytes
CTACTATGCTAAGC-1,1,CD4 T cells
CTACTATGTAAAGG-1,2,B cells
CTACTCCTATGTCG-1,4,NK cells
CTACTCCTGCCATA-1,3,CD14 Monocytes
CTAGAGACACTTTC-1,1,CD4 T cells
CTAGAGACAGCATC-1,0,CD8 T cells
CTAGAGACTTTGGG-1,3,CD14 Monocytes
CTAGATCTCTCTAT-1,1,CD4 T cells
CTAGATCTTCGACA-1,1,CD4 T cells
CTAGGATGAGCCTA-1,2,B cells
CTAGGATGATCGTG-1,2,B cells
CTAGGCCTCTCAGA-1,1,CD4 T cells
CTAGGTGATGGTTG-1,5,FCGR3A Monocytes
CTAGTTACCAGAGG-1,1,CD4 T cells
CTAGTTACCGCATA-1,1,CD4 T cells
CTAGTTACGAAACA-1,4,NK cells
CTATAAGATCGTTT-1,2,B cells
CTATACTGAGGTTC-1,3,CD14 Monocytes
CTATACTGCCAGTA-1,1,CD4 T cells
CTATACTGCGCTAA-1,3,CD14 Monocytes
CTATACTGCTACGA-1,4,NK cells
CTATACTGTCTCAT-1,4,NK cells
CTATACTGTTCGTT-1,1,CD4 T cells
CTATAGCTGTCACA-1,1,CD4 T cells
CTATAGCTTCGCTC-1,3,CD14 Monocytes
CTATAGCTTGCCTC-1,3,CD14 Monocytes
CTATCAACGAACTC-1,1,CD4 T cells
CTATCAACGCAGAG-1,1,CD4 T cells
CTATCAACTTTGGG-1,1,CD4 T cells
CTATCCCTCCACCT-1,3,CD14 Monocytes
CTATGTACGAGAGC-1,1,CD4 T cells
CTATGTACGCTTAG-1,1,CD4 T cells
CTATGTACTGTTTC-1,2,B cells
CTATGTTGAAAGCA-1,1,CD4 T cells
CTATGTTGTCCTCG-1,1,CD4 T cells
CTATGTTGTCTCGC-1,1,CD4 T cells
CTATTGACAAACGA-1,3,CD14 Monocytes
CTATTGACACTGGT-1,3,CD14 Monocytes
CTATTGACGGTGAG-1,5,FCGR3A Monocytes
CTATTGTGGCAAGG-1,1,CD4 T cells
CTCAATTGGTTCAG-1,1,CD4 T cells
CTCAATTGGTTGCA-1,3,CD14 Monocytes
CTCAGAGATAGAAG-1,1,CD4 T cells
CTCAGCACTCTAGG-1,1,CD4 T cells
CTCAGCACTGAACC-1,3,CD14 Monocytes
CTCAGCACTTGCAG-1,1,CD4 T cells
CTCAGCTGAACCTG-1,3,CD14 Monocytes
CTCAGCTGCAGTTG-1,1,CD4 T cells
CTCAGGCTCGTTGA-1,5,FCGR3A Monocytes
CTCAGGCTGCTAAC-1,1,CD4 T cells
CTCATTGACCTTAT-1,1,CD4 T cells
CTCATTGATGCTTT-1,3,CD14 Monocytes
CTCCACGAGAGATA-1,6,Dendritic cells
CTCCATCTCTTAGG-1,1,CD4 T cells
CTCCATCTGACGAG-1,1,CD4 T cells
CTCCGAACAAGTGA-1,5,FCGR3A Monocytes
CTCCTACTGCCTTC-1,3,CD14 Monocytes
CTCGAAGATGTGGT-1,1,CD4 T cells
CTCGAAGATTAGGC-1,3,CD14 Monocytes
CTCGACTGCTCTAT-1,1,CD4 T cells
CTCGACTGGGTGAG-1,1,CD4 T cells
CTCGACTGGTTGAC-1,4,NK cells
CTCGAGCTCTGGAT-1,0,CD8 T cells
CTCGCATGACTTTC-1,1,CD4 T cells
CTCGCATGCTTAGG-1,1,CD4 T cells
CTCTAAACCTCGAA-1,1,CD4 T cells
CTCTAAACGGCGAA-1,1,CD4 T cells
CTCTAATGTCCAAG-1,3,CD14 Monocytes
CTGAACGACAGTCA-1,1,CD4 T cells
CTGAACGATGAGGG-1,1,CD4 T cells
CTGAAGACCCAACA-1,0,CD8 T cells
CTGAAGACGTGCAT-1,2,B cells
CTGAAGTGAAGCCT-1,5,FCGR3A Monocytes
CTGAAGTGCAGCTA-1,2,B cells
CTGAAGTGGCTATG-1,1,CD4 T cells
CTGAAGTGTCCAGA-1,1,CD4 T cells
CTGAATCTGAATAG-1,1,CD4 T cells
CTGACAGAATCGTG-1,0,CD8 T cells
CTGACCACAGCAAA-1,1,CD4 T cells
CTGAGAACCGGGAA-1,1,CD4 T cells
CTGAGAACGTAAAG-1,0,CD8 T cells
CTGATACTAGTAGA-1,1,CD4 T cells
CTGATTTGGTGTTG-1,3,CD14 Monocytes
CTGCAGCTAACCGT-1,1,CD4 T cells
CTGCAGCTGACACT-1,1,CD4 T cells
CTGCAGCTGGATTC-1,3,CD14 Monocytes
CTGCAGCTTGGCAT-1,0,CD8 T cells
CTGCCAACAGGAGC-1,1,CD4 T cells
CTGCCAACCAGCTA-1,1,CD4 T cells
CTGCCAACTAACCG-1,3,CD14 Monocytes
CTGCCAACTGCTCC-1,0,CD8 T cells
CTGCCAACTTGCAG-1,1,CD4 T cells
CTGCCAACTTGCTT-1,0,CD8 T cells
CTGCGACTCCACCT-1,0,CD8 T cells
CTGGAAACAAACGA-1,0,CD8 T cells
CTGGAAACATCGAC-1,1,CD4 T cells
CTGGATGACTGGAT-1,0,CD8 T cells
CTGGATGACTTGTT-1,1,CD4 T cells
CTGGATGATGTGAC-1,2,B cells
CTGGCACTCAAGCT-1,3,CD14 Monocytes
CTGTAACTAACCAC-1,1,CD4 T cells
CTGTAACTAGCGTT-1,1,CD4 T cells
CTGTATACGTAAAG-1,1,CD4 T cells
CTGTATACGTACGT-1,3,CD14 Monocytes
CTGTATACGTTGGT-1,1,CD4 T cells
CTGTGAGACAACCA-1,5,FCGR3A Monocytes
CTGTGAGACCTTGC-1,0,CD8 T cells
CTGTGAGACGAACT-1,3,CD14 Monocytes
CTGTGAGACTGTAG-1,3,CD14 Monocytes
CTTAAAGAACCTGA-1,1,CD4 T cells
CTTAACACCTGTAG-1,1,CD4 T cells
CTTAACACTATCGG-1,2,B cells
CTTAAGCTACCTAG-1,1,CD4 T cells
CTTAAGCTAGTACC-1,1,CD4 T cells
CTTAAGCTCATCAG-1,1,CD4 T cells
CTTAAGCTCCGCTT-1,2,B cells
CTTACAACTAACGC-1,1,CD4 T cells
CTTACAACTCCCGT-1,3,CD14 Monocytes
CTTACTGACGTACA-1,1,CD4 T cells
CTTAGACTAAACGA-1,1,CD4 T cells
CTTAGGGACTTGCC-1,1,CD4 T cells
CTTAGGGAGAATCC-1,1,CD4 T cells
CTTATCGACTCATT-1,1,CD4 T cells
CTTCACCTACCTGA-1,5,FCGR3A Monocytes
CTTCATGAAGCATC-1,2,B cells
CTTCATGAAGTACC-1,1,CD4 T cells
CTTCATGACCGAAT-1,0,CD8 T cells
CTTGAACTACGCAT-1,1,CD4 T cells
CTTGATTGAGGTTC-1,0,CD8 T cells
CTTGATTGATCTTC-1,5,FCGR3A Monocytes
CTTGATTGCATTCT-1,1,CD4 T cells
CTTGATTGTTTCGT-1,1,CD4 T cells
CTTGTATGACACCA-1,2,B cells
CTTGTATGCGCAAT-1,2,B cells
CTTTACGAGCGAAG-1,1,CD4 T cells
CTTTAGACCGTGAT-1,1,CD4 T cells
CTTTAGACGAGACG-1,1,CD4 T cells
CTTTAGACGATACC-1,1,CD4 T cells
CTTTAGACGTTGGT-1,1,CD4 T cells
CTTTAGACTCATTC-1,0,CD8 T cells
CTTTAGTGACGGGA-1,4,NK cells
CTTTAGTGGGTGGA-1,1,CD4 T cells
CTTTCAGAGAAACA-1,1,CD4 T cells
CTTTGATGAGCACT-1,1,CD4 T cells
CTTTGATGTCTAGG-1,0,CD8 T cells
CTTTGATGTGTCCC-1,1,CD4 T cells
CTTTGATGTGTGGT-1,1,CD4 T cells
GAAACAGAACTACG-1,1,CD4 T cells
GAAACAGAATCACG-1,1,CD4 T cells
GAAACAGACATTCT-1,1,CD4 T cells
GAAACCTGATCGTG-1,1,CD4 T cells
GAAACCTGATGCCA-1,1,CD4 T cells
GAAACCTGCTTATC-1,1,CD4 T cells
GAAACCTGGACTAC-1,5,FCGR3A Monocytes
GAAACCTGTGCTAG-1,1,CD4 T cells
GAAAGATGATTTCC-1,1,CD4 T cells
GAAAGATGCTGATG-1,5,FCGR3A Monocytes
GAAAGATGCTTCGC-1,3,CD14 Monocytes
GAAAGATGTAAGGA-1,1,CD4 T cells
GAAAGCCTACGTTG-1,2,B cells
GAAAGTGAAAGTGA-1,6,Dendritic cells
GAAAGTGACCACAA-1,3,CD14 Monocytes
GAAAGTGACTCAAG-1,1,CD4 T cells
GAAATACTACCAAC-1,3,CD14 Monocytes
GAAATACTCTTAGG-1,2,B cells
GAAATACTTCCTCG-1,1,CD4 T cells
GAACACACGTGCAT-1,3,CD14 Monocytes
GAACACACTGCCTC-1,1,CD4 T cells
GAACAGCTAACTGC-1,3,CD14 Monocytes
GAACAGCTCTCAGA-1,5,FCGR3A Monocytes
GAACCAACCACAAC-1,1,CD4 T cells
GAACCAACTTCCGC-1,4,NK cells
GAACCTGAACGTGT-1,0,CD8 T cells
GAACCTGAGAGACG-1,1,CD4 T cells
GAACCTGATGAACC-1,0,CD8 T cells
GAACGGGATACTTC-1,1,CD4 T cells
GAACTGTGACCTGA-1,5,FCGR3A Monocytes
GAACTGTGCCAGTA-1,3,CD14 Monocytes
GAAGAATGCAATCG-1,1,CD4 T cells
GAAGCGGACCTATT-1,3,CD14 Monocytes
GAAGCTACGAATGA-1,3,CD14 Monocytes
GAAGCTACGGTTTG-1,1,CD4 T cells
GAAGGGTGAAAGTG-1,1,CD4 T cells
GAAGGGTGCTTAGG-1,3,CD14 Monocytes
GAAGGTCTGAAAGT-1,1,CD4 T cells
GAAGGTCTGTTGCA-1,1,CD4 T cells
GAAGGTCTTAAAGG-1,6,Dendritic cells
GAAGTAGACTCCCA-1,0,CD8 T cells
GAAGTAGATCCAAG-1,5,FCGR3A Monocytes
GAAGTCACCCTCGT-1,3,CD14 Monocytes
GAAGTCACCCTGTC-1,2,B cells
GAAGTCTGTCGCAA-1,2,B cells
GAAGTCTGTTCTGT-1,1,CD4 T cells
GAAGTGCTAAACGA-1,4,NK cells
GAAGTGCTCCGCTT-1,3,CD14 Monocytes
GAAGTGCTTAACCG-1,1,CD4 T cells
GAATGCACCCTAAG-1,1,CD4 T cells
GAATGCACCTTCGC-1,4,NK cells
GAATGCTGCGGTAT-1,1,CD4 T cells
GAATTAACGATAAG-1,1,CD4 T cells
GAATTAACGGTCAT-1,1,CD4 T cells
GAATTAACGTCGTA-1,4,NK cells
GAATTAACTGAAGA-1,2,B cells
GACAACACAGGCGA-1,1,CD4 T cells
GACAACACATCGTG-1,1,CD4 T cells
GACAACACTCGCCT-1,1,CD4 T cells
GACAACTGAGGTTC-1,1,CD4 T cells
GACAGGGAAGAGTA-1,2,B cells
GACAGGGAATGCCA-1,1,CD4 T cells
GACAGTACGAGCTT-1,5,FCGR3A Monocytes
GACAGTACTTCGGA-1,5,FCGR3A Monocytes
GACAGTTGAGTAGA-1,2,B cells
GACATTCTCCACCT-1,6,Dendritic cells
GACCAAACGACTAC-1,3,CD14 Monocytes
GACCAAACGTATCG-1,3,CD14 Monocytes
GACCCTACTAAAGG-1,2,B cells
GACCTAGACCTCAC-1,1,CD4 T cells
GACCTAGACGAGAG-1,1,CD4 T cells
GACCTCACAAGGTA-1,1,CD4 T cells
GACCTCACGTACGT-1,3,CD14 Monocytes
GACCTCTGCATCAG-1,1,CD4 T cells
GACGAACTCCCACT-1,1,CD4 T cells
GACGATTGCCAATG-1,2,B cells
GACGCCGACCTTCG-1,1,CD4 T cells
GACGCTCTCTCTCG-1,7,Megakaryocytes
GACGGCACACGGGA-1,4,NK cells
GACGGCACGAGATA-1,3,CD14 Monocytes
GACGTAACCTATGG-1,1,CD4 T cells
GACGTAACCTGTGA-1,1,CD4 T cells
GACGTAACTATGGC-1,1,CD4 T cells
GACGTATGTTGACG-1,1,CD4 T cells
GACGTATGTTTGCT-1,1,CD4 T cells
GACGTCCTACGGAG-1,1,CD4 T cells
GACGTCCTCTCAAG-1,3,CD14 Monocytes
GACGTCCTGATAAG-1,2,B cells
GACTACGATGGTCA-1,2,B cells
GACTCCTGCTCGCT-1,1,CD4 T cells
GACTCCTGGGTTAC-1,1,CD4 T cells
GACTCCTGTTATCC-1,0,CD8 T cells
GACTCCTGTTGGTG-1,3,CD14 Monocytes
GACTGAACCAATCG-1,3,CD14 Monocytes
GACTGATGTGATGC-1,1,CD4 T cells
GACTTTACATGCCA-1,1,CD4 T cells
GACTTTACGACAGG-1,2,B cells
GAGAAATGTTCTCA-1,2,B cells
GAGATAGAAAAAGC-1,3,CD14 Monocytes
GAGATCACGACAAA-1,5,FCGR3A Monocytes
GAGATGCTCTGGAT-1,0,CD8 T cells
GAGATGCTGAATGA-1,1,CD4 T cells
GAGCAGGATTCCCG-1,0,CD8 T cells
GAGCATACTTTGCT-1,1,CD4 T cells
GAGCGCACGCGTAT-1,3,CD14 Monocytes
GAGCGCACGGTGAG-1,0,CD8 T cells
GAGCGCTGAAGATG-1,4,NK cells
GAGCGCTGTCTTAC-1,3,CD14 Monocytes
GAGCGGCTGGGAGT-1,2,B cells
GAGGACGACTCAGA-1,0,CD8 T cells
GAGGATCTGAAAGT-1,2,B cells
GAGGCAGACTTGCC-1,0,CD8 T cells
GAGGGAACACCAGT-1,0,CD8 T cells
GAGGGAACGAGGGT-1,1,CD4 T cells
GAGGGATGGGAAAT-1,1,CD4 T cells
GAGGGCCTTCACCC-1,1,CD4 T cells
GAGGGTGAAGAGTA-1,1,CD4 T cells
GAGGTACTACGGTT-1,1,CD4 T cells
GAGGTACTACTCAG-1,3,CD14 Monocytes
GAGGTACTGACACT-1,4,NK cells
GAGGTACTGGGAGT-1,1,CD4 T cells
GAGGTACTTAGCGT-1,3,CD14 Monocytes
GAGGTGGAGTACGT-1,1,CD4 T cells
GAGGTGGATCCTCG-1,4,NK cells
GAGGTTACTCGTTT-1,3,CD14 Monocytes
GAGGTTTGTAAGCC-1,3,CD14 Monocytes
GAGTCAACCATTCT-1,1,CD4 T cells
GAGTCAACGGGAGT-1,1,CD4 T cells
GAGTCTGATCGTGA-1,1,CD4 T cells
GAGTCTGATTTGGG-1,2,B cells
GAGTGACTCAGCTA-1,1,CD4 T cells
GAGTGACTCGGTAT-1,0,CD8 T cells
GAGTGACTCTTGCC-1,2,B cells
GAGTGACTGACTAC-1,2,B cells
GAGTGACTGTCTAG-1,1,CD4 T cells
GAGTGGGAGTCTTT-1,2,B cells
GAGTGGGATGCCCT-1,1,CD4 T cells
GAGTGGGATGCTGA-1,2,B cells
GAGTGTTGCTGTAG-1,0,CD8 T cells
GAGTGTTGTGGTCA-1,1,CD4 T cells
GAGTTGTGCATGGT-1,3,CD14 Monocytes
GAGTTGTGCTGAGT-1,0,CD8 T cells
GAGTTGTGGCGAGA-1,3,CD14 Monocytes
GAGTTGTGGTAGCT-1,7,Megakaryocytes
GAGTTGTGTATGCG-1,5,FCGR3A Monocytes
GATAAGGAGAAACA-1,3,CD14 Monocytes
GATAAGGATTCACT-1,3,CD14 Monocytes
GATACTCTATCGGT-1,1,CD4 T cells
GATACTCTTACTTC-1,1,CD4 T cells
GATACTCTTGACTG-1,3,CD14 Monocytes
GATAGAGAAGGGTG-1,4,NK cells
GATAGAGACTGTGA-1,1,CD4 T cells
GATAGAGATCACGA-1,6,Dendritic cells
GATAGCACCCATAG-1,1,CD4 T cells
GATAGCACGAAGGC-1,3,CD14 Monocytes
GATAGCACTTGTCT-1,1,CD4 T cells
GATATAACAAGGTA-1,1,CD4 T cells
GATATAACACGCAT-1,1,CD4 T cells
GATATATGCTGGAT-1,1,CD4 T cells
GATATATGTCCGTC-1,0,CD8 T cells
GATATATGTGGAGG-1,3,CD14 Monocytes
GATATCCTAGAAGT-1,1,CD4 T cells
GATATCCTCCCGTT-1,3,CD14 Monocytes
GATATTGACAGGAG-1,0,CD8 T cells
GATATTGACGAGTT-1,5,FCGR3A Monocytes
GATATTGAGCCAAT-1,1,CD4 T cells
GATCCCTGACCTTT-1,4,NK cells
GATCCCTGTGTAGC-1,0,CD8 T cells
GATCCGCTGGTCAT-1,3,CD14 Monocytes
GATCGAACCGAGAG-1,0,CD8 T cells
GATCGATGACTAGC-1,2,B cells
GATCGATGGTAAAG-1,2,B cells
GATCGATGTAAGGA-1,3,CD14 Monocytes
GATCGTGACACTAG-1,1,CD4 T cells
GATCGTGATTCACT-1,1,CD4 T cells
GATCTACTGGTGAG-1,1,CD4 T cells
GATCTACTTTGCAG-1,2,B cells
GATCTTACACCCAA-1,5,FCGR3A Monocytes
GATCTTACCCTACC-1,1,CD4 T cells
GATCTTACGAATAG-1,3,CD14 Monocytes
GATCTTACGAGATA-1,3,CD14 Monocytes
GATGCAACTCCAGA-1,1,CD4 T cells
GATGCCCTACGTAC-1,1,CD4 T cells
GATGCCCTCTCATT-1,1,CD4 T cells
GATGCCCTGGCAAG-1,3,CD14 Monocytes
GATGCCCTTTTGCT-1,1,CD4 T cells
GATTACCTTGTTCT-1,1,CD4 T cells
GATTCGGAACGACT-1,1,CD4 T cells
GATTCGGACAGGAG-1,3,CD14 Monocytes
GATTCGGAGAAGGC-1,5,FCGR3A Monocytes
GATTCTTGATTCGG-1,3,CD14 Monocytes
GATTCTTGCCGATA-1,1,CD4 T cells
GATTCTTGCGAGTT-1,2,B cells
GATTGGACCCGTTC-1,2,B cells
GATTGGACGGTGTT-1,2,B cells
GATTGGACTTTCGT-1,2,B cells
GATTGGTGTGTCAG-1,1,CD4 T cells
GATTTAGACACTCC-1,5,FCGR3A Monocytes
GATTTAGACTAAGC-1,2,B cells
GATTTAGATTCGTT-1,3,CD14 Monocytes
GATTTGCTAACGAA-1,1,CD4 T cells
GATTTGCTAACGGG-1,3,CD14 Monocytes
GCAACCCTCCTCGT-1,3,CD14 Monocytes
GCAACTGATTGCGA-1,1,CD4 T cells
GCAAGACTACTGGT-1,0,CD8 T cells
GCAAGACTAGGTCT-1,1,CD4 T cells
GCAAGACTCCCTTG-1,1,CD4 T cells
GCAATCGACTGCAA-1,0,CD8 T cells
GCAATCGAGACGTT-1,3,CD14 Monocytes
GCAATCGATCCTTA-1,3,CD14 Monocytes
GCAATTCTCGTGTA-1,1,CD4 T cells
GCAATTCTTCTCCG-1,1,CD4 T cells
GCACAAACAATGCC-1,1,CD4 T cells
GCACAAACGGTACT-1,0,CD8 T cells
GCACAATGGTGCAT-1,6,Dendritic cells
GCACACCTGTGCTA-1,4,NK cells
GCACCACTCATGAC-1,3,CD14 Monocytes
GCACCACTGTTTGG-1,3,CD14 Monocytes
GCACCACTTCCTTA-1,4,NK cells
GCACCACTTTCGGA-1,3,CD14 Monocytes
GCACCTACGCGATT-1,1,CD4 T cells
GCACCTTGGCTGTA-1,1,CD4 T cells
GCACCTTGGGGAGT-1,3,CD14 Monocytes
GCACGGACCAGCTA-1,1,CD4 T cells
GCACGGTGACCTCC-1,1,CD4 T cells
GCACGGTGCTATGG-1,3,CD14 Monocytes
GCACTAGAACGGGA-1,1,CD4 T cells
GCACTAGAAGATGA-1,2,B cells
GCACTAGACCTTTA-1,5,FCGR3A Monocytes
GCACTAGACGTAAC-1,2,B cells
GCACTAGAGTCGTA-1,4,NK cells
GCACTAGATGCAAC-1,1,CD4 T cells
GCACTGCTGAGGCA-1,0,CD8 T cells
GCAGATACAGCGTT-1,0,CD8 T cells
GCAGATACGACGGA-1,1,CD4 T cells
GCAGATACGCAGAG-1,1,CD4 T cells
GCAGCCGACAGTCA-1,1,CD4 T cells
GCAGCGTGCACTCC-1,1,CD4 T cells
GCAGCTCTCAATCG-1,1,CD4 T cells
GCAGCTCTGTTTCT-1,1,CD4 T cells
GCAGGGCTAAGAAC-1,1,CD4 T cells
GCAGGGCTAAGGGC-1,1,CD4 T cells
GCAGGGCTATCGAC-1,4,NK cells
GCAGGGCTTGGGAG-1,0,CD8 T cells
GCAGTCCTAACTGC-1,1,CD4 T cells
GCAGTCCTCTCTTA-1,1,CD4 T cells
GCATCAGATGCGTA-1,0,CD8 T cells
GCATGTGACAAGCT-1,1,CD4 T cells
GCATTGGAGAAGGC-1,1,CD4 T cells
GCCAAAACGAGGCA-1,0,CD8 T cells
GCCAAATGATCGAC-1,0,CD8 T cells
GCCAACCTACGGTT-1,1,CD4 T cells
GCCAACCTCGCCTT-1,1,CD4 T cells
GCCACGGAGGCGAA-1,3,CD14 Monocytes
GCCACGGATACTGG-1,1,CD4 T cells
GCCACTACGTCTTT-1,1,CD4 T cells
GCCCAACTACCGAT-1,1,CD4 T cells
GCCCAACTATGGTC-1,0,CD8 T cells
GCCCATACAGCGTT-1,0,CD8 T cells
GCCGACGAACTCTT-1,3,CD14 Monocytes
GCCGAGTGCGTTGA-1,0,CD8 T cells
GCCGGAACGAACTC-1,0,CD8 T cells
GCCGGAACGTTCTT-1,4,NK cells
GCCGGAACTGCACA-1,0,CD8 T cells
GCCGGAACTTACTC-1,1,CD4 T cells
GCCGTACTACCTGA-1,1,CD4 T cells
GCCGTACTGGCAAG-1,3,CD14 Monocytes
GCCTACACAGTTCG-1,4,NK cells
GCCTACACCACTGA-1,5,FCGR3A Monocytes
GCCTACACCTTGAG-1,1,CD4 T cells
GCCTAGCTACGGAG-1,2,B cells
GCCTAGCTCTATTC-1,1,CD4 T cells
GCCTAGCTTCTCAT-1,1,CD4 T cells
GCCTAGCTTCTCTA-1,5,FCGR3A Monocytes
GCCTCAACCATGGT-1,1,CD4 T cells
GCCTCAACTCTTTG-1,0,CD8 T cells
GCCTCATGTCTTAC-1,0,CD8 T cells
GCCTGACTCTCAAG-1,3,CD14 Monocytes
GCGAAGGAACTCTT-1,1,CD4 T cells
GCGAAGGATGCCAA-1,1,CD4 T cells
GCGAGAGAGGGACA-1,1,CD4 T cells
GCGAGCACTGTCGA-1,2,B cells
GCGAGCACTTGACG-1,1,CD4 T cells
GCGAGCACTTGCTT-1,3,CD14 Monocytes
GCGATATGGTACGT-1,1,CD4 T cells
GCGATATGGTGTTG-1,1,CD4 T cells
GCGCACGAAGTCGT-1,1,CD4 T cells
GCGCACGACTTTAC-1,3,CD14 Monocytes
GCGCATCTAGGTCT-1,1,CD4 T cells
GCGCATCTGGTTAC-1,7,Megakaryocytes
GCGCATCTTCGATG-1,1,CD4 T cells
GCGCATCTTGCTCC-1,4,NK cells
GCGCATCTTTCTAC-1,1,CD4 T cells
GCGCGAACGTTCTT-1,2,B cells
GCGCGATGAACGGG-1,1,CD4 T cells
GCGCGATGGTGCAT-1,4,NK cells
GCGGAGCTCCTGAA-1,1,CD4 T cells
GCGGCAACCCGATA-1,1,CD4 T cells
GCGGCAACGGAGGT-1,2,B cells
GCGGCAACTGTCGA-1,3,CD14 Monocytes
GCGTAAACACGGTT-1,6,Dendritic cells
GCGTAATGCACCAA-1,5,FCGR3A Monocytes
GCGTATGAACACCA-1,1,CD4 T cells
GCGTATGATGAGAA-1,3,CD14 Monocytes
GCTACAGAAAGGTA-1,1,CD4 T cells
GCTACAGAATCTTC-1,2,B cells
GCTACCTGAGAAGT-1,3,CD14 Monocytes
GCTACCTGATCACG-1,0,CD8 T cells
GCTACGCTAGAATG-1,1,CD4 T cells
GCTACGCTAGCTAC-1,1,CD4 T cells
GCTACGCTCCCTAC-1,1,CD4 T cells
GCTAGAACAGAGGC-1,2,B cells
GCTAGAACGGATCT-1,1,CD4 T cells
GCTAGAACTCCCGT-1,1,CD4 T cells
GCTAGATGAGCTCA-1,3,CD14 Monocytes
GCTAGATGGCGATT-1,0,CD8 T cells
GCTATACTAAGGCG-1,1,CD4 T cells
GCTATACTAGCGTT-1,0,CD8 T cells
GCTATACTCTCTTA-1,1,CD4 T cells
GCTATACTGGACGA-1,1,CD4 T cells
GCTCAAGAACCATG-1,2,B cells
GCTCAAGAAGTCAC-1,3,CD14 Monocytes
GCTCAGCTGTCTAG-1,1,CD4 T cells
GCTCCATGAGAAGT-1,0,CD8 T cells
GCTCCATGCCGAAT-1,1,CD4 T cells
GCTCGACTCTAGTG-1,3,CD14 Monocytes
GCTGATGAGGTATC-1,3,CD14 Monocytes
GCTTAACTACAGTC-1,3,CD14 Monocytes
GCTTAACTACTGGT-1,0,CD8 T cells
GCTTAACTGCTGAT-1,1,CD4 T cells
GCTTAACTTAGACC-1,3,CD14 Monocytes
GCTTAACTTCAGTG-1,1,CD4 T cells
GGAACACTCACTTT-1,3,CD14 Monocytes
GGAACACTTCAGAC-1,7,Megakaryocytes
GGAACTACTACTTC-1,1,CD4 T cells
GGAACTTGAAGGTA-1,3,CD14 Monocytes
GGAACTTGAGAATG-1,1,CD4 T cells
GGAACTTGCTCCAC-1,3,CD14 Monocytes
GGAACTTGGGTAGG-1,2,B cells
GGAAGGACATCGGT-1,3,CD14 Monocytes
GGAAGGACCACTAG-1,0,CD8 T cells
GGAAGGACGAGGGT-1,1,CD4 T cells
GGAAGGACGCGAAG-1,0,CD8 T cells
GGAAGGTGGCGAGA-1,4,NK cells
GGAATCTGAAGGGC-1,1,CD4 T cells
GGAATCTGAGGAGC-1,1,CD4 T cells
GGAATCTGCTTAGG-1,2,B cells
GGAATCTGCTTGTT-1,3,CD14 Monocytes
GGAATCTGGGAGGT-1,1,CD4 T cells
GGAATGCTTTCTAC-1,1,CD4 T cells
GGACAGGAAAGGGC-1,0,CD8 T cells
GGACAGGAGTGCTA-1,2,B cells
GGACAGGATCTCGC-1,1,CD4 T cells
GGACCCGAAGCTAC-1,3,CD14 Monocytes
GGACCGTGCTTACT-1,3,CD14 Monocytes
GGACCGTGGGAACG-1,6,Dendritic cells
GGACCGTGTAACGC-1,1,CD4 T cells
GGACCTCTGTAAGA-1,3,CD14 Monocytes
GGACCTCTTTTCTG-1,0,CD8 T cells
GGACGAGAGTGTCA-1,3,CD14 Monocytes
GGACGCTGACGCAT-1,0,CD8 T cells
GGACGCTGCTAGCA-1,1,CD4 T cells
GGACGCTGTCCTCG-1,4,NK cells
GGAGAGACGTGAGG-1,2,B cells
GGAGCAGATTCAGG-1,2,B cells
GGAGCCACCTTCTA-1,2,B cells
GGAGCGCTACGCAT-1,3,CD14 Monocytes
GGAGCGCTCCGAAT-1,1,CD4 T cells
GGAGGATGCCACCT-1,1,CD4 T cells
GGAGGATGGTTGAC-1,3,CD14 Monocytes
GGAGGATGTCAGTG-1,3,CD14 Monocytes
GGAGGCCTCGTTGA-1,4,NK cells
GGAGGCCTTTCTTG-1,1,CD4 T cells
GGAGGTGATACGCA-1,1,CD4 T cells
GGAGGTGATCGCTC-1,1,CD4 T cells
GGATACTGCAGCTA-1,1,CD4 T cells
GGATACTGTCTAGG-1,1,CD4 T cells
GGATAGCTCGTCTC-1,1,CD4 T cells
GGATAGCTCTGAAC-1,0,CD8 T cells
GGATGTACCAAAGA-1,2,B cells
GGATGTACGCGAAG-1,1,CD4 T cells
GGATGTACGTCTTT-1,3,CD14 Monocytes
GGATGTACGTGTCA-1,0,CD8 T cells
GGATTTCTAGGTTC-1,1,CD4 T cells
GGATTTCTTTGTCT-1,3,CD14 Monocytes
GGCAAGGAAAAAGC-1,4,NK cells
GGCAAGGAAGAAGT-1,1,CD4 T cells
GGCAAGGACTTGGA-1,3,CD14 Monocytes
GGCAAGGAGGACTT-1,1,CD4 T cells
GGCAATACGCTAAC-1,2,B cells
GGCAATACGGCATT-1,0,CD8 T cells
GGCAATACGTTTCT-1,2,B cells
GGCACGTGGCTTAG-1,5,FCGR3A Monocytes
GGCACTCTTTTGTC-1,1,CD4 T cells
GGCATATGCTTATC-1,4,NK cells
GGCATATGGGGAGT-1,7,Megakaryocytes
GGCATATGTGTGAC-1,0,CD8 T cells
GGCCACGACAGAGG-1,1,CD4 T cells
GGCCAGACTGGTTG-1,0,CD8 T cells
GGCCCAGAAAGTAG-1,3,CD14 Monocytes
GGCCGAACAACGAA-1,1,CD4 T cells
GGCCGAACGCAGAG-1,1,CD4 T cells
GGCCGAACGTAGGG-1,1,CD4 T cells
GGCCGAACTCTAGG-1,4,NK cells
GGCCGATGCAGGAG-1,1,CD4 T cells
GGCCGATGCCGAAT-1,1,CD4 T cells
GGCCGATGTACTCT-1,0,CD8 T cells
GGCGACACTGCCCT-1,4,NK cells
GGCGACTGCGTAAC-1,0,CD8 T cells
GGCGCATGCCTAAG-1,5,FCGR3A Monocytes
GGCGCATGCTCCAC-1,1,CD4 T cells
GGCGCATGTGGAAA-1,1,CD4 T cells
GGCGGACTAGAGGC-1,1,CD4 T cells
GGCGGACTAGGAGC-1,0,CD8 T cells
GGCGGACTCTGACA-1,1,CD4 T cells
GGCGGACTCTTGGA-1,0,CD8 T cells
GGCGGACTTACTGG-1,1,CD4 T cells
GGCGGACTTGAACC-1,1,CD4 T cells
GGCTAAACACCTGA-1,4,NK cells
GGCTAAACTCTTAC-1,1,CD4 T cells
GGCTAATGAGCACT-1,0,CD8 T cells
GGCTAATGGTCTAG-1,1,CD4 T cells
GGCTCACTACTCAG-1,3,CD14 Monocytes
GGGAACGAAGCTCA-1,5,FCGR3A Monocytes
GGGAACGACACAAC-1,2,B cells
GGGAACGAGTGTCA-1,3,CD14 Monocytes
GGGAAGTGTTGAGC-1,3,CD14 Monocytes
GGGACCACACGTTG-1,0,CD8 T cells
GGGACCACAGAACA-1,1,CD4 T cells
GGGACCACGAATAG-1,1,CD4 T cells
GGGACCACGTCATG-1,1,CD4 T cells
GGGACCACTCAAGC-1,1,CD4 T cells
GGGACCACTCGTGA-1,1,CD4 T cells
GGGACCACTGCATG-1,1,CD4 T cells
GGGACCTGACCCTC-1,3,CD14 Monocytes
GGGACCTGCTTGCC-1,1,CD4 T cells
GGGACCTGTGGAGG-1,2,B cells
GGGATGGACGACAT-1,2,B cells
GGGATGGATACTTC-1,1,CD4 T cells
GGGATGGATGGTTG-1,3,CD14 Monocytes
GGGATTACGTCTAG-1,1,CD4 T cells
GGGCAAGATGCATG-1,3,CD14 Monocytes
GGGCACACGGTGAG-1,1,CD4 T cells
GGGCACACGTTGCA-1,1,CD4 T cells
GGGCAGCTTGGGAG-1,0,CD8 T cells
GGGCAGCTTTTCTG-1,1,CD4 T cells
GGGCCAACCTTGGA-1,6,Dendritic cells
GGGCCAACGCGTTA-1,2,B cells
GGGCCAACTACGCA-1,3,CD14 Monocytes
GGGCCAACTCCAAG-1,2,B cells
GGGCCATGATGGTC-1,0,CD8 T cells
GGGCCATGTTGACG-1,1,CD4 T cells
GGGTAACTCAGCTA-1,1,CD4 T cells
GGGTAACTCTAGTG-1,2,B cells
GGGTAACTCTGGAT-1,1,CD4 T cells
GGGTTAACGTGCAT-1,4,NK cells
GGTAAAGAGCTAAC-1,4,NK cells
GGTACAACTGCAAC-1,1,CD4 T cells
GGTACATGAAAGCA-1,2,B cells
GGTACATGAGCTCA-1,0,CD8 T cells
GGTACATGCGGTAT-1,1,CD4 T cells
GGTACATGGTTACG-1,0,CD8 T cells
GGTACATGTGGGAG-1,1,CD4 T cells
GGTACTGAACTCTT-1,3,CD14 Monocytes
GGTAGTACACCACA-1,0,CD8 T cells
GGTAGTACACTAGC-1,3,CD14 Monocytes
GGTAGTACCCTGTC-1,1,CD4 T cells
GGTAGTACGCCATA-1,3,CD14 Monocytes
GGTAGTACTGTCTT-1,1,CD4 T cells
GGTATCGAGACAAA-1,3,CD14 Monocytes
GGTATCGATGAACC-1,2,B cells
GGTCAAACCAAAGA-1,1,CD4 T cells
GGTCTAGAGAAACA-1,3,CD14 Monocytes
GGTCTAGATAGCGT-1,3,CD14 Monocytes
GGTGATACCGACTA-1,2,B cells
GGTGATACGACTAC-1,3,CD14 Monocytes
GGTGATACTGTTTC-1,1,CD4 T cells
GGTGGAGAAACGGG-1,4,NK cells
GGTGGAGAAGTAGA-1,1,CD4 T cells
GGTGGAGACAGATC-1,4,NK cells
GGTGGAGATCGATG-1,1,CD4 T cells
GGTGGAGATCTCTA-1,3,CD14 Monocytes
GGTGGAGATTACTC-1,0,CD8 T cells
GGTTTACTACGCAT-1,0,CD8 T cells
GTAACGTGACCTCC-1,3,CD14 Monocytes
GTAACGTGATCGGT-1,2,B cells
GTAACGTGCAGCTA-1,2,B cells
GTAACGTGGTTGAC-1,2,B cells
GTAAGCACAACGGG-1,1,CD4 T cells
GTAAGCACTCATTC-1,2,B cells
GTAAGCTGGTACCA-1,3,CD14 Monocytes
GTAATAACCTTCTA-1,3,CD14 Monocytes
GTAATAACGTTGTG-1,1,CD4 T cells
GTACCCTGACAGTC-1,5,FCGR3A Monocytes
GTACCCTGGAGCTT-1,1,CD4 T cells
GTACCCTGTCCTTA-1,4,NK cells
GTACCCTGTGAACC-1,1,CD4 T cells
GTACGTGAACGTTG-1,0,CD8 T cells
GTACTTTGTCGACA-1,0,CD8 T cells
GTAGACTGAGATGA-1,3,CD14 Monocytes
GTAGACTGTATTCC-1,1,CD4 T cells
GTAGCAACAGTCGT-1,3,CD14 Monocytes
GTAGCAACCATTTC-1,2,B cells
GTAGCAACGGTAGG-1,3,CD14 Monocytes
GTAGCATGCACTCC-1,2,B cells
GTAGCATGTAAGCC-1,3,CD14 Monocytes
GTAGCCCTGACGTT-1,1,CD4 T cells
GTAGCTGAAGCTAC-1,5,FCGR3A Monocytes
GTAGCTGAATTCGG-1,0,CD8 T cells
GTAGGTACACGGGA-1,3,CD14 Monocytes
GTAGTGACCTCATT-1,1,CD4 T cells
GTAGTGTGAGCGGA-1,4,NK cells
GTAGTGTGAGGCGA-1,3,CD14 Monocytes
GTAGTGTGTGGTTG-1,1,CD4 T cells
GTATCACTGGTAGG-1,3,CD14 Monocytes
GTATCTACAGAAGT-1,0,CD8 T cells
GTATCTACGACGAG-1,0,CD8 T cells
GTATCTACGTTACG-1,1,CD4 T cells
GTATTAGAAACAGA-1,0,CD8 T cells
GTATTAGAGGTCTA-1,1,CD4 T cells
GTATTCACACAGCT-1,1,CD4 T cells
GTATTCACGGGTGA-1,0,CD8 T cells
GTCAACGACACTGA-1,1,CD4 T cells
GTCAACGAGTGTAC-1,3,CD14 Monocytes
GTCAATCTACACCA-1,0,CD8 T cells
GTCAATCTGTAGCT-1,0,CD8 T cells
GTCAATCTTGTGGT-1,1,CD4 T cells
GTCACCTGCCTCCA-1,1,CD4 T cells
GTCACCTGTCCCGT-1,1,CD4 T cells
GTCATACTAATCGC-1,2,B cells
GTCATACTGCGATT-1,0,CD8 T cells
GTCATACTTCGCCT-1,7,Megakaryocytes
GTCATACTTTACCT-1,0,CD8 T cells
GTCATACTTTGACG-1,1,CD4 T cells
GTCCAAGAAAAACG-1,1,CD4 T cells
GTCCACTGACCTCC-1,1,CD4 T cells
GTCCACTGGGTACT-1,5,FCGR3A Monocytes
GTCCAGCTACGGGA-1,1,CD4 T cells
GTCCCATGTGGTGT-1,3,CD14 Monocytes
GTCGAATGAAGGCG-1,3,CD14 Monocytes
GTCGACCTGAATGA-1,4,NK cells
GTCGACCTGTTCAG-1,1,CD4 T cells
GTCGCACTTGAGAA-1,2,B cells
GTCTAACTGGTCTA-1,5,FCGR3A Monocytes
GTCTAGGAGCTTCC-1,3,CD14 Monocytes
GTGAACACACTCTT-1,1,CD4 T cells
GTGAACACTCAGGT-1,1,CD4 T cells
GTGACCCTTAAGCC-1,0,CD8 T cells
GTGATGACAAGTGA-1,1,CD4 T cells
GTGATGACCTGAGT-1,2,B cells
GTGATGACGGTTTG-1,0,CD8 T cells
GTGATTCTCATTTC-1,1,CD4 T cells
GTGATTCTCTCTCG-1,3,CD14 Monocytes
GTGATTCTGGTTCA-1,4,NK cells
GTGATTCTGTCGAT-1,1,CD4 T cells
GTGATTCTTAGCGT-1,2,B cells
GTGCCACTCAGGAG-1,1,CD4 T cells
GTGGATTGCACTAG-1,5,FCGR3A Monocytes
GTGGATTGCGGAGA-1,1,CD4 T cells
GTGGATTGTAACGC-1,1,CD4 T cells
GTGTACGATCAGTG-1,1,CD4 T cells
GTGTAGTGGGTACT-1,1,CD4 T cells
GTGTATCTAGCCTA-1,2,B cells
GTGTATCTAGTAGA-1,4,NK cells
GTGTATCTGTTACG-1,2,B cells
GTGTCAGAAGCGTT-1,4,NK cells
GTTAAAACCGAGAG-1,4,NK cells
GTTAAATGCTCGAA-1,1,CD4 T cells
GTTAAATGTCGACA-1,2,B cells
GTTAACCTAGCTAC-1,0,CD8 T cells
GTTAACCTTGCTTT-1,6,Dendritic cells
GTTAGGTGCACTCC-1,1,CD4 T cells
GTTAGGTGCCAGTA-1,3,CD14 Monocytes
GTTAGGTGCCCAAA-1,5,FCGR3A Monocytes
GTTAGGTGGAACTC-1,2,B cells
GTTAGTCTAAGAAC-1,0,CD8 T cells
GTTATAGAGGACAG-1,1,CD4 T cells
GTTATGCTTTCATC-1,1,CD4 T cells
GTTCAACTGGGACA-1,4,NK cells
GTTCAACTTATGCG-1,1,CD4 T cells
GTTGACGAGCCCTT-1,4,NK cells
GTTGACGATATCGG-1,4,NK cells
GTTGAGTGGTCTTT-1,3,CD14 Monocytes
GTTGAGTGTGCTTT-1,0,CD8 T cells
GTTGATCTGGGACA-1,1,CD4 T cells
GTTGATCTTTTCAC-1,0,CD8 T cells
GTTGGATGTTTACC-1,5,FCGR3A Monocytes
GTTGTACTATTCCT-1,3,CD14 Monocytes
GTTGTACTTTTGGG-1,1,CD4 T cells
GTTTAAGACCATGA-1,3,CD14 Monocytes
GTTTAAGACTGTCC-1,0,CD8 T cells
TAAACAACCAACCA-1,1,CD4 T cells
TAAACAACGAATCC-1,2,B cells
TAAAGACTCAGGAG-1,1,CD4 T cells
TAAATCGATGAGGG-1,1,CD4 T cells
TAACAATGTGCCCT-1,2,B cells
TAACACCTTCGCTC-1,3,CD14 Monocytes
TAACACCTTCGTAG-1,3,CD14 Monocytes
TAACACCTTGTTTC-1,7,Megakaryocytes
TAACATGACACTAG-1,2,B cells
TAACCGGACTTACT-1,1,CD4 T cells
TAACGTCTCAACCA-1,3,CD14 Monocytes
TAACGTCTCATTGG-1,1,CD4 T cells
TAACTAGAATTTCC-1,1,CD4 T cells
TAACTAGACTTAGG-1,1,CD4 T cells
TAACTAGATCTGGA-1,1,CD4 T cells
TAACTCACGAGGAC-1,3,CD14 Monocytes
TAACTCACGTACAC-1,2,B cells
TAACTCACGTATCG-1,3,CD14 Monocytes
TAACTCACTCTACT-1,4,NK cells
TAAGAACTGTGTCA-1,3,CD14 Monocytes
TAAGAGGACTAAGC-1,2,B cells
TAAGAGGACTTGTT-1,4,NK cells
TAAGATACGGTTCA-1,3,CD14 Monocytes
TAAGATTGCGTAGT-1,1,CD4 T cells
TAAGATTGTTGCTT-1,1,CD4 T cells
TAAGCGTGAGGTTC-1,3,CD14 Monocytes
TAAGCGTGGACAAA-1,3,CD14 Monocytes
TAAGCGTGGGAAAT-1,1,CD4 T cells
TAAGCGTGTGCTCC-1,5,FCGR3A Monocytes
TAAGGCTGCCATGA-1,1,CD4 T cells
TAAGGCTGCTGCTC-1,1,CD4 T cells
TAAGGCTGTCTCGC-1,3,CD14 Monocytes
TAAGGGCTGCTGTA-1,1,CD4 T cells
TAAGGGCTTTACTC-1,1,CD4 T cells
TAAGTAACCGAGAG-1,2,B cells
TAAGTAACCTCCAC-1,2,B cells
TAAGTAACCTGTAG-1,1,CD4 T cells
TAAGTAACTTGTCT-1,1,CD4 T cells
TAATGATGAGCGGA-1,1,CD4 T cells
TAATGCCTCATGAC-1,1,CD4 T cells
TAATGCCTCGTCTC-1,4,NK cells
TAATGTGAAGATGA-1,1,CD4 T cells
TAATGTGACTGCAA-1,3,CD14 Monocytes
TAATGTGATTACTC-1,1,CD4 T cells
TACAAATGGGTACT-1,1,CD4 T cells
TACAATGAAAACAG-1,3,CD14 Monocytes
TACAATGACTTAGG-1,1,CD4 T cells
TACAATGATGCTAG-1,0,CD8 T cells
TACACACTCACACA-1,1,CD4 T cells
TACACACTCTTACT-1,1,CD4 T cells
TACATAGAACGCAT-1,0,CD8 T cells
TACATCACACGGGA-1,1,CD4 T cells
TACATCACCTGTTT-1,5,FCGR3A Monocytes
TACATCACGCTAAC-1,2,B cells
TACATCACTGAACC-1,5,FCGR3A Monocytes
TACCATTGAGGTTC-1,0,CD8 T cells
TACCATTGCGGGAA-1,3,CD14 Monocytes
TACCATTGGGGATG-1,3,CD14 Monocytes
TACCATTGTGAGGG-1,3,CD14 Monocytes
TACCGGCTGTTGGT-1,1,CD4 T cells
TACGAGTGATCTCT-1,1,CD4 T cells
TACGAGTGATGCTG-1,3,CD14 Monocytes
TACGAGTGCGGAGA-1,1,CD4 T cells
TACGAGTGGTTGGT-1,1,CD4 T cells
TACGATCTAGTGTC-1,1,CD4 T cells
TACGATCTCACTGA-1,3,CD14 Monocytes
TACGATCTTACGAC-1,1,CD4 T cells
TACGCAGAGAATCC-1,4,NK cells
TACGCCACATTCCT-1,1,CD4 T cells
TACGCCACTCCCAC-1,5,FCGR3A Monocytes
TACGCCACTCCGAA-1,2,B cells
TACGGAACGCGTTA-1,2,B cells
TACGGCCTGGGACA-1,4,NK cells
TACGTACTACGGAG-1,0,CD8 T cells
TACGTACTCAGTTG-1,1,CD4 T cells
TACGTACTCCCGTT-1,2,B cells
TACGTTACAGAAGT-1,1,CD4 T cells
TACGTTACCAAGCT-1,3,CD14 Monocytes
TACTAAGAAAGGTA-1,2,B cells
TACTAAGAATCACG-1,1,CD4 T cells
TACTAAGATGATGC-1,3,CD14 Monocytes
TACTAAGATTGCGA-1,1,CD4 T cells
TACTACACGAGAGC-1,1,CD4 T cells
TACTACACTTACCT-1,1,CD4 T cells
TACTACTGAACCTG-1,3,CD14 Monocytes
TACTACTGATGTCG-1,4,NK cells
TACTACTGATTCTC-1,1,CD4 T cells
TACTACTGTATGGC-1,1,CD4 T cells
TACTCAACGGTCTA-1,3,CD14 Monocytes
TACTCAACTGCTAG-1,2,B cells
TACTCCCTCAGTTG-1,1,CD4 T cells
TACTCTGAATCGAC-1,4,NK cells
TACTCTGACGAGTT-1,1,CD4 T cells
TACTCTGATTGACG-1,2,B cells
TACTGGGATCGATG-1,1,CD4 T cells
TACTGTTGAAAGCA-1,1,CD4 T cells
TACTGTTGAGGCGA-1,4,NK cells
TACTGTTGCTGAAC-1,2,B cells
TACTTGACTCCTCG-1,0,CD8 T cells
TACTTGACTGGTGT-1,2,B cells
TACTTTCTTTTGGG-1,0,CD8 T cells
TAGAAACTAATCGC-1,1,CD4 T cells
TAGAAACTGCTTCC-1,3,CD14 Monocytes
TAGAAACTGGGATG-1,0,CD8 T cells
TAGAATTGCGACAT-1,1,CD4 T cells
TAGAATTGTATCGG-1,1,CD4 T cells
TAGACGTGCTTGAG-1,1,CD4 T cells
TAGACGTGTCGCTC-1,1,CD4 T cells
TAGAGCACCTTACT-1,2,B cells
TAGATTGACTTGTT-1,2,B cells
TAGATTGAGGCATT-1,0,CD8 T cells
TAGCATCTCAGCTA-1,4,NK cells
TAGCATCTCCCTCA-1,1,CD4 T cells
TAGCATCTGCTGTA-1,5,FCGR3A Monocytes
TAGCATCTGGGACA-1,1,CD4 T cells
TAGCATCTTGTCGA-1,1,CD4 T cells
TAGCCCACAAAAGC-1,1,CD4 T cells
TAGCCCACAGCCAT-1,0,CD8 T cells
TAGCCCACAGCTAC-1,4,NK cells
TAGCCCACCCACAA-1,1,CD4 T cells
TAGCCCTGCGGAGA-1,0,CD8 T cells
TAGCCGCTTACGAC-1,1,CD4 T cells
TAGCCGCTTACTTC-1,0,CD8 T cells
TAGCCGCTTTCCAT-1,3,CD14 Monocytes
TAGCTACTGAATAG-1,2,B cells
TAGCTACTGTAGCT-1,1,CD4 T cells
TAGCTACTTTTGCT-1,0,CD8 T cells
TAGGACTGTGCTGA-1,0,CD8 T cells
TAGGAGCTAAGGCG-1,2,B cells
TAGGAGCTGAGGGT-1,1,CD4 T cells
TAGGAGCTTGCATG-1,2,B cells
TAGGCAACCGTCTC-1,2,B cells
TAGGCATGCTCTCG-1,6,Dendritic cells
TAGGCATGGCGAGA-1,0,CD8 T cells
TAGGCTGATGCCTC-1,3,CD14 Monocytes
TAGGGACTGAACTC-1,0,CD8 T cells
TAGGTCGACACTGA-1,1,CD4 T cells
TAGGTCGAGGATCT-1,2,B cells
TAGGTGACACACTG-1,1,CD4 T cells
TAGGTGACACGTTG-1,2,B cells
TAGGTGTGTTCTGT-1,1,CD4 T cells
TAGGTTCTGAAGGC-1,1,CD4 T cells
TAGGTTCTTCTTAC-1,5,FCGR3A Monocytes
TAGGTTCTTGCTGA-1,3,CD14 Monocytes
TAGTAAACCTCGCT-1,1,CD4 T cells
TAGTAAACGTCACA-1,1,CD4 T cells
TAGTAATGAGATCC-1,1,CD4 T cells
TAGTACCTAAGAAC-1,3,CD14 Monocytes
TAGTATGATCTTAC-1,2,B cells
TAGTATGATTCTCA-1,1,CD4 T cells
TAGTCTTGGCTGTA-1,1,CD4 T cells
TAGTCTTGGGACTT-1,0,CD8 T cells
TAGTCTTGTGGAAA-1,0,CD8 T cells
TAGTGGTGAAGTGA-1,4,NK cells
TAGTTAGAACCACA-1,4,NK cells
TAGTTAGATGAACC-1,1,CD4 T cells
TATAAGACAACAGA-1,0,CD8 T cells
TATAAGACAGCTCA-1,5,FCGR3A Monocytes
TATAAGTGACACCA-1,5,FCGR3A Monocytes
TATAAGTGTATCGG-1,3,CD14 Monocytes
TATAAGTGTGGTGT-1,5,FCGR3A Monocytes
TATACAGAACCCTC-1,0,CD8 T cells
TATACAGAAGAACA-1,1,CD4 T cells
TATACAGATCCAGA-1,1,CD4 T cells
TATACCACCTGATG-1,2,B cells
TATACGCTACCAAC-1,1,CD4 T cells
TATAGATGGACGGA-1,1,CD4 T cells
TATAGATGTTCCGC-1,5,FCGR3A Monocytes
TATCCAACCAGCTA-1,3,CD14 Monocytes
TATCCAACTCTCTA-1,0,CD8 T cells
TATCGACTACTAGC-1,4,NK cells
TATCGACTCGATAC-1,5,FCGR3A Monocytes
TATCGTACAGATGA-1,0,CD8 T cells
TATCGTACATTCCT-1,3,CD14 Monocytes
TATCTCGAGAGATA-1,1,CD4 T cells
TATCTGACAGGTTC-1,0,CD8 T cells
TATCTGACTGTTTC-1,0,CD8 T cells
TATCTTCTAAACAG-1,1,CD4 T cells
TATGAATGGAGGAC-1,4,NK cells
TATGAATGTTTGCT-1,5,FCGR3A Monocytes
TATGCGGATAACCG-1,1,CD4 T cells
TATGGGTGCATCAG-1,4,NK cells
TATGGGTGCTAGCA-1,2,B cells
TATGGTCTCTACCC-1,1,CD4 T cells
TATGTCACGGAACG-1,2,B cells
TATGTCACTAACCG-1,3,CD14 Monocytes
TATGTCACTTCTCA-1,2,B cells
TATGTGCTCCGATA-1,3,CD14 Monocytes
TATGTGCTGGATTC-1,1,CD4 T cells
TATTGCTGAAGAAC-1,3,CD14 Monocytes
TATTGCTGCCGTTC-1,1,CD4 T cells
TATTGCTGTCTGGA-1,1,CD4 T cells
TATTGCTGTGCACA-1,0,CD8 T cells
TATTTCCTATTGGC-1,3,CD14 Monocytes
TATTTCCTGGAGGT-1,4,NK cells
TATTTCCTGGTGTT-1,1,CD4 T cells
TCAACACTGTTTGG-1,4,NK cells
TCAAGGACAGCGTT-1,1,CD4 T cells
TCAAGGACATTCTC-1,0,CD8 T cells
TCAAGGACGGTGTT-1,3,CD14 Monocytes
TCAATCACACTCTT-1,0,CD8 T cells
TCAATCACAGTCGT-1,5,FCGR3A Monocytes
TCACAACTATGTGC-1,1,CD4 T cells
TCACAACTTTGCTT-1,3,CD14 Monocytes
TCACATACACTTTC-1,1,CD4 T cells
TCACATACAGGGTG-1,1,CD4 T cells
TCACCCGAGACGGA-1,3,CD14 Monocytes
TCACCGTGCTCGCT-1,5,FCGR3A Monocytes
TCACCTCTACGACT-1,0,CD8 T cells
TCACCTCTTCCAAG-1,5,FCGR3A Monocytes
TCACGAGAGGAGGT-1,2,B cells
TCACTATGGGGCAA-1,0,CD8 T cells
TCACTATGGTTGTG-1,2,B cells
TCAGACGACGCTAA-1,1,CD4 T cells
TCAGACGACGTTAG-1,4,NK cells
TCAGAGACTCCAGA-1,1,CD4 T cells
TCAGCAGACTCCAC-1,1,CD4 T cells
TCAGCGCTCTAGTG-1,0,CD8 T cells
TCAGCGCTGGATCT-1,2,B cells
TCAGCGCTGGTATC-1,0,CD8 T cells
TCAGGATGAAGTAG-1,1,CD4 T cells
TCAGGATGCCTTTA-1,3,CD14 Monocytes
TCAGTGGAAGATCC-1,0,CD8 T cells
TCAGTTACCTACGA-1,3,CD14 Monocytes
TCAGTTACTAGAAG-1,1,CD4 T cells
TCATCAACCCGATA-1,1,CD4 T cells
TCATCAACTGTTCT-1,5,FCGR3A Monocytes
TCATCATGCAGTTG-1,1,CD4 T cells
TCATCCCTTACTGG-1,1,CD4 T cells
TCATTCGATACAGC-1,5,FCGR3A Monocytes
TCCACGTGGAAACA-1,1,CD4 T cells
TCCACTCTACACTG-1,1,CD4 T cells
TCCACTCTGAGCTT-1,3,CD14 Monocytes
TCCACTCTTACTTC-1,2,B cells
TCCATAACAAAGTG-1,1,CD4 T cells
TCCATAACCGTAGT-1,2,B cells
TCCATAACGATGAA-1,1,CD4 T cells
TCCATAACTACGCA-1,0,CD8 T cells
TCCATCCTCCCTAC-1,0,CD8 T cells
TCCCACGATCATTC-1,1,CD4 T cells
TCCCATCTCAAAGA-1,3,CD14 Monocytes
TCCCGAACACAGTC-1,4,NK cells
TCCCGAACTTCGCC-1,5,FCGR3A Monocytes
TCCCGATGAGATCC-1,1,CD4 T cells
TCCCGATGCCTGAA-1,3,CD14 Monocytes
TCCCTACTCAACTG-1,2,B cells
TCCGAAGACAATCG-1,3,CD14 Monocytes
TCCGAAGACGTTAG-1,1,CD4 T cells
TCCGGACTGAGGTG-1,1,CD4 T cells
TCCGGACTGTACGT-1,0,CD8 T cells
TCCTAAACATCGAC-1,1,CD4 T cells
TCCTAAACCGAGAG-1,1,CD4 T cells
TCCTAAACCGCATA-1,4,NK cells
TCCTAATGGTTTGG-1,0,CD8 T cells
TCCTACCTGTCGTA-1,1,CD4 T cells
TCCTATGAAAAGCA-1,0,CD8 T cells
TCGAATCTCTGGTA-1,0,CD8 T cells
TCGACCTGCCGATA-1,5,FCGR3A Monocytes
TCGACGCTTCTATC-1,3,CD14 Monocytes
TCGACGCTTTGACG-1,1,CD4 T cells
TCGAGAACGACAGG-1,1,CD4 T cells
TCGAGAACGTTAGC-1,0,CD8 T cells
TCGAGCCTATCAGC-1,2,B cells
TCGAGCCTGCGAGA-1,0,CD8 T cells
TCGAGCCTTGTGAC-1,1,CD4 T cells
TCGATACTATTCCT-1,1,CD4 T cells
TCGATACTTGCACA-1,1,CD4 T cells
TCGATTTGATGCCA-1,3,CD14 Monocytes
TCGATTTGCACTCC-1,1,CD4 T cells
TCGATTTGCAGCTA-1,4,NK cells
TCGATTTGCCTACC-1,3,CD14 Monocytes
TCGATTTGTCGTGA-1,2,B cells
TCGCAGCTAGATCC-1,0,CD8 T cells
TCGCCATGAGACTC-1,1,CD4 T cells
TCGCCATGTGGTCA-1,2,B cells
TCGGACCTAACAGA-1,1,CD4 T cells
TCGGACCTATAAGG-1,2,B cells
TCGGACCTGTACAC-1,1,CD4 T cells
TCGGTAGAGTAGGG-1,1,CD4 T cells
TCGGTAGATCCCAC-1,2,B cells
TCGTAGGATCGACA-1,1,CD4 T cells
TCGTTATGGACAAA-1,1,CD4 T cells
TCTAACACCAGTTG-1,4,NK cells
TCTAACACGAGCAG-1,6,Dendritic cells
TCTAACTGAACCAC-1,0,CD8 T cells
TCTAAGCTAATGCC-1,1,CD4 T cells
TCTAAGCTTAGTCG-1,0,CD8 T cells
TCTAAGCTTCTAGG-1,5,FCGR3A Monocytes
TCTAAGCTTGTTCT-1,3,CD14 Monocytes
TCTAAGCTTTCGCC-1,2,B cells
TCTACAACGACTAC-1,3,CD14 Monocytes
TCTAGACTTAGAAG-1,3,CD14 Monocytes
TCTAGTTGCACCAA-1,3,CD14 Monocytes
TCTATGTGAAGAGT-1,3,CD14 Monocytes
TCTATGTGAGTCTG-1,0,CD8 T cells
TCTCAAACCTAAGC-1,2,B cells
TCTCTAGAATTTCC-1,0,CD8 T cells
TCTGATACACGTGT-1,1,CD4 T cells
TCTGATACTCGCCT-1,1,CD4 T cells
TCTTACGAACCTGA-1,3,CD14 Monocytes
TCTTCAGAGCTACA-1,3,CD14 Monocytes
TCTTGATGCGGAGA-1,0,CD8 T cells
TGAAATTGGTGAGG-1,3,CD14 Monocytes
TGAACCGAAAACGA-1,1,CD4 T cells
TGAACCGACTACTT-1,5,FCGR3A Monocytes
TGAACCGATTCGGA-1,5,FCGR3A Monocytes
TGAAGCACTCACGA-1,0,CD8 T cells
TGAAGCTGAACGAA-1,1,CD4 T cells
TGAAGCTGCATGGT-1,2,B cells
TGAAGCTGCGTAAC-1,1,CD4 T cells
TGAATAACCACTTT-1,1,CD4 T cells
TGAATAACTCCCAC-1,0,CD8 T cells
TGACACGACCTTAT-1,2,B cells
TGACCAGACAACCA-1,1,CD4 T cells
TGACCAGAGGATTC-1,1,CD4 T cells
TGACCGCTAAAAGC-1,0,CD8 T cells
TGACCGCTCTGCAA-1,1,CD4 T cells
TGACGATGCAAAGA-1,3,CD14 Monocytes
TGACGCCTGTACCA-1,0,CD8 T cells
TGACGCCTTTACTC-1,0,CD8 T cells
TGACTGGAAGAGAT-1,3,CD14 Monocytes
TGACTGGACCGTAA-1,1,CD4 T cells
TGACTGGACGCAAT-1,1,CD4 T cells
TGACTGGAGGACAG-1,2,B cells
TGACTGGATTCTCA-1,1,CD4 T cells
TGACTTACACACCA-1,1,CD4 T cells
TGACTTACAGTCTG-1,3,CD14 Monocytes
TGACTTTGCGCATA-1,1,CD4 T cells
TGACTTTGTTTGTC-1,1,CD4 T cells
TGAGACACAAGGTA-1,1,CD4 T cells
TGAGACACTCAAGC-1,0,CD8 T cells
TGAGCTGAATGCTG-1,5,FCGR3A Monocytes
TGAGCTGACTGGAT-1,3,CD14 Monocytes
TGAGCTGATGCTAG-1,3,CD14 Monocytes
TGAGGACTCTCATT-1,3,CD14 Monocytes
TGAGGACTTCATTC-1,1,CD4 T cells
TGAGGTACGAACCT-1,5,FCGR3A Monocytes
TGAGTCGAGTTACG-1,2,B cells
TGAGTGACTGAGCT-1,1,CD4 T cells
TGATAAACGAATCC-1,1,CD4 T cells
TGATAAACTCCGTC-1,4,NK cells
TGATAAACTTTCAC-1,1,CD4 T cells
TGATACCTCACTAG-1,3,CD14 Monocytes
TGATACCTGTTGGT-1,1,CD4 T cells
TGATACCTTATGCG-1,1,CD4 T cells
TGATACCTTGAAGA-1,1,CD4 T cells
TGATATGAACCTTT-1,1,CD4 T cells
TGATCACTAGCATC-1,0,CD8 T cells
TGATCACTCTCGCT-1,1,CD4 T cells
TGATCACTTCTACT-1,2,B cells
TGATCGGACTGACA-1,5,FCGR3A Monocytes
TGATCGGAGGAGCA-1,2,B cells
TGATCGGATATGCG-1,5,FCGR3A Monocytes
TGATTAGACATTGG-1,1,CD4 T cells
TGATTAGATGACTG-1,2,B cells
TGATTAGATGCTAG-1,1,CD4 T cells
TGATTCACTATGCG-1,1,CD4 T cells
TGATTCACTGTCAG-1,2,B cells
TGATTCTGCCGAAT-1,1,CD4 T cells
TGATTCTGCTCTTA-1,1,CD4 T cells
TGCAAGTGAGAACA-1,1,CD4 T cells
TGCAAGTGGGTAGG-1,3,CD14 Monocytes
TGCAATCTTCAGGT-1,6,Dendritic cells
TGCACAGACGACAT-1,4,NK cells
TGCCAAGAGCAGTT-1,5,FCGR3A Monocytes
TGCCAAGATCTCTA-1,1,CD4 T cells
TGCCACTGAACGTC-1,1,CD4 T cells
TGCCACTGCGATAC-1,4,NK cells
TGCCAGCTTGGCAT-1,1,CD4 T cells
TGCCCAACAGCAAA-1,1,CD4 T cells
TGCCCAACCGCATA-1,5,FCGR3A Monocytes
TGCCGACTCTCCCA-1,2,B cells
TGCGAAACAGTCAC-1,2,B cells
TGCGAAACGTTGCA-1,2,B cells
TGCGATGAACGGTT-1,1,CD4 T cells
TGCGATGACCTCGT-1,1,CD4 T cells
TGCGATGACTAGTG-1,2,B cells
TGCGATGACTGCTC-1,2,B cells
TGCGATGACTTGCC-1,2,B cells
TGCGATGAGTGCTA-1,3,CD14 Monocytes
TGCGCACTCTTGAG-1,3,CD14 Monocytes
TGCGTAGAATAAGG-1,3,CD14 Monocytes
TGCGTAGACGGGAA-1,2,B cells
TGCGTAGATGGTCA-1,5,FCGR3A Monocytes
TGCTAGGAAACCGT-1,0,CD8 T cells
TGCTAGGATAGTCG-1,1,CD4 T cells
TGCTATACGGTTCA-1,3,CD14 Monocytes
TGCTATACTGCTGA-1,0,CD8 T cells
TGCTGAGAGAGCAG-1,4,NK cells
TGCTGAGATTATCC-1,1,CD4 T cells
TGGAAAGACTCTCG-1,2,B cells
TGGAAAGAGCGATT-1,1,CD4 T cells
TGGAAAGAGGTCAT-1,5,FCGR3A Monocytes
TGGAAAGATATGGC-1,1,CD4 T cells
TGGAACACAAACAG-1,4,NK cells
TGGAACACGCTAAC-1,0,CD8 T cells
TGGAAGCTCAGATC-1,1,CD4 T cells
TGGACCCTACACTG-1,3,CD14 Monocytes
TGGACCCTCATGGT-1,0,CD8 T cells
TGGACCCTGGTACT-1,3,CD14 Monocytes
TGGACTGAGTATGC-1,1,CD4 T cells
TGGAGACTATCAGC-1,3,CD14 Monocytes
TGGAGACTTCAAGC-1,1,CD4 T cells
TGGAGACTTGACCA-1,0,CD8 T cells
TGGAGGGACGGAGA-1,3,CD14 Monocytes
TGGAGGGAGCTATG-1,0,CD8 T cells
TGGATCGATAAAGG-1,1,CD4 T cells
TGGATGTGACCTAG-1,2,B cells
TGGATGTGTGAAGA-1,2,B cells
TGGATTCTCATACG-1,0,CD8 T cells
TGGCAATGCTTGTT-1,2,B cells
TGGCACCTTCACGA-1,1,CD4 T cells
TGGCACCTTCAGTG-1,3,CD14 Monocytes
TGGGTATGAAGAGT-1,1,CD4 T cells
TGGGTATGCACAAC-1,1,CD4 T cells
TGGGTATGGTACGT-1,2,B cells
TGGGTATGTTTGGG-1,3,CD14 Monocytes
TGGTAGACATGCCA-1,1,CD4 T cells
TGGTAGACCCTCAC-1,4,NK cells
TGGTAGACCTGATG-1,1,CD4 T cells
TGGTAGTGCACTGA-1,5,FCGR3A Monocytes
TGGTATCTAAACAG-1,1,CD4 T cells
TGGTATCTCTTCCG-1,1,CD4 T cells
TGGTCAGACCCAAA-1,1,CD4 T cells
TGGTTACTGACGTT-1,3,CD14 Monocytes
TGGTTACTGTTCTT-1,1,CD4 T cells
TGTAACCTAGAGGC-1,1,CD4 T cells
TGTAACCTTGCCTC-1,3,CD14 Monocytes
TGTAATGACACAAC-1,4,NK cells
TGTAATGAGGTAAA-1,4,NK cells
TGTACTTGCTCTAT-1,5,FCGR3A Monocytes
TGTAGGTGCGAGAG-1,2,B cells
TGTAGGTGCTATGG-1,1,CD4 T cells
TGTAGGTGCTCTAT-1,6,Dendritic cells
TGTAGGTGTGCTGA-1,1,CD4 T cells
TGTAGTCTTCCAGA-1,1,CD4 T cells
TGTAGTCTTGCACA-1,0,CD8 T cells
TGTATCTGTTAGGC-1,1,CD4 T cells
TGTATGCTCATGGT-1,2,B cells
TGTATGCTGTAGGG-1,1,CD4 T cells
TGTATGCTTTCATC-1,1,CD4 T cells
TGTCAGGAATACCG-1,1,CD4 T cells
TGTCAGGAGATGAA-1,5,FCGR3A Monocytes
TGTCTAACCCCTTG-1,1,CD4 T cells
TGTGACGATTCTCA-1,0,CD8 T cells
TGTGAGACTGTCAG-1,3,CD14 Monocytes
TGTGAGACTTGAGC-1,1,CD4 T cells
TGTGAGTGACCACA-1,1,CD4 T cells
TGTGAGTGAGTGCT-1,5,FCGR3A Monocytes
TGTGAGTGGAGATA-1,0,CD8 T cells
TGTGATCTCTCTAT-1,2,B cells
TGTGATCTGACACT-1,0,CD8 T cells
TGTGGATGGCCAAT-1,2,B cells
TGTTAAGACAAAGA-1,3,CD14 Monocytes
TGTTAAGATAAGGA-1,3,CD14 Monocytes
TGTTACACCGCATA-1,5,FCGR3A Monocytes
TGTTACACGACTAC-1,5,FCGR3A Monocytes
TGTTACTGGCTACA-1,0,CD8 T cells
TGTTACTGTAGTCG-1,0,CD8 T cells
TTAACCACCGTAAC-1,1,CD4 T cells
TTAACCACTAAGGA-1,0,CD8 T cells
TTAACCACTCAGAC-1,0,CD8 T cells
TTACACACGTGTTG-1,1,CD4 T cells
TTACACACTCCTAT-1,1,CD4 T cells
TTACCATGAATCGC-1,3,CD14 Monocytes
TTACCATGGTTGAC-1,1,CD4 T cells
TTACCATGTGTCTT-1,1,CD4 T cells
TTACCATGTTGTGG-1,2,B cells
TTACGACTGAGAGC-1,1,CD4 T cells
TTACGACTTGACAC-1,3,CD14 Monocytes
TTACGTACGTTCAG-1,7,Megakaryocytes
TTACTCGAAGAATG-1,3,CD14 Monocytes
TTACTCGACGCAAT-1,6,Dendritic cells
TTACTCGAGGGTGA-1,1,CD4 T cells
TTACTCGATCTACT-1,4,NK cells
TTAGAATGTGGTGT-1,1,CD4 T cells
TTAGAATGTGTAGC-1,1,CD4 T cells
TTAGACCTCCTACC-1,1,CD4 T cells
TTAGACCTCCTTTA-1,3,CD14 Monocytes
TTAGCTACAACCGT-1,1,CD4 T cells
TTAGCTACTGTCCC-1,3,CD14 Monocytes
TTAGCTACTTTCGT-1,1,CD4 T cells
TTAGGGACGCGAAG-1,0,CD8 T cells
TTAGGGTGCTGGAT-1,2,B cells
TTAGGGTGTCCTGC-1,3,CD14 Monocytes
TTAGGTCTACTTTC-1,3,CD14 Monocytes
TTAGTCACCAGTTG-1,1,CD4 T cells
TTAGTCTGAAAGCA-1,2,B cells
TTAGTCTGCCAACA-1,4,NK cells
TTAGTCTGTGCACA-1,1,CD4 T cells
TTATCCGACTAGTG-1,2,B cells
TTATCCGAGAAAGT-1,3,CD14 Monocytes
TTATGAGAGATAAG-1,1,CD4 T cells
TTATGCACGTCACA-1,2,B cells
TTATGGCTTATGGC-1,6,Dendritic cells
TTATTCCTATGCTG-1,3,CD14 Monocytes
TTATTCCTGGACAG-1,2,B cells
TTATTCCTGGTACT-1,2,B cells
TTATTCCTTCGTGA-1,1,CD4 T cells
TTCAAAGATAAAGG-1,0,CD8 T cells
TTCAACACAACAGA-1,1,CD4 T cells
TTCAACACCCCAAA-1,3,CD14 Monocytes
TTCAACACGGACGA-1,3,CD14 Monocytes
TTCAAGCTAAGAAC-1,3,CD14 Monocytes
TTCAAGCTAGATGA-1,1,CD4 T cells
TTCAAGCTGTTGAC-1,1,CD4 T cells
TTCAAGCTTGATGC-1,1,CD4 T cells
TTCAAGCTTTCGCC-1,1,CD4 T cells
TTCACAACCCGTTC-1,3,CD14 Monocytes
TTCACAACGTCTGA-1,5,FCGR3A Monocytes
TTCAGACTACCCAA-1,1,CD4 T cells
TTCAGACTCTCGAA-1,1,CD4 T cells
TTCAGTACCGACTA-1,1,CD4 T cells
TTCAGTACTCAAGC-1,1,CD4 T cells
TTCAGTACTCCTAT-1,3,CD14 Monocytes
TTCAGTTGCCAAGT-1,1,CD4 T cells
TTCAGTTGTCCTTA-1,6,Dendritic cells
TTCAGTTGTCTAGG-1,1,CD4 T cells
TTCAGTTGTCTCGC-1,2,B cells
TTCATCGAGGTGGA-1,3,CD14 Monocytes
TTCATGTGTGGTGT-1,1,CD4 T cells
TTCATTCTATGTCG-1,3,CD14 Monocytes
TTCATTCTTCTCTA-1,1,CD4 T cells
TTCCAAACCTATGG-1,3,CD14 Monocytes
TTCCAAACCTCCCA-1,2,B cells
TTCCAAACTCCCAC-1,4,NK cells
TTCCAAACTTGACG-1,0,CD8 T cells
TTCCATGACGAGAG-1,3,CD14 Monocytes
TTCCATGACTGTCC-1,1,CD4 T cells
TTCCCACTTGAGGG-1,4,NK cells
TTCCCACTTGTCTT-1,3,CD14 Monocytes
TTCCTAGAAAGTGA-1,1,CD4 T cells
TTCCTAGACTAGTG-1,5,FCGR3A Monocytes
TTCGAGGACTCTAT-1,1,CD4 T cells
TTCGAGGAGGGCAA-1,1,CD4 T cells
TTCGAGGATAGAAG-1,5,FCGR3A Monocytes
TTCGATTGAGCATC-1,1,CD4 T cells
TTCGGAGAATGCCA-1,3,CD14 Monocytes
TTCGGAGATGTGCA-1,1,CD4 T cells
TTCGTATGAAAAGC-1,0,CD8 T cells
TTCGTATGGATAGA-1,0,CD8 T cells
TTCGTATGGTCTGA-1,1,CD4 T cells
TTCGTATGTCCTTA-1,3,CD14 Monocytes
TTCTACGAACGTAC-1,1,CD4 T cells
TTCTACGAGTTGGT-1,1,CD4 T cells
TTCTAGTGACACGT-1,1,CD4 T cells
TTCTAGTGCATGAC-1,3,CD14 Monocytes
TTCTAGTGGAGAGC-1,4,NK cells
TTCTAGTGGTCACA-1,3,CD14 Monocytes
TTCTCAGAAGAGAT-1,1,CD4 T cells
TTCTCAGAAGCATC-1,2,B cells
TTCTCAGATGGAGG-1,1,CD4 T cells
TTCTGATGGAGACG-1,4,NK cells
TTCTTACTCTGGAT-1,5,FCGR3A Monocytes
TTGAACCTCCTTGC-1,2,B cells
TTGAATGAACTACG-1,5,FCGR3A Monocytes
TTGAATGACTTACT-1,1,CD4 T cells
TTGAATGATCTCAT-1,2,B cells
TTGACACTCTGTAG-1,1,CD4 T cells
TTGACACTGATAAG-1,2,B cells
TTGAGGACAGAACA-1,3,CD14 Monocytes
TTGAGGACTACGCA-1,6,Dendritic cells
TTGAGGTGGACGGA-1,1,CD4 T cells
TTGCATTGAGCTAC-1,0,CD8 T cells
TTGCATTGCTAAGC-1,3,CD14 Monocytes
TTGCATTGTGACTG-1,1,CD4 T cells
TTGCTAACACCAAC-1,0,CD8 T cells
TTGCTAACACGCTA-1,5,FCGR3A Monocytes
TTGCTAACCACTCC-1,1,CD4 T cells
TTGCTATGGTACGT-1,3,CD14 Monocytes
TTGCTATGGTAGGG-1,5,FCGR3A Monocytes
TTGGAGACCAATCG-1,0,CD8 T cells
TTGGAGACGCTATG-1,3,CD14 Monocytes
TTGGAGACTATGGC-1,2,B cells
TTGGGAACTGAACC-1,1,CD4 T cells
TTGGTACTACTGGT-1,3,CD14 Monocytes
TTGGTACTCTTAGG-1,1,CD4 T cells
TTGGTACTGAATCC-1,2,B cells
TTGGTACTGGATTC-1,2,B cells
TTGTACACGTTGTG-1,2,B cells
TTGTACACTTGCAG-1,1,CD4 T cells
TTGTAGCTAGCTCA-1,1,CD4 T cells
TTGTAGCTCTCTTA-1,2,B cells
TTGTCATGGACGGA-1,4,NK cells
TTTAGAGATCCTCG-1,2,B cells
TTTAGCTGATACCG-1,1,CD4 T cells
TTTAGCTGGATACC-1,3,CD14 Monocytes
TTTAGCTGTACTCT-1,6,Dendritic cells
TTTAGGCTCCTTTA-1,3,CD14 Monocytes
TTTATCCTGTTGTG-1,3,CD14 Monocytes
TTTCACGAGGTTCA-1,1,CD4 T cells
TTTCAGTGGAAGGC-1,0,CD8 T cells
TTTCAGTGTCACGA-1,2,B cells
TTTCAGTGTCTATC-1,3,CD14 Monocytes
TTTCAGTGTGCAGT-1,2,B cells
TTTCCAGAGGTGAG-1,1,CD4 T cells
TTTCGAACACCTGA-1,6,Dendritic cells
TTTCGAACTCTCAT-1,3,CD14 Monocytes
TTTCTACTGAGGCA-1,2,B cells
TTTCTACTTCCTCG-1,2,B cells
TTTGCATGAGAGGC-1,2,B cells
TTTGCATGCCTCAC-1,1,CD4 T cells
