run,condition,strict_first,strict_second,diff
hao_claude_run01,task3_hao,0.5313344485909149,0.5313344485909149,0.0
hao_claude_run03,task3_hao,0.45572850216892064,0.43046695585608574,-0.025261546312834893
hao_claude_run04,task3_hao,0.5040410519563823,0.5040410519563823,0.0
hao_gemini_run01,task3_hao,0.32648896824384643,0.32648896824384643,0.0
hao_gemini_run02,task3_hao,0.2895038898099732,0.2895038898099732,0.0
hao_gemini_run03,task3_hao,0.4649917102410407,0.4649917102410407,0.0
hao_gemini_run04,task3_hao,0.35658717000382606,0.35658717000382606,0.0
hao_gemini_run05,task3_hao,0.25188113760999875,0.25188113760999875,0.0
hao_gemini_run06,task3_hao,0.3776304042851677,0.3834970029332993,0.005866598648131605
hao_gpt_run01,task3_hao,0.42035454661395233,0.42035454661395233,0.0
hao_gpt_run02,task3_hao,0.4657569187603622,0.4657569187603622,0.0
hao_gpt_run03,task3_hao,0.3746971049611019,0.3746971049611019,0.0
hao_gpt_run04,task3_hao,0.4019895421502359,0.4019895421502359,0.0
hao_gpt_run05,task3_hao,0.39063894911363345,0.39063894911363345,0.0
hao_gpt_run06,task3_hao,0.4288993750797092,0.4288993750797092,0.0
hao_gpt_run07,task3_hao,0.43693406453258515,0.43693406453258515,0.0
hao_s30_claude_run01,task3_hao_30steps,0.5281959683592753,0.5281959683592753,0.0
hao_s30_claude_run02,task3_hao_30steps,0.5021689206430212,0.5312579739729523,0.02908905332993106
hao_s30_claude_run03,task3_hao_30steps,0.49534498150746076,0.49534498150746076,0.0
hao_s30_claude_run04,task3_hao_30steps,0.4955345751467211,0.4955345751467211,0.0
hao_s30_claude_run05,task3_hao_30steps,0.532151058943608,0.532151058943608,0.0
hao_s30_gpt_run01,task3_hao_30steps,0.4125749266675169,0.4125749266675169,0.0
hao_s30_gpt_run02,task3_hao_30steps,0.4745568167325596,0.4745568167325596,0.0
hao_s30_gpt_run03,task3_hao_30steps,0.5083535263359266,0.5083535263359266,0.0
hao_s30_gpt_run04,task3_hao_30steps,0.35594949623772476,0.35594949623772476,0.0
hao_s30_gpt_run05,task3_hao_30steps,0.4628236194362964,0.4628236194362964,0.0
hao_stateful_gemini_run01,task3_hao_stateful,0.2513709985971177,0.2513709985971177,0.0
hao_stateful_gemini_run02,task3_hao_stateful,0.2137482463971432,0.2137482463971432,0.0
hao_stateful_gemini_run03,task3_hao_stateful,0.2513709985971177,0.2513709985971177,0.0
hao_stateful_gemini_run05,task3_hao_stateful,0.21158015559239893,0.21158015559239893,0.0
hao_stateful_gemini_run06,task3_hao_stateful,0.304552990689963,0.3104195893380946,0.005866598648131605
hao_stateful_gemini_run07,task3_hao_stateful,0.2960081622242061,0.2960081622242061,0.0
