id,X,Y,label,always_no_change,coexpr_sign,coexpr_sign_|r|>0.05,collectri,coexpr_r_ctrl,collectri_link
t2_000,CNN1,APOC1,up,no_change,up,no_change,no_change,0.01571,False
t2_001,SLC4A1,GYPB,down,no_change,up,no_change,no_change,0.01673,False
t2_002,TGFBR2,HBZ,up,no_change,up,no_change,no_change,0.00213,False
t2_003,PRDM1,APOC1,down,no_change,down,no_change,no_change,-0.0207,False
t2_004,CDKN1C,HBZ,up,no_change,up,no_change,no_change,0.03736,False
t2_005,SPI1,CACYBP,down,no_change,up,no_change,no_change,0.01374,False
t2_006,MAML2,POU4F1,up,no_change,up,no_change,no_change,0.00443,False
t2_007,BCORL1,GAL,down,no_change,down,no_change,no_change,-0.01196,False
t2_008,KMT2A,HIST1H1C,up,no_change,up,no_change,no_change,0.00592,False
t2_009,LHX1,HBZ,down,no_change,down,no_change,no_change,-0.01376,False
t2_010,TMSB4X,ACTG1,up,no_change,up,up,no_change,0.06091,False
t2_011,HOXB9,GAL,down,no_change,up,no_change,no_change,0.02798,False
t2_012,ZNF318,EXOG,up,no_change,up,no_change,no_change,0.00525,False
t2_013,PRTG,HIST1H4C,down,no_change,down,no_change,no_change,-0.0131,False
t2_014,RREB1,MALAT1,up,no_change,up,up,no_change,0.05917,False
t2_015,HOXC13,SSBP1,down,no_change,down,no_change,no_change,-0.00972,False
t2_016,FOXA3,GYPB,up,no_change,down,no_change,no_change,-0.00124,False
t2_017,AHR,MT-ATP6,down,no_change,down,no_change,no_change,-0.00206,False
t2_018,MAP3K21,NEAT1,up,no_change,no_change,no_change,no_change,,False
t2_019,RHOXF2,RANBP1,down,no_change,up,no_change,no_change,0.04782,False
t2_020,UBASH3B,HBG2,up,no_change,down,no_change,no_change,-0.01179,False
t2_021,FOSB,GYPA,down,no_change,down,no_change,no_change,-0.01367,False
t2_022,POU3F2,HBG2,up,no_change,up,no_change,no_change,0.00297,False
t2_023,CDKN1B,RANBP1,down,no_change,down,no_change,no_change,-0.00483,False
t2_024,COL1A1,PHGDH,up,no_change,up,no_change,no_change,0.01787,False
t2_025,CITED1,HMGB1,down,no_change,up,no_change,no_change,0.0352,False
t2_026,CNNM4,GYPB,up,no_change,up,no_change,no_change,0.00325,False
t2_027,JUN,UBE2S,down,no_change,down,no_change,no_change,-0.042,False
t2_028,KIF18B,CREG1,up,no_change,up,no_change,no_change,0.0113,False
t2_029,CEBPE,PPP1R14A,down,no_change,down,down,no_change,-0.05723,False
t2_030,CELF2,C4orf48,up,no_change,up,up,no_change,0.06585,False
t2_031,SGK1,PRSS57,down,no_change,down,no_change,no_change,-0.01671,False
t2_032,CEBPB,TMSB10,up,no_change,up,no_change,no_change,0.04448,False
t2_033,OSR2,HBG2,down,no_change,down,no_change,no_change,-0.00476,False
t2_034,CBFA2T3,SH3BGRL3,up,no_change,up,no_change,no_change,0.03511,False
t2_035,HNF4A,YBX1,down,no_change,up,no_change,no_change,0.0038,False
t2_036,TSC22D1,CLU,up,no_change,up,no_change,no_change,0.00378,False
t2_037,FOXO4,LDHA,down,no_change,up,no_change,no_change,0.006,False
t2_038,KLF1,PNMT,up,no_change,up,up,no_change,0.07147,False
t2_039,BPGM,TMSB10,down,no_change,down,no_change,no_change,-0.0129,False
t2_040,TBX2,MALAT1,up,no_change,down,no_change,no_change,-0.04464,False
t2_041,COL2A1,GAL,down,no_change,up,no_change,no_change,0.00791,False
t2_042,SLC6A9,GLUL,up,no_change,up,no_change,no_change,0.0197,False
t2_043,ZBTB25,PHF19,down,no_change,up,no_change,no_change,0.00433,False
t2_044,DUSP9,FTH1,up,no_change,up,no_change,no_change,0.01107,False
t2_045,SET,GYPA,down,no_change,down,no_change,no_change,-0.00919,False
t2_046,BAK1,LHX1,up,no_change,up,no_change,no_change,0.01239,False
t2_047,FEV,VIM,down,no_change,down,no_change,no_change,-0.00781,False
t2_048,FOXL2,MALAT1,up,no_change,up,no_change,no_change,0.0279,False
t2_049,FOXL2NB,UBE2S,down,no_change,down,no_change,no_change,-0.01374,False
t2_050,HES7,CSF3R,up,no_change,up,no_change,no_change,0.03098,False
t2_051,CLDN6,CMTM6,down,no_change,up,no_change,no_change,0.01022,False
t2_052,SAMD1,FAM83A,up,no_change,up,no_change,no_change,0.02371,False
t2_053,CDKN1A,CKS1B,down,no_change,down,no_change,no_change,-0.02537,False
t2_054,PTPN12,BLVRB,up,no_change,down,no_change,no_change,-0.00043,False
t2_055,HOXA13,KIAA0101,down,no_change,down,no_change,no_change,-0.00412,False
t2_056,ELMSAN1,HBG1,up,no_change,down,no_change,no_change,-0.01073,False
t2_057,IRF1,PRSS57,down,no_change,down,no_change,no_change,-0.02727,False
t2_058,ZBTB1,NEAT1,up,no_change,down,no_change,no_change,-0.0107,False
t2_059,CEBPA,HK1,down,no_change,up,no_change,no_change,0.00711,False
t2_060,EGR1,SH3BGRL3,up,no_change,up,up,no_change,0.10683,False
t2_061,CKS1B,UBE2S,down,no_change,up,up,no_change,0.38521,False
t2_062,FOXA1,ATF7IP2,up,no_change,down,no_change,no_change,-0.00055,False
t2_063,MAPK1,APOE,down,no_change,up,no_change,no_change,0.01455,False
t2_064,IGDCC3,ALAS2,up,no_change,up,no_change,no_change,0.03422,False
t2_065,PTPN1,PA2G4,down,no_change,up,no_change,no_change,0.01397,False
t2_066,ATL1,NEAT1,up,no_change,down,no_change,no_change,-0.00796,False
t2_067,SNAI1,HIST1H1C,down,no_change,up,no_change,no_change,0.00761,False
t2_068,ETS2,S100A11,up,no_change,up,no_change,no_change,0.04522,False
t2_069,TP73,PTMA,down,no_change,down,no_change,no_change,-0.00047,False
t2_070,ZBTB10,FTH1,up,no_change,down,no_change,no_change,-0.00034,False
t2_071,IER5L,PRDX1,down,no_change,up,no_change,no_change,0.004,False
t2_072,DLX2,RNASET2,up,no_change,up,no_change,no_change,0.00083,False
t2_073,ARID1A,PTMA,down,no_change,down,no_change,no_change,-0.02718,False
t2_074,TBX3,AVP,up,no_change,up,up,no_change,0.22743,False
t2_075,NIT1,PPP1R14A,down,no_change,down,no_change,no_change,-0.00705,False
t2_076,PTPN13,AK1,up,no_change,no_change,no_change,no_change,,False
t2_077,IKZF3,PRDX1,down,no_change,down,no_change,no_change,-0.04189,False
t2_078,CBL,CD99,up,no_change,down,no_change,no_change,-0.02436,False
t2_079,S1PR2,TMSB10,down,no_change,up,no_change,no_change,0.00932,False
t2_080,GLB1L2,TIMP1,up,no_change,down,no_change,no_change,-0.02058,False
t2_081,MIDN,RAN,down,no_change,down,down,no_change,-0.07333,False
t2_082,CNN1,SLC25A37,up,no_change,up,no_change,no_change,0.01221,False
t2_083,SLC4A1,PRDX1,down,no_change,down,no_change,no_change,-0.02886,False
t2_084,PRDM1,ALAS2,up,no_change,up,no_change,no_change,0.01584,False
t2_085,CDKN1C,HMGB2,down,no_change,down,down,no_change,-0.05454,False
t2_086,SPI1,TYROBP,up,no_change,up,up,up,0.09913,True
t2_087,LHX1,MARCKSL1,down,no_change,down,no_change,no_change,-0.01182,False
t2_088,BCORL1,KRT18,up,no_change,down,no_change,no_change,-0.01815,False
t2_089,HOXC13,PA2G4,down,no_change,down,no_change,no_change,-0.01303,False
t2_090,TMSB4X,ACTB,up,no_change,up,up,no_change,0.10592,False
t2_091,AHR,MT-ND4,down,no_change,down,no_change,no_change,-0.02105,False
t2_092,HOXB9,HES1,up,no_change,up,no_change,no_change,0.02019,False
t2_093,RHOXF2,EIF4EBP1,down,no_change,up,no_change,no_change,0.01402,False
t2_094,PRTG,ZBED6CL,up,no_change,up,up,no_change,0.05583,False
t2_095,FOSB,APOE,down,no_change,up,no_change,no_change,0.00551,False
t2_096,RREB1,FAM83A,up,no_change,up,no_change,no_change,0.04305,False
t2_097,CDKN1B,HIST1H4C,down,no_change,up,no_change,no_change,0.03636,False
t2_098,FOXA3,LYZ,up,no_change,down,no_change,no_change,-0.00435,False
t2_099,COL1A1,HIST1H2BJ,down,no_change,down,no_change,no_change,-0.02321,False
t2_100,MAP3K21,ACSM3,up,no_change,no_change,no_change,no_change,,False
t2_101,CITED1,SRM,down,no_change,up,no_change,no_change,0.03865,False
t2_102,CNNM4,GYPA,up,no_change,down,no_change,no_change,-0.00287,False
t2_103,JUN,CACYBP,down,no_change,down,no_change,no_change,-0.01783,False
t2_104,CEBPE,MS4A3,up,no_change,up,up,no_change,0.15882,False
t2_105,CEBPB,PHB,down,no_change,down,no_change,no_change,-0.04892,False
t2_106,CELF2,LST1,up,no_change,up,no_change,no_change,0.01197,False
t2_107,CBFA2T3,HBG1,down,no_change,down,no_change,no_change,-0.02049,False
t2_108,SGK1,HBG1,up,no_change,down,no_change,no_change,-0.01919,False
t2_109,HNF4A,TUBA1B,down,no_change,up,no_change,no_change,0.00042,False
t2_110,OSR2,SOCS1,up,no_change,down,no_change,no_change,-0.00432,False
t2_111,FOXO4,PPP1R14B,down,no_change,up,no_change,no_change,0.02049,False
t2_112,KLF1,EMP3,up,no_change,down,no_change,no_change,-0.02355,False
t2_113,TBX2,PRSS57,down,no_change,down,no_change,no_change,-0.00773,False
t2_114,BPGM,COL18A1,up,no_change,up,no_change,no_change,0.02405,False
t2_115,COL2A1,APOC1,down,no_change,down,no_change,no_change,-0.00312,False
t2_116,SLC6A9,HSPA8,up,no_change,down,no_change,no_change,-0.0211,False
t2_117,ZBTB25,COMT,down,no_change,down,no_change,no_change,-0.00457,False
t2_118,DUSP9,PPDPF,up,no_change,up,no_change,no_change,0.02608,False
t2_119,SET,GAPDH,down,no_change,down,down,no_change,-0.09351,False
t2_120,FEV,SVIP,up,no_change,up,up,no_change,0.06127,False
t2_121,FOXL2,MRPS15,down,no_change,up,no_change,no_change,0.00879,False
t2_122,FOXL2NB,FOXL2,up,no_change,down,no_change,no_change,-0.01754,False
t2_123,HES7,CACYBP,down,no_change,up,no_change,no_change,0.00577,False
t2_124,CLDN6,HBA1,up,no_change,down,no_change,no_change,-0.01352,False
t2_125,SAMD1,PSMA7,down,no_change,down,no_change,no_change,-0.0089,False
t2_126,CDKN1A,ALAS2,up,no_change,up,no_change,no_change,0.01648,False
t2_127,HOXA13,PSMA7,down,no_change,down,no_change,no_change,-0.01345,False
t2_128,PTPN12,GMPR,up,no_change,up,no_change,no_change,0.01063,False
t2_129,IRF1,UBAC1,down,no_change,down,no_change,no_change,-0.01851,False
t2_130,ZBTB1,FASN,up,no_change,down,no_change,no_change,-0.01211,False
t2_131,CEBPA,HNRNPC,down,no_change,down,no_change,no_change,-0.00245,False
t2_132,CKS1B,REEP6,up,no_change,down,no_change,no_change,-0.02697,False
t2_133,MAPK1,PDE4DIP,down,no_change,up,no_change,no_change,0.00296,False
t2_134,ARRDC3,PTBP1,no_change,no_change,up,no_change,no_change,0.01122,False
t2_135,ZC3HAV1,ACER3,no_change,no_change,down,no_change,no_change,-0.00454,False
t2_136,BCL2L11,UFC1,no_change,no_change,down,no_change,no_change,-0.01324,False
t2_137,RUNX1T1,RPS19BP1,no_change,no_change,down,no_change,no_change,-0.00682,False
t2_138,LYL1,DGUOK,no_change,no_change,up,no_change,no_change,0.014,False
t2_139,FOXF1,PHPT1,no_change,no_change,up,no_change,no_change,0.00884,False
t2_140,MAP4K5,HEBP2,no_change,no_change,up,no_change,no_change,0.00687,False
t2_141,NCL,ATOX1,no_change,no_change,down,no_change,no_change,-0.0024,False
t2_142,MAP7D1,HNRNPA1,no_change,no_change,down,down,no_change,-0.07455,False
t2_143,MAP4K3,RPS4X,no_change,no_change,down,no_change,no_change,-0.00984,False
t2_144,CSRNP1,SEPT2,no_change,no_change,down,no_change,no_change,-0.00787,False
t2_145,KIF2C,RPL36,no_change,no_change,down,down,no_change,-0.06092,False
t2_146,SLC38A2,MRPS12,no_change,no_change,up,no_change,no_change,0.00742,False
t2_147,STIL,SSR2,no_change,no_change,down,no_change,no_change,-0.00956,False
t2_148,ISL2,NUDT16,no_change,no_change,up,no_change,no_change,0.00793,False
t2_149,MAP2K6,SKIV2L2,no_change,no_change,up,no_change,no_change,0.01619,False
t2_150,CBARP,DSG2,no_change,no_change,up,no_change,no_change,0.01725,False
t2_151,PLK4,BSG,no_change,no_change,up,no_change,no_change,0.01485,False
t2_152,MEIS1,UQCRQ,no_change,no_change,up,no_change,no_change,0.00445,False
t2_153,MAP2K3,RPL11,no_change,no_change,down,no_change,no_change,-0.01648,False
t2_154,UBASH3A,COX7A2,no_change,no_change,up,no_change,no_change,0.00692,False
t2_155,HK2,CBX5,no_change,no_change,up,no_change,no_change,0.01334,False
t2_156,PTPN9,TONSL,no_change,no_change,up,no_change,no_change,0.00314,False
t2_157,MAP4K3,GNB2L1,no_change,no_change,down,no_change,no_change,-0.02349,False
t2_158,POU3F2,SF3B6,no_change,no_change,down,no_change,no_change,-0.00119,False
t2_159,STIL,SDF2L1,no_change,no_change,down,no_change,no_change,-0.01211,False
t2_160,PTPN13,SNX3,no_change,no_change,no_change,no_change,no_change,,False
t2_161,FOXA1,JTB,no_change,no_change,up,no_change,no_change,0.00229,False
t2_162,MAP2K6,BAX,no_change,no_change,down,no_change,no_change,-0.00208,False
t2_163,MAP2K3,RBM4B,no_change,no_change,up,no_change,no_change,0.00746,False
t2_164,HK2,TCEB2,no_change,no_change,up,no_change,no_change,0.01163,False
t2_165,TSC22D1,UQCRB,no_change,no_change,up,no_change,no_change,0.03294,False
t2_166,BAK1,C6orf52,no_change,no_change,down,no_change,no_change,-0.00201,False
t2_167,KIF2C,MRPL36,no_change,no_change,up,no_change,no_change,0.00333,False
t2_168,RUNX1T1,GYPC,no_change,no_change,down,no_change,no_change,-0.02148,False
t2_169,TGFBR2,RPS3,no_change,no_change,down,no_change,no_change,-0.00212,False
t2_170,PTPN9,STAG1,no_change,no_change,down,no_change,no_change,-0.00884,False
t2_171,MAP7D1,SUMO3,no_change,no_change,up,no_change,no_change,0.03387,False
t2_172,BCL2L11,KRTCAP2,no_change,no_change,down,no_change,no_change,-0.02931,False
t2_173,LYL1,EIF3A,no_change,no_change,down,no_change,no_change,-0.00347,False
t2_174,CBL,MAP2K2,no_change,no_change,down,no_change,no_change,-0.013,False
t2_175,KIF18B,UQCC2,no_change,no_change,up,no_change,no_change,0.01614,False
t2_176,EGR1,ATP5G2,no_change,no_change,up,no_change,no_change,0.01317,False
t2_177,GLB1L2,SNAP29,no_change,no_change,up,no_change,no_change,0.01299,False
t2_178,IGDCC3,NOC2L,no_change,no_change,up,no_change,no_change,0.01377,False
t2_179,NCL,SMS,no_change,no_change,up,up,no_change,0.16286,False
t2_180,ARRDC3,RPS18,no_change,no_change,down,no_change,no_change,-0.0228,False
t2_181,ZNF318,CMSS1,no_change,no_change,up,no_change,no_change,0.01638,False
t2_182,MAML2,POLR2E,no_change,no_change,up,no_change,no_change,0.0175,False
t2_183,PLK4,CHMP2A,no_change,no_change,down,no_change,no_change,-0.00088,False
t2_184,SLC38A2,SRPK1,no_change,no_change,up,no_change,no_change,0.01885,False
t2_185,ELMSAN1,PRDX5,no_change,no_change,down,no_change,no_change,-0.00416,False
t2_186,PTPN1,STRADB,no_change,no_change,down,no_change,no_change,-0.00492,False
t2_187,FOXF1,PSMC3,no_change,no_change,down,no_change,no_change,-0.00816,False
t2_188,MAP4K5,SPTSSA,no_change,no_change,up,no_change,no_change,0.00187,False
t2_189,ISL2,LSM10,no_change,no_change,up,no_change,no_change,0.00927,False
t2_190,KMT2A,GON4L,no_change,no_change,up,no_change,no_change,0.01476,False
t2_191,SNAI1,NUCKS1,no_change,no_change,up,no_change,no_change,0.02779,False
t2_192,S1PR2,SSR4,no_change,no_change,down,no_change,no_change,-0.01557,False
t2_193,NIT1,FKBP8,no_change,no_change,up,no_change,no_change,0.01851,False
t2_194,CBARP,HIGD2A,no_change,no_change,down,no_change,no_change,-0.00232,False
t2_195,CSRNP1,RPS9,no_change,no_change,up,no_change,no_change,0.03108,False
t2_196,ZBTB10,ATP5O,no_change,no_change,down,no_change,no_change,-0.01686,False
t2_197,UBASH3B,UQCRH,no_change,no_change,down,no_change,no_change,-0.00282,False
t2_198,MEIS1,BAG1,no_change,no_change,up,no_change,no_change,0.00622,False
t2_199,ETS2,PDIA3,no_change,no_change,up,no_change,no_change,0.00272,False
