run_id,issue,detail
gpt_run01,merged_in_clustering,"Dendritic cells: 0% strict; 36/36 cells wrong, mostly labelled 'Non-classical monocyte' -> FCGR3A Monocytes; 0% of the wrong cells sit in clusters where Dendritic cells is the majority (merged into a FCGR3A Monocytes-majority cluster)"
gemini_run01,merged_in_clustering,"CD8 T cells: 75% strict; 85/339 cells wrong, mostly labelled 'Memory CD4+ T cell' -> CD4 T cells; 0% of the wrong cells sit in clusters where CD8 T cells is the majority (merged into a CD4 T cells-majority cluster)"
claude_run02,merged_in_clustering,"CD8 T cells: 79% strict; 71/339 cells wrong, mostly labelled 'CD4 T cells' -> CD4 T cells; 0% of the wrong cells sit in clusters where CD8 T cells is the majority (merged into a CD4 T cells-majority cluster)"
gpt_run02,merged_in_clustering,"CD8 T cells: 77% strict; 77/339 cells wrong, mostly labelled 'CD4 T cell' -> CD4 T cells; 0% of the wrong cells sit in clusters where CD8 T cells is the majority (merged into a CD4 T cells-majority cluster)"
gemini_run02,merged_in_clustering,"CD8 T cells: 79% strict; 71/339 cells wrong, mostly labelled 'CD4 T cells' -> CD4 T cells; 1% of the wrong cells sit in clusters where CD8 T cells is the majority (merged into a CD4 T cells-majority cluster)"
gpt_run03,merged_in_clustering,"CD8 T cells: 68% strict; 110/339 cells wrong, mostly labelled 'CD4 T cell' -> CD4 T cells; 0% of the wrong cells sit in clusters where CD8 T cells is the majority (merged into a CD4 T cells-majority cluster)"
gpt_run03,merged_in_clustering,"Megakaryocytes: 0% strict; 13/13 cells wrong, mostly labelled 'FCGR3A+ monocyte' -> FCGR3A Monocytes; 0% of the wrong cells sit in clusters where Megakaryocytes is the majority (merged into a FCGR3A Monocytes-majority cluster)"
gemini_run03,no_cluster_info,"CD14 Monocytes: 0% strict; 486/486 cells wrong, mostly labelled 'Monocytes' -> Monocytes (unspecified)"
gemini_run03,no_cluster_info,"CD4 T cells: 0% strict; 1109/1109 cells wrong, mostly labelled 'T cells' -> T cells (unspecified)"
gemini_run03,no_cluster_info,"CD8 T cells: 0% strict; 339/339 cells wrong, mostly labelled 'NK cells' -> NK cells"
gemini_run03,no_cluster_info,"FCGR3A Monocytes: 0% strict; 150/150 cells wrong, mostly labelled 'Monocytes' -> Monocytes (unspecified)"
gpt_run04,merged_in_clustering,"CD8 T cells: 74% strict; 87/339 cells wrong, mostly labelled 'Memory CD4 T cell' -> CD4 T cells; 5% of the wrong cells sit in clusters where CD8 T cells is the majority (merged into a CD4 T cells-majority cluster)"
gemini_run04,no_cluster_info,"CD4 T cells: 0% strict; 1109/1109 cells wrong, mostly labelled 'T cells' -> T cells (unspecified)"
gemini_run04,no_cluster_info,"CD8 T cells: 0% strict; 339/339 cells wrong, mostly labelled 'NK cells' -> NK cells"
gpt_run05,merged_in_clustering,"CD8 T cells: 75% strict; 85/339 cells wrong, mostly labelled 'CD4 T cell' -> CD4 T cells; 5% of the wrong cells sit in clusters where CD8 T cells is the majority (merged into a CD4 T cells-majority cluster)"
gemini_run05,merged_in_clustering,"CD8 T cells: 0% strict; 339/339 cells wrong, mostly labelled 'NK cells' -> NK cells; its cluster 1 is a mix (CD8 T cells 59%, NK cells 37%) named after the minority type; 77% of the wrong cells sit in clusters where CD8 T cells is the majority (merged into a CD8 T cells-majority cluster)"
claude_run06,merged_in_clustering,"CD8 T cells: 79% strict; 71/339 cells wrong, mostly labelled 'CD4 T cells' -> CD4 T cells; 0% of the wrong cells sit in clusters where CD8 T cells is the majority (merged into a CD4 T cells-majority cluster)"
gpt_run06,merged_in_clustering,"CD8 T cells: 0% strict; 339/339 cells wrong, mostly labelled 'NK cell' -> NK cells; its cluster 1 is a mix (CD8 T cells 58%, NK cells 35%) named after the minority type; 80% of the wrong cells sit in clusters where CD8 T cells is the majority (merged into a CD8 T cells-majority cluster)"
gemini_run06,ran_out_or_failed,agent finished (all steps used)
claude_run07,merged_in_clustering,"CD8 T cells: 75% strict; 84/339 cells wrong, mostly labelled 'CD4+ Memory T cells' -> CD4 T cells; 0% of the wrong cells sit in clusters where CD8 T cells is the majority (merged into a CD4 T cells-majority cluster)"
gpt_run07,merged_in_clustering,"CD8 T cells: 77% strict; 77/339 cells wrong, mostly labelled 'CD4 T cell' -> CD4 T cells; 0% of the wrong cells sit in clusters where CD8 T cells is the majority (merged into a CD4 T cells-majority cluster)"
gemini_run07,no_cluster_info,"CD4 T cells: 0% strict; 1109/1109 cells wrong, mostly labelled 'T cells' -> T cells (unspecified)"
gemini_run07,no_cluster_info,"CD8 T cells: 0% strict; 339/339 cells wrong, mostly labelled 'NK cells' -> NK cells"
